CREATE TABLE `active_ui_setting` (
  `id` tinyint(1) NOT NULL DEFAULT 1,
  `theme_id` bigint(20) DEFAULT NULL,
  `updated_at` timestamp NULL DEFAULT current_timestamp() ON UPDATE current_timestamp()
) ENGINE=InnoDB DEFAULT CHARSET=utf8mb4 COLLATE=utf8mb4_unicode_ci;

--
-- Dumping data for table `active_ui_setting`
--

INSERT INTO `active_ui_setting` (`id`, `theme_id`, `updated_at`) VALUES
(1, 1, '2025-09-11 07:55:25');

-- --------------------------------------------------------

--
-- Table structure for table `ads`
--

CREATE TABLE `ads` (
  `id` bigint(20) NOT NULL,
  `title` varchar(255) NOT NULL,
  `body` text DEFAULT NULL,
  `media_url` varchar(255) DEFAULT NULL,
  `url_target` varchar(255) DEFAULT NULL,
  `created_by` bigint(20) NOT NULL,
  `start_at` datetime NOT NULL,
  `end_at` datetime NOT NULL,
  `status` enum('draft','running','paused','ended') DEFAULT 'draft',
  `created_at` timestamp NULL DEFAULT current_timestamp()
) ENGINE=InnoDB DEFAULT CHARSET=utf8mb4 COLLATE=utf8mb4_unicode_ci;

--
-- Dumping data for table `ads`
--

INSERT INTO `ads` (`id`, `title`, `body`, `media_url`, `url_target`, `created_by`, `start_at`, `end_at`, `status`, `created_at`) VALUES
(4, 'Test', 'Some text', '/uploads/ads/ad_1763538596_Gemini_Generated_Image_rvbxfkrvbxfkrvbx.png', 'https://example.com', 135, '2025-11-18 07:47:00', '2025-12-02 07:47:00', 'running', '2025-11-19 07:49:56'),
(5, 'Another one', '', '/uploads/ads/ad_1763541731_shape_cover_sport_istock-508455188-033183f45ba393ed4745b2dd1213c390.webp', 'https://example.com', 135, '2025-11-18 08:40:00', '2025-11-26 08:40:00', 'running', '2025-11-19 08:42:11');

-- --------------------------------------------------------

--
-- Table structure for table `ad_pages`
--

CREATE TABLE `ad_pages` (
  `id` bigint(20) NOT NULL,
  `code` varchar(100) NOT NULL,
  `label` varchar(255) NOT NULL,
  `created_at` timestamp NULL DEFAULT current_timestamp()
) ENGINE=InnoDB DEFAULT CHARSET=utf8mb4 COLLATE=utf8mb4_unicode_ci;

--
-- Dumping data for table `ad_pages`
--

INSERT INTO `ad_pages` (`id`, `code`, `label`, `created_at`) VALUES
(2, 'dashboard_page', 'Dashboard', '2025-11-19 07:45:49'),
(3, 'events_page', 'Events', '2025-11-19 07:46:04'),
(4, 'news_page', 'News', '2025-11-19 07:46:34'),
(5, 'marketplace_page', 'MarketPlace', '2025-11-19 07:46:55'),
(6, 'magazine_page', 'Magazine', '2025-11-19 07:47:17');

-- --------------------------------------------------------

--
-- Table structure for table `ad_placements`
--

CREATE TABLE `ad_placements` (
  `id` bigint(20) NOT NULL,
  `ad_id` bigint(20) NOT NULL,
  `page_id` bigint(20) NOT NULL,
  `position` varchar(100) DEFAULT NULL,
  `created_at` timestamp NULL DEFAULT current_timestamp()
) ENGINE=InnoDB DEFAULT CHARSET=utf8mb4 COLLATE=utf8mb4_unicode_ci;

--
-- Dumping data for table `ad_placements`
--

INSERT INTO `ad_placements` (`id`, `ad_id`, `page_id`, `position`, `created_at`) VALUES
(12, 5, 3, 'TOP', '2025-11-19 08:42:11'),
(13, 4, 2, 'TOP', '2025-12-01 14:17:51');

-- --------------------------------------------------------

--
-- Table structure for table `attending_as_types`
--

CREATE TABLE `attending_as_types` (
  `id` bigint(20) NOT NULL,
  `name` varchar(255) NOT NULL,
  `description` text DEFAULT NULL,
  `created_at` timestamp NULL DEFAULT current_timestamp()
) ENGINE=InnoDB DEFAULT CHARSET=utf8mb4 COLLATE=utf8mb4_unicode_ci;

--
-- Dumping data for table `attending_as_types`
--

INSERT INTO `attending_as_types` (`id`, `name`, `description`, `created_at`) VALUES
(2, 'Guest', 'The guest speakers of the event', '2025-09-21 10:44:00'),
(4, 'Organizers', 'The team on the ground organizing the event', '2025-10-22 01:47:36'),
(5, 'Panel discussion Moderator', 'This is the Panel discussion Moderator', '2025-10-22 01:47:54'),
(6, 'Panelist', 'These will be on the panel discussion table', '2025-10-22 01:48:19'),
(7, 'Speaker', 'These are the general speakers', '2025-10-22 01:49:11'),
(8, 'Keynote Speaker', 'This is the leading speaker', '2025-10-22 01:49:45'),
(9, 'Technical Team', 'This will help in the technical part', '2025-10-22 01:54:09'),
(10, 'Delegates', 'This is everyone', '2025-10-22 02:04:28');

-- --------------------------------------------------------

--
-- Table structure for table `audit_logs`
--

CREATE TABLE `audit_logs` (
  `id` bigint(20) NOT NULL,
  `actor_type` enum('user','company','system') NOT NULL,
  `actor_id` bigint(20) DEFAULT NULL,
  `action` varchar(255) NOT NULL,
  `object_type` varchar(100) DEFAULT NULL,
  `object_id` bigint(20) DEFAULT NULL,
  `meta` longtext CHARACTER SET utf8mb4 COLLATE utf8mb4_bin DEFAULT NULL,
  `created_at` timestamp NULL DEFAULT current_timestamp()
) ENGINE=InnoDB DEFAULT CHARSET=utf8mb4 COLLATE=utf8mb4_unicode_ci;

-- --------------------------------------------------------

--
-- Table structure for table `awards`
--

CREATE TABLE `awards` (
  `id` bigint(20) NOT NULL,
  `schedule_id` bigint(20) NOT NULL,
  `title` varchar(255) NOT NULL,
  `description` text DEFAULT NULL,
  `for_entity` enum('user','company') NOT NULL
) ENGINE=InnoDB DEFAULT CHARSET=utf8mb4 COLLATE=utf8mb4_unicode_ci;

--
-- Dumping data for table `awards`
--

INSERT INTO `awards` (`id`, `schedule_id`, `title`, `description`, `for_entity`) VALUES
(4, 139, 'best 1', 'desc', 'user'),
(5, 143, 'Best Presenter', 'This is the best presenter', 'user'),
(6, 143, 'Best film', 'this is the best film', 'company');

-- --------------------------------------------------------

--
-- Table structure for table `card_designs`
--

CREATE TABLE `card_designs` (
  `id` bigint(20) NOT NULL,
  `design_name` varchar(255) NOT NULL,
  `front_json` longtext DEFAULT NULL,
  `back_json` longtext DEFAULT NULL,
  `created_at` timestamp NULL DEFAULT current_timestamp(),
  `updated_at` timestamp NULL DEFAULT current_timestamp() ON UPDATE current_timestamp()
) ENGINE=InnoDB DEFAULT CHARSET=utf8mb4 COLLATE=utf8mb4_unicode_ci;

--
-- Dumping data for table `card_designs`
--

INSERT INTO `card_designs` (`id`, `design_name`, `front_json`, `back_json`, `created_at`, `updated_at`) VALUES
(1, 'My Card Design', '{\"version\":\"5.3.0\",\"objects\":[{\"type\":\"image\",\"version\":\"5.3.0\",\"originX\":\"left\",\"originY\":\"top\",\"left\":-1.57,\"top\":2.01,\"width\":1000,\"height\":1000,\"fill\":\"rgb(0,0,0)\",\"stroke\":null,\"strokeWidth\":0,\"strokeDashArray\":null,\"strokeLineCap\":\"butt\",\"strokeDashOffset\":0,\"strokeLineJoin\":\"miter\",\"strokeUniform\":false,\"strokeMiterLimit\":4,\"scaleX\":0.35,\"scaleY\":0.2,\"angle\":0,\"flipX\":false,\"flipY\":false,\"opacity\":1,\"shadow\":null,\"visible\":true,\"backgroundColor\":\"\",\"fillRule\":\"nonzero\",\"paintFirst\":\"fill\",\"globalCompositeOperation\":\"source-over\",\"skewX\":0,\"skewY\":0,\"cropX\":0,\"cropY\":0,\"src\":\"data:image/jpeg;base64,/9j/4AAQSkZJRgABAQAAAQABAAD/4gHYSUNDX1BST0ZJTEUAAQEAAAHIAAAAAAQwAABtbnRyUkdCIFhZWiAH4AABAAEAAAAAAABhY3NwAAAAAAAAAAAAAAAAAAAAAAAAAAAAAAAAAAAAAQAA9tYAAQAAAADTLQAAAAAAAAAAAAAAAAAAAAAAAAAAAAAAAAAAAAAAAAAAAAAAAAAAAAAAAAAAAAAAAAAAAAlkZXNjAAAA8AAAACRyWFlaAAABFAAAABRnWFlaAAABKAAAABRiWFlaAAABPAAAABR3dHB0AAABUAAAABRyVFJDAAABZAAAAChnVFJDAAABZAAAAChiVFJDAAABZAAAAChjcHJ0AAABjAAAADxtbHVjAAAAAAAAAAEAAAAMZW5VUwAAAAgAAAAcAHMAUgBHAEJYWVogAAAAAAAAb6IAADj1AAADkFhZWiAAAAAAAABimQAAt4UAABjaWFlaIAAAAAAAACSgAAAPhAAAts9YWVogAAAAAAAA9tYAAQAAAADTLXBhcmEAAAAAAAQAAAACZmYAAPKnAAANWQAAE9AAAApbAAAAAAAAAABtbHVjAAAAAAAAAAEAAAAMZW5VUwAAACAAAAAcAEcAbwBvAGcAbABlACAASQBuAGMALgAgADIAMAAxADb/2wBDAAMCAgICAgMCAgIDAwMDBAYEBAQEBAgGBgUGCQgKCgkICQkKDA8MCgsOCwkJDRENDg8QEBEQCgwSExIQEw8QEBD/2wBDAQMDAwQDBAgEBAgQCwkLEBAQEBAQEBAQEBAQEBAQEBAQEBAQEBAQEBAQEBAQEBAQEBAQEBAQEBAQEBAQEBAQEBD/wAARCAPoA+gDASIAAhEBAxEB/8QAHQABAAICAwEBAAAAAAAAAAAAAAEIBwkCBQYEA//EAGkQAAIBAwIDBAMGDgwICwYEBwABAgMEEQUGByExCBJBURNhcRQiMoGR0gkVGDZCUlVXcpSVobGzFhcjNzh0daK0wdHwGTNidoKy09QkJTVDU1ZjZXOS4SY0REaToydFZMIoR1Rmg8Px/8QAHAEBAAICAwEAAAAAAAAAAAAAAAUGBAcBAgMI/8QARBEBAAEDAgMDBwkHAwMEAwAAAAECAwQFEQYhMRJBcRMUUWGBkdEVIjIzUlOhscEHFiM1QuHwNHKSQ6LCJTay8SSCo//aAAwDAQACEQMRAD8A2pgAAAAAAAAAAAAAAAAAAAAAAAAAAAAAAAAAAAAAAAAAAAAAAAAAAAAAAAAAAAAAAAAAAAAAAAAAAAAAAAAAAAAAAAAAAAAAAAAAAAAAAAAAAAAAAAAAAAAAAAAAAAAAAAAAAAAAAAAAAAAAAAAAAAAAAAAAAAAAAAAAAAAAAAAAAAAAAAAAAAAAAAAAAAAAAAAAAAAAAAAAAAAAAAAAAAAAAAAAAAAAAAAAAAAAAAAAAAAAAAAAAAAAAAAAAAAAAAAAAAAAAAAAAAAAAAAAAAAAAAAAAAAAAAAAAAAAAAAAAAAAAAAAAAAAAAAAAAAAAAAAAAAAAAAAAAAAAAAAAAAAAAAAAAAAAAAAAAAAAAAAAAAAAAAAAAAAAAAAAAAAAAAAAAAAAAAAAAAAAAAAAAAAAAAAAAAAAAAAAAAAAAAAAAAAAAAAAAAAAAAAAAAAAAAAAAAAAAAAAAAAAAAAAAAAAAAAAAAAAAAAAAAAAAAAAAAAAAAAAAAAAAAAAAAAAAAAAAAAAAAAAAAAAAAAAAAAAAAAAAAAAAAAAAAAAAAAAAAAAAAAAAAAAAAAAAAAAAAAAAAAAAAAAAAAAAAAAAAAAAAAAAAAAAAAAAAAAAAAAAAAAAAAAAAAAAAAAAAAAAAAAAAAAAAAAAAAAAAAAAAAAAAAAAAAAAAAAAAAAAAAAAAAAAAAAAAAAAAAAAAAAAAAAAAAAAAAAAAAAAAAAAAAAAAAAAAAAAAAAAAAAAAAAAAAAAAAAAAAAAAAAAAAAAAAAAAAAAAAAAAAAAAAAAAAAAAAAAAAAAAAAAAAAAAAAAAAAAAAAAAAAAAAAAAAAAAAAAAAAAAAAAAAAAAAAAAAAAAAAAAAAAAAAAAAAAAAAAAAAAAAAAAAAAAAAAAAAAAAAAAAAAAAAAAAAAAAAAAAAAAAAAAAAAAAAAAAAAAAAAAAAAAAAAAAAAAAAAAAAAAAAAAAAAAAAAAAAAAAAAAAAAAAAAAAAAAAAAAAAAAAAAAAAAAAAAAAAAAAAAAAAAAAAAAAAAAAAAAAAAAAAAAAAAAAAAAAAAAAAAAAAAAAAAAAAAAAAAAAAAAAAAAAAAAAAAAAAAAAAAAAAAAAAAAAAAAAAAAAAAAAAAAAAAAAAAAAAAAAAAAAAAAAAAAAAAAAAAAAAAAAAAAAAAAAAAAAAAAAAAAAAAAAAAAAAAAAAAAAAAAAAAAAAAAAAAAAAAAAAAAAAAAAAAAAAAAAAAAAAAAAAAAAAAAAAAAAAAAAAAAAAAAAAAAAAAAAAAAAAAAAAAAAAAAAAAAAAAAAAAAAAAAAAAAAAAAAAAAAAAAAAAAAAAAAAAAAAAAAAAAAAAAAAAAAAAAAAAAAAAAAAAAAAAAAAAAAAAAAAAAAAAAAAAAAAAAAAAAAAAAAAAAAAAAAAAAAAAAAAAAAAAAAAAAAAAAAAAAAAAAAAAAAAAAAAAAAAAAAAAAAAAAAAAAAAAAAAAAAAAAAAAAAAAAAAAAAAAAAAAAAAAAAAAAAAAAAAAAAAAAAAAAAAAAAAAAAAAAAAAAAAAAAAAAAAAAAAAAAAAAAAAAAAAAAAAAAAAAAAAAAAAAAAAAAAAAAAAAAAAAAAAAAAAAAAAAAAAAAAAAAAAAAAAAAAAAAAAAAAAAAAAAAAAAAAAAAAAAAAAAAAAAAAAAAAAAAAAAAAAAAAAAAAAAAAAAAAAAAAAAAAAAAAAAAAAAAAAAAAAAAAAAAAAAAAAAAAAAAAAAAAAAAAAAAAAAAAAAAAAAAAAAAAAAAAAAAAAAAAAAAAAAAAAAAAAAAAAAAAAAAAAAAAAAAAAAAAAAAAAAAAAAAAAAAAAAAAAAAAAAAAAAAAAAAAAAAAAAAAAAAAAAAAAAAAAAAAAAAAAAAAAAAAAAAAAAAAAAAAAAAAAAAAAAAAAAAAAAAAAAAAAAAAAAAAAAAAAAAAAAAAAAAAAAAAAAAAAAAAAAAAAAAAAAAAAAAAAAAAAAAAAAAAAAAAAAAAAAAAAAAAAAAAAAAAAAAAAAAAAAAAAAAAAAAAAAAAAAAAAAAAAAAAAAAAAAAAAAAAAAAAAAAAAAAAAAAAAAAAAAAAAAAAAAAAAAAAAAAAAAAAAAAAAAAAAAAAAAAAAAAAAAAAAAAAAAAAAAAAAAAAAAAAAAAAAAAAAAAAAAAAAAAAAAAAAAAAAAAAAAAAAAAAAAAAAAAAAAAAAAAAAAAAAAAAAAAAAAAAAAAAAAAAAAAAAAAAAAAAAAAAAAAAAAAAAAAAAAAAAAAAAAAAAAAAAAAAAAAAAAjKHeXmBIAAAAAAAAAAAAAAAAAAAAAAAAAAAAAAAAAAAAAAAAAAAAAAAAAAAAAAAAAAAAAAAAAAAAAAAAAAAAAAAAAAAAAAAAAAAAAAAAAAAAAAAAAAAAAAAAAAAAAAAAAAAAAAAAAAAAAAAAAAAAAAAAAAAAAAAAAAAAAAAAAAAhvHgR3ueMAQ2snna27bKpu2jtKzrQndxg61xFPLhDHj8sflR8vEvf2ncPtuVtXupKVxNOna0vGpUa5fF5mG+zVqd5ubfW5dy6pcqreVbeDm31bnN9PJJQSx7PIqup8Q2rGqY+k2edyud6vVT198sC/mRRkUY9PWZ5+qFkl0JIXQktTPAAAAAAAAAAAAAAAAAAAAAAAAAAAAAAAAAAAAAAAAAAAAAAAAAAAAAAAAAAAAAAAAAAAAAAAAAAAAAAAAAAAAAAAAAAAAAAAAAAAAAAAAAAAAAAAAAAAAAAAAAAAAAAAAAAAAAAAAAAAAAAAAAAAAAAAAAAAAAAEPPgMgRLL5HWbj3DpW1tJuNb1i6hQtreOZSk/HwS822fXqOoWml2da/v60aVChBznOTwkkU240cXLviJrHuKwlKnpFpJqhTUself28v6kVDi7iqxw1iTV1u1R82n9Z9UI/UM6jCt7zzq7odLxN4h6pxF12tq11OVO0pJwtLdvlSj54834mQOyZeRo7v1Swbx6fT++ub6wqL55hZqMY+jS5KDZ6nhHuV7V4g6Rqcv8RKureo2+SjNd1/pyaA4e1m7VxDaz8qreqa4mZn18lMxsurz2i/cnfeea9i6EnCNRSjGUVlSSa9hyy/I+rYmJ5w2H3bpAByAAAAAAAAAAAAAAAAAAAAAAAAAAAAAAAAAAAAAAAAAAAAAAAAAAAAAAAAAAAAAAAAAAAAAAAAAAAAAAAAAAAAAAAAAAAAAAAAAAAAAAAAAAAAAAAAAAAAAAAAAAAAAAAAAAAAAAAAAAAAAAAAAAAAAAAAAIftIywJfsPyuK9O2ozr16kYU4JylKTwkkfo5citHaN41uLuNh7ZuM4Xcv68HyWV8BP9JB8Qa5j6BhVZd6fVTHpnuhiZmXRh25uVvPceuNVTdl/U21t26lDSbSbhVqReHcVE2v/L+nqYcoKP8AjZdfA+WmpV5ZfwV4ncaZaRq/utSGYJ92Mf6z5Z1bU8riDMqyb8/On3RHohr/AC8qvMuzVXPP8nzLEre5qtLMYKOG+fXkfvToSnoyrRk4zU5VIY65ifPRputR1BQajF1Y0/Ys5bOwpVIStaUKa95GLjBeaMTBt73Kqd+jEr50xM98Le8B+IFLfWx7WdespX1gla3S8cpcn8awZKWSjPBziHV4Z7/pO7nL6U6k1RuFl92EW+U/9H9GS8VGvTuKMK1GcZ06kVKMk+TT6M+neC9c+WNOim5P8S382r9J9q96FqPn+NtV9KnlP6S/YAFwTYAAAAAAAAAAAAAAAAAAAAAAAAAAAAAAAAAAAAAAAAAAAAAAAAAAAAAAAAAAAAAAAAAAAAAAAAAAAAAAAAAAAAAAAAAAAAAAAAAAAAAAAAAAAAAAAAAAAAAAAAAAAAAAAAAAAAAAAAAAAAAAAAAAAAAAACH0OOWcmdJvHc+n7P25fbi1OrGFGyoyqc38J45RXrbPO9dosW6rtydqY5zPqh0rrpt0zXXO0RzljntCcXf2AbfWlaNXi9b1H3lL/safSVR/oXr9hTtzlVTnXm51JvvTlLm234vzP33VvDVt87luty6vUcqtaTUYN8qcF8GKXqOtdWSXwj5e4x4gu8Q501b/AMOnlTH6+1rPV9Vqzb28T82Oj76EXWqwt6fLvcj0Moq2oJKOItcsP+/ijptFo+jpu5n8KpyWfBHbVqiqaNerk520fTpf5L5P8+GQuPY8lb7c97CtTvTNU9XQq5nS23d1IYcrm57jl4pZ/wDQ7O0g/pbQnBNvlBL4ss8/eV40NpWbcl3q1zn9J6ijWo6ft6ygkndV4SqY+0i8RT9vJnTAp+dVNMc5lzcneqInupdHr1u6tvJxT9JQ558/Mtn2WeJMt4bL+kGo3LqX+id2ipSxmdDHvH68JYb9hVKpUck1lPOc5O14J73lw54o2VedWULG9qK2r+Xo5v8AqbRfOFdTnR9TouzPzK9qav0n2O2kalOBnUXN/m1fNlsIB+dOrGrCNSEsxkk0/NHLPPB9CxO/OG2XIAHIAAAAAAAAAAAAAAAAAAAAAAAAAAAAAAAAAAAAAAAAAAAAAAAAAAAAAAAAAAAAAAAAAAAAAAAAAAAAAAAAAAAAAAAAAAAAAAAAAAAAAAAAAAAAAAAAAAAAAAAAAAAAAAAAAAAAAAAAAAAAAAAAAAACH0OLTa6gTLoU07WHFn9kOvU9h6LeP3Bpjcrxwlyq3HTu+tRX536iyHGfiBR4ccPdV3ApxV2qToWUZfZV5rEOXjhvPsTNcTuqtzcyr3FWU6lSTlKUnlyb6vPiau/aPrdWPYp06zPOvnV4ej2qZxZqnm9EYlE86uc+DuqM+7TS+Nn107etWdKUFmFV473gn4o6lVko+Z6LZ9zSo1pzu4d+1qL0c446etetGjaLE1V8o6Ne2q4uXIiXbqUaUI00+UVhI/Shdr0dxYzgnG6tq1KLa5puPJ/mIvbCpaX8bRzU4VMOnU+3h59DptSvVbTt6kG8K7pR69V3sMlq6Ka7M9n0JKK5t1c3zX9FVNK0W1qvu04VFVqN8kopc/7+s7j3Q7+rCWe7FwSivBQUeSOn3zXpadp0KNLCc5qkvPHU7rbdClKlUvb2UoW1vRw5+trGPbjPL1mFpnK35SfXt7XOVO9/sU+iH4ULb0tJ3VxP0NvBr376y9SXizze4YN0Y3dLvJ0JZ9aTZ3mqam72osJU6NP3tGlHpCPs8zq7hxrQqUpZxNNfKTtNqqunepFZFVNUTRQvh2ft7R35wv0nU51FK5tqfuO5581Up8sv2rD+MyRhZzkpp2Ht5+4txa5sC8uVGNzTV5awby5VIPE+f4OH8vkXLisG/uGc/wCUdMtXZ6xG0+Mcm2+HM/5R063dnrEbT4xycgAT6cAAAAAAAAAAAAAAAAAAAAAAAAAAAAAAAAAAAAAAAAAAAAAAAAAAAAAAAAAAAAAAAAAAAAAAAAAAAAAAAAAAAAAAAAAAAAAAAAAAAAAAAAAAAAAAAAAAAAAAAAAAAAAAAAAAAAAAAAAAAAAAAAAABBDawyX0Ou1/V7XQdEvtavqnct7K3qV6kvKMU2/0HWuqKKZqq6Q611RRTNU9IU17aPEP6a7rs9j2VfNvpMPT3EYy5OrLon7F+krlQqt1Y+s/Xd26Lndu6NV3NeOXpdSuqlfEnzim/ex+JYXxHx6beQoXdOVWKnBvEl5r1es+addzatUzbuVVz3mdvDuaH1PUvlDLryJ6TPLw7na+mws971HqtM/cLGnFvGV3nz8zzV3YOjcUHRk6ltcyTpT+Po/Wj01OVNvuelVPCwskZhWqZia2PjTVTMzPc9XoN3S1G0lp1036a3jOVCWefdcecfZ/aeC3LXlTjZ0U8Sd3DK8eTPQWMalG6p1rO9t6koNPu97Da8uZ1W8bVS3RplJL9xuqnpnHyfiel2IszXv0mErcrm7aiqZ6TEOu3wrjUtasNNpLnUlnnzxz6nsdY1Ozs6NLRrKMasLaK72fgOeOba8fA8buW7+l9zG/jh16so21DPNrL9818R915F29WdCbbce63l+a8zy0vH7dFMz0iPx3dMq75K5VMdZ5ezZzr3FSpN1ZqKbXLCwj5p1Wk8dUjtJ6ZUnRo1rmat7elBd+cvFt81FePgdVdXlFr0NnRUKa596XOcn5t+HsRN25irlSjLs9mPnPu4W7kezOM+3NbjVUKVS6p06jylmnP3k8/EzZhTl3kpJpp8zU1r1edtdWN/B4lSqZT8U000bTdk6p9OdoaLqve7zu7ChWbznnKCb/ADmzOAb0xTfxu6JifevH7PMvtRfxfRMVe93gANitlgAAAAAAAAAAAAAAAAAAAAAAAAAAAAAAAAAAAAAAAAAAAAAAAAAAAAAAAAAAAAAAAAAAAAAAAAAAAAAAAAAAAAAAAAAAAAAAAAAAAAAAAAAAAAAAAAAAAAAAAAAAAAAAAAAAAAAAAAAAAAAAAAAAh9DFHag16rt/ghua7oSSq1beNtFt4UXUnGDfxKTZlcwb2zIy/aE1upBtOFa1lyWeXpokZrNVVOn3qqevZq/JGa1XVb069VT1imfya6VVxyz7MnOlXaqRalh+Dwdeqyb5SyvDkc41eaafQ+dJt+p86eXjbaGQ9lalRq30dH1J961qZlGT/wCanjlJfGej1O0lpdBUKyTlUqSk5fbRXwcGPts1VK7qSzzjS5syHb1luDSfclSXeu7Jd6nnrOHijm1Zm3Hb7u9L4N7t2pp/q7nXxSlRq3Em0oYjHHLMn/6ZYo14ajXtZTcXV0ycu7l/YyXJHC+qegs7G2xjvQdea9cnjn8SOj0O6qPX79qX7mqMc+p5ONQt74lVcMmzeii75Oe/83xbguvplu/TtMhLKp1YRx4Zcub+RHv52turm51nVPe20Kj9FTxzqNf1GOtvUldb8q6tce9oWdVycpeLS6Hp9Y1e51atKvJS9DTx3I+CXQ5xbMzTTapnlERu6VXoppqvXOszy9jnqusXGqXDqVHiEXiFPPKK9R10p45ojl7nqVn0jKMU/afNKpJpvwz1XRfGTNq1TREU09yMuXa7nN1e6ZZsISXLuVVz+I2V9nm7ne8GtpXE4uLenU44efDK8TWbumbenxjHnL00efymzfgDpFxofB7aem3UJQqw02lOUZPLXfXeWfXzLvwPTVGXenu2j811/Z3FXyhfnu7MR+LIQANmtvgAAAAAAAAAAAAAAAAAAAAAAAAAAAAAAAAAAAAAAAAAAAAAAAAAAAAAAAAAAAAAAAAAAAAAAAAAAAAAAAAAAAAAAAAAAAAAAAAAAAAAAAAAAAAAAAAAAAAAAAAAAAAAAABxc4p93xJaydNunSL7VdKq09LvHa38IuVtWWcRqY5ZXkeV25Nuia6Y3mO6HWqrsxu7fv8AqJUk1lGAtG7SlTb97W27xI0SrTvrKo6NS4s0pJtdW4Np/Jnr0Mj6Xxn4Y6vDv2u8LCnh4cbip6CSefKeGQeBxTpOofNt3oiqOtNU9mqPVtPoYlrUMa9yprjf0Tyl7fPqGTzFTiVsClB1Z7y0ZQ58/dlP+06DVe0Fwk0eMpXG77eq4vDjb051nn/QTJC7q+BZjtXL1MR/uh6V5mPbjeu5Ee2GRsjJgDWO2PsGyco6Xoer3zXSThClB+vLln8x5W97bjw/cGwXyfJ1L3vZXsUEQ93jPRLM7VX4mfVEz+UbI27xHptmdqrsT4bz+i1OUO8intbtubrz+47EtOnR1Kj/ALD8l25N10pZuOHVvOPPlGvOL6cvBnnHG+i1dLv4T8GJVxfpNHW5Pun4Ljd71E59RUSz7e9OjNLWeG1eNPxnRvOa+KUMP5T2e3O3Hwc1aSpawtV0SXjK4tfSw+Wk5P8AMZ1jifScidqL0e3l+b0tcV6PemKYvxEz6d4/OFiMjveo81tXiPsbfFD3RtPdemanBJSkre5jKcV/lRzmPsaPRd7ny6Mm6LlF2ntUTvHq5p61et3qe3bmJj1OXezyMTdqrTp6jwE3bSpqLlStY11n/s6kZZ+SLMsP1HnuImhLc+xte0CS73u+wr0EvXKDSPDOteWxrlv00zH4MbUbPnGHdtfapmPwagFW5cn8p+tBVK1T0dKLk8N4zzPmvqFWxvbizuF3alGpKnJY8U2j86d1Uo1Y1qcu7KDzF+R8+125iZp74fMFUzTXNNT2O1K37vVWXn0az8TPX6ffuxuqd3CuoypvmsZUl4rB5bbUIaz39SsMRuIU2rmhFc2+XvoncUXTy5XNw4RT6KPefyZR2sUxctzTPX0JDG7VumJh6HdbjUnb6rb++t69FJNLHvl1R5HbNbv1NUus9aqgs+r/ANT01pVtL3Q7zSad1OpUjGVakpw7sk0ui5njtu13aaBVupr30qtSpJS8e7//AMI/OpmMbyU9d9kh2t79Nz08/ah3sKWsx0q0lyg5Va8vt5PzPRYqysaUKUXKpdVe9hde7FYX52/kPD7LpXeraxVqU4yrVZp5frb6v1GR7zVdO0juWdtR9NVpUu5OcZYw+rw/DmyQs0TZoi3RG897yt75G9yrlT3PnrU7LTrOFO+kqtwpOp6GL5Z/ymdXdX1a5ac5KMI/BhCPdjH2I416trX71Wm6kZvn7+ee98eD45zZn2bMxG9XVxVtVO1PR+mn6Pdbn3Xt3a1hFen1XUqVCOVlRzJJyfqSy/iNr+m2lOwsreyo8qdvSjSj7IrBr77IWx7jefG+jrkqadhtKzd1Xk1lOvVzGlBeT5Sl7INeJsNijZXB2LNvHrvzH0p/CG0+AcObOLcyZj6c7R4Q5AAuS/gAAAAAAAAAAAAAAAAAAAAAAAAAAAAAAAAAAAAAAAAAAAAAAAAAAAAAAAAAAAAAAAAAAAAAAAAAAAAAAAAAAAAAAAAAAAAAAAAAAAAAAAAAAAAAAAAAAAAAAAAAAAAAAAISwQ171p88nIhrKwBXntO8OKdxaR35p1BupQxTvox6OH2M/aitqpeVTKfJNv8ArNh2oWFtqVjX0+8pKpQuIOnOMlyaawyinEPaN5w/3ZeaBcpyoxl36E3z79J/BefF+D+M+fv2ocOThZMarjRtRc5Vbd1Xp9qoa9gxRX5xRHKevi85TVpRaje2jcW/h4fM+t6fps4qrQpUpxnzjhHzQqVoe8oxhKM013JLMXn1EJ2ik7W69Lp0pvr8Kmn5p9V7DWVjKqtxvVTvEKzNEVct4ft7goSkoUrenFyeE+4sZ8j469LuSa7nda5NJYwTO/1rSI965owuqGeVWC70ZrzeOh9FfU9K16m7zT5+jrwj+70ZPn+FF+KJvHyrdUxNPT0sC7biI26S6+pbKdlK4i33qM8TWfsX0Otr9cLwPR6ZUsZVpULmfooV4OnPLzCXr9TOp1PTaunupGo/f06ip4fSUcN95Y8+RL2bvztqvYj79qYp7VLpp0J1VUUUn3YOePVn/wBcnT3enWNyn6S1hLPi1h/mPVadbd69ozk4yozfoquOsYz97lry5nSXtvO0uKltUXvqcnFr2MkLdUTPZmEPkWY7Pa2eZ+lFfTrqGoaFqNxYXVKXfp1KU3GUXnOU1zXRFiODvbN3HtD3LoHFuhU1TTVP0a1eks1qEX0dRfZpeLXP24MG1I9+oo5fN4zyePzny3NLuTqUZJNwk4v1k3p2df0+5FeNVtPo7p9hpeoZWkXYu4lfZ9XdPjDaftrdG3936TQ13bWq2+oWNxHvU61Cakmv6vYdnUh34uL6NNGsLhNxV3TwW3Ktb2vUdawrNR1HSqs2qNzDOcx+0mueJL2PKZsI4V8Wtp8XduQ1zbV0u/HEbq0qNKrbT8YzX98m0dI121qdPYq+bX6PT4Ny6BxJY1mjydfzbvfHp9cNb/ao2NX4f8Y9btVQULS/qu9tsLk4VHn9OTEcqicU2+a54Ng/bx4SPdOyqG/9KtnK+0J9257izKdvL+x/pNd3fUWu82muqwa44g03zDOqpiOU849rUfFWkzpupXKdvm1T2o9v93pdm6otM1y3ufdU6Lb7vvY5TT6pryMkanbULmk9U05xlFY9NCHPD88eRhWncyo1Y1YvnBqS+IyloWtKk6V9CXeo1o4qJ8+8n1IOi1O8109fQisOY2mipOp6h9JYwu6eYtUoOSXV95c/zM+HW5wttDq0rWDxVi+6lzy5Mnia6dOjYU7TlSuYxSwua7rxjPxn5XV5aWNsqt0s07WEXhvq0uRHZv8AErt1RHses1dmaqI6Ox2p7n2tpUqXcc767eKkovDhDyT8D9K0bConO3uKkc8+7V6t+06TRa9W60ujqN036W6qTn7I5wsH30aNxczULek5P1L9PgS2PY8nRFdU856vSiN6YpjpB323jGefgcKlWMU5NruxWW/UfrdW8LSLVS8hKq/+bpvPd9rO+4WbFuuJ2/8AR9l2ykqN7XU7ucVlwtoe+qPy6LHxkjj2/OK4otxMzM7R7XvYxqr9yLVuN5mYiPauh2LuH9baHC167f0u5fbnr/TComsONLHdpx/8vP2tlgOh8ml6da6Tp9tplnTVO3taUaNOKXSMUkv0H1vmuSNxYWLGHj0WKf6Yb607DpwMW3jU/wBMbfE7xOTjnwPwu760sKErq9uaVCjTWZTqzUIxXm2zKmYiN5lmzMRG8voUm3jBPeRhDfvbE4F7C79GruqOsXkMr3NpcfTyyvByXvIv2yRXne/0R7cNy6lvw92HZ2UO81G61WtKtNx8/RU3FRf+nJERla7gYvKu5Ez6uaEzOI9Nwpmmu5Ez6I5r5upjywdZq+7Ns7fh6XXtw6ZpsPtru7hSXyyaNVm5u072gd9XCp3fETV6ak8Qt9LatI4fhiiouX+k2zqdF4Q8a9+S916bsrcep+lll1qlGo1l+LlMhK+Louz2cSzNX+erdAXONYuz2cKxVX/nqbI9a7V3APQqtShdcRLCrVp9YW0Z1c+xxTi/lPBav9EB4I2KmtNo65qE4tpd20UIv2Ny/qKyaB2D+PWsSi9Q0/StIhLD711exl8qp95oyBov0ODdFWOdwcStMtZp/Bs7OddfLJw/QdPlPX8jnasRTHrj4y6fKvEeTzs48Ux64+Mw9jefRHdnU21Z8PdWqp/BcrmnFM89ffRINQy/pZw0tu74e6L2Wf5qO70v6HDtajLva1xK1a5i+qtrOnQfyyc/0Hoaf0PDgzBp1N07yn5r3XbJP5KBxNvie7z7VMe7+7tNriq9z7VNPu/uxr/hHt3Ppwz0f8eq/wBh+9t9Ed3G5/8ACuGmm93/ALO9qZ/OjJsfofPBJLH023VL23tH/ZH51voevBefwNw7upfgXlv/AF0GdPNOJ4/6sfh8HWMPimOflY/7fg8vYfRGtElBfTLhxexl4ujdwa/Oek0n6ILwtupJart/W7KL+yjTjV/Q0fBqP0O3hxUpv6Ub63JbTxydyqFZZ/0YQPM330OarGEnpvFKE545Rr6V3U3+Eqjx8gmeKLPOYir3T8HffimzHSmr3f2Zr0Xtl8AdYpqct3z0+T5dy8tZwl+ZNGRdv8VuG26YU56BvjRLx1fgU4XtNVH/AKDfe/MUa1nsCcYdOg6mm6voGp+UKVxUpyf/AJ4pfnMe672Y+PG1qj91bB1KooLPpbLFeKXtg2jrOv61ic8rG3j1b/pufL+tYvPKxt49W/6btp8asJrMJKS80O+/UamdJ4g8ZeG84W+nbo3LofoZ5VCdarGl3k+adOfvH7GsGW9m9u/i5oUqdHc9jpW46Cfv51KPua4kvVKn7xf/AE2ZGPxth11djIoqon1wy7HGeJVPZyKJon182wzPLwClnxRWzZHbr4U7h9Hbbms9Q27cSaUpV4emoZflOHPHrlFGeNub12pu61V7tjcFhqdGSypW1eM/0FkxNUw86N7FyJ9Xf7lixNTxM6P4FyJ/N3mc+BJwUn5HJvkSDOSAAAAAAAAAAAAAAAAAAAAAAAAAAAAAAAAAAAAAAAAAAAAAAAAAAAAAAAAAAAAAAAAAAAAAAAAAAAAAAAAAAAAAAAAAAAAAAAAAAAAAAACGlgwv2k+H/wCyTa/7I7Gh3r7Sk5vurnOj9kvi6maGj87m3pXNvUt60FKFWLhKL5pp8miJ1vSrWs4NzCvdKo5eqe6fZLwybFOTam1V0lrjp1ZUp9yUsfavxydzRq0tSo+ir04ua5SUsdfjZ3PGrYNfYO87ixhTfuO7buLOaXJwb5r2o8XC6qUZxr0/hLqvM+UcjFvaPmV4t+Nppnafi1nlU1YtyaKu7q7N6Bqdq/SaLdUoZxmjOvBxl6sN8jrLvSJqvG51LRLrTLjqru3i5U5evK5Y8/UdpTu6V7S9JBLl8JeR+NeUqk+dSWXyypNGVGFTd+fbnaZ72PN2iPXDz2paTrVpD3dpNeFdfClRb5S83H+wmw3ha69p89H1SjK01O2S9G5dKkV9i/HPh7D67uOs2knGyv5vHWlcLvxfx9TorrUbK5qxWu6YrO4i04XNN8k8dcrp8Z624ysan+JHaiO+GBd8j2p7E9nfrE9H10lWq0/d2nzVVU3lypS73dfrXVdD9NwwV3Roa1TSxXXcrY8KiXPPkdPq+hXtKS1rbd/Kjc9ZypTxGt6+XLJ8+k7+jVVXQd02EaFWs8Rrwj3czXRtefrRL2Mum9tco6x1jvRl21FMzarnbfp6HJVqTcY3EOS5xnFYlHn19aOOs20vpi/QZlCtFVU/BrHNkyvLbvSs6zVWMHzxylH1rx+U+y/pxloMbihONVxaoua6xhno14E1Tc2qiuO9F26N96O+Hm6sVFtKUX6zutg8Qdy8MNz0N1bUupU7mnKKrUJZ9Fd0/GnUiuq8n1T5o6aVGbpus1iKfdy/E4SoKpY16/2UK0Iv8FqWf6iWs3qrNcXKZ2mJh74t2uxXFy3O1Uc4lsr4Z8Sdo8dth1NQtLZ+juKcrXUtPrpOdGbjiUH5rykuq8uhrd7THA/UuC+/bmyp0Jy0e/nKtpldrlKl9q/8qLeGuviep4GcX9T4O72o65Sq1J6TdYo6raxXeVSl9vFfbx6rHsL28U+HG0O0Rw0jZxuaNale0Y3WmX0Ip+jm1mMk2spPkmupd7lMcSYPdF6j8f7S2Jdop4v03szt5xb/AB/tP5tRDqZ6+XidppW4L3T6boU5KUH0UueDsOJfDzcXDDdd7tXcVnUoXFrNpNx97Vh4Ti/JnklV7ssp59hQK7NdiuaKo2mGr7uPXYuTbqiYqjlMMgaRqE9xWtSy1Cr3qtCcatJ46RXVHwbqq17u6t7GgnL0sm+6lzlzwj4doTlLU1Vi8RhSecna6tqlppD9NQhGV9UjiOefo1nqQs0TRk7Uxv6PFiRXVTXVTD1unWum6Xo9lHUKqqSo0+6qUHluWctv1eBzvNRldU/R2NzGhTj/AMy49z+d0Z47bV7Uu7Oo69Ryqqo+9JvzO27zbw/ieeZOWMbeiKq53q/BMWaPmRMP0lN/ZPx8ehensbcGHtLatPiPrtt3NY3DQVS2hL4VCzlhwT8nJYk/bgwN2VuBlxxN3ZQ3RrNu/wBjmiXMatWM1hXdVJuNNecU+637MF4t9cSNh8K9E+mu8NctNKtKce7Spya788LlCnBc5eXIvnD2nU2o8+yNopj6O/5/BsLhXSaLMfKWXtER9Hf8/g9Y/UjyW/8Aivw+4X6Y9U31umy0qljMIVJ96tV5495Sjmc+v2KePEpTxi+iDbl1v0+jcJNOWjWrbi9TuoKdzKPTMIP3sPB5eTAO1OHHGTj7uCrfaXp+q6/d15pXGpXdSTpRefs6s+SS8lnC8DLy+KKO15HAp8pV4Tt/dI5/GFuK/IabR5Sv093xlZvif9EXqTlV07hPthwiverUNUS7z5dY0YvC59O9J+tIrHuTiXxl406tGw1TWdb1+6uW1S060hOcZZ5tRo01zXxFtOFf0PDQrCNHUuKu4KuoVliUtOsM06PhylU+E/FPGPaWs2Xw62Nw909aXsva9hpNv3VGSt6KU6mOjnN++m+fWTbMWNJ1XVp7ebc7FM90fCOXvYVOi6xrU9vUbvYon+mPhHL382u/h52D+NO8I0rvcNKy2tZVEpZvp+kuHF+Kowzj2SlFljdj/Q+uE23/AEVfdepanuK4gk5RnP0FFy/Ahzx6m2WlUUs8iY4Xh+Yl8ThrT8aImae1Ppq5/wBk7hcJ6biRvVR259NXP8On4PH7V4Q8MdmUVS2zsfR7JJ5UoWsHLPn3mmz18KcIxxGCSXkjmCdt2qLUdmiIiPUsVuzbsx2bdMRHqR3UO6upIO70RhDC9ZIAjAwiQBHdXrHdRIAjCDjF8miQB1Wr7a29rlN0Na0SxvoSi44uLeNTk/auRiPeXY94I7qpydDbktGuefdq6dUdLDz17vOL+NGb3nPiDDycDGy47N+3FXjEMTIwsbKja9RFXjCi+9+wDuiyVW52Buq11Kmsyja6hF0auMdFUinGT9qijBWu7K4vcF9VVfVdJ1vbtenNKF3SlJUpvqu7Vg3Cfs7zx4o2ud3PVcj8byws9QoVLS/tKVxb1YuM6VWClCafVNPk0VnM4LxLs9vFqm3X6unuVzL4Qxbs9vGqmir1dPc1/cOe23xN2q6VluujQ3JZQaUnW/c7hR9VSKw3+EmWr4YdqLhVxPnRsLPWo6Xq1XEY6fqDVKpOTwsU5Z7tRt9En3n5I6HiR2NuFG9fTXmiWU9tahUy/SWK/cZPPjSfvUvVHBVTid2T+KfDpVb2jp/090ynmXumwTnKMfOVP4S+LPiRk3uIeH+dyPLW47+v94/Jg+U1zQ/rI8rbj2/3j8YbJFU73wWmcsmtbhd2ouKPDGdLTqmoT1nSaL7rsb+Tk4JcsQqP30MYwo80vJFy+FPab4ccU40rO3v/AKVavU5OwvJKMpS8oS6T/T6iwaVxRg6pPY37Ffonl7vSndN4ixNQ+bM9iv0Sy/16BPwZwjJNJp8mcl1LInt+9yABy5AAAAAAAAAAAAAAAAAAAAAAAAAAAAAAAAAAAAAAAAAAAAAAAAAAAAAAAAAAAAAAAAAAAAAAAAAAAAAAAAAAAAAAAAAAAAAAAACGsrBJDAxrxz4aw4h7Pqws6cVqum5uLKfdy5NfCp+yS5e3D8CkNwqtOpUt7ilKlWoycKlOaxKElyaa8GbJmuXtKo9qThJX028fEXbtlJ21Z41GnT6Ql/0mF0T6NmpP2kcK+eURquLHz6fpeuO6fZ+SqcSab5ajzm31jr8Vfad1Wtqvfo9fFeZ6G1t43tJVq9zRtFjLVSfvviiss8l7oU13oyxKPM+Z3dahWValUakn1fPJprGuV2/mz0a6nIizO9T3rudv29J0rirX1Br4K9EoRi/U28nXylt+8k4S0OPoVHvTlWqSkox9Sz1OktdWpXq7ksQq+TfX2H0OVSpRdpbxbnN9+SzzljpFef2TwTlq1TXTvE7lWX2+dER+br68rPT5Oto+kqgm8qHp5d1/E1jxPPahqGj6nP3JrmmTtJZxGpLDjn1SXQ9FG5pxzRuYOdL/ACfhQfmv7D5bzQKt7SdS2oe7aEuWYR98vanzMicGxM77zTV6UffvXZj5sbx6NnmNZ2/UrW9O4sLx+6KSxTqp/Dj5N9D4tt7wdnfPStx0pRo3KdGc+mG+ja9p3Utm7ssJOtotCrGDy5UKrXdl5+PL4j4r/SZ38JUtb0lWlxFY+HH8zTOaK7uLHYrntU+rrDAr7VVfb2mmfwl9Gqz7t27WDj6KglGl3XlSj4Sz45PzsKXuiyv7eMlFuNOec8klJ5f5zqLyz1C3tI06F5KF1bf4mbXw0vsZeDOG2920bq5rWF/Z+huatOVN9zpN+zwefIl7GXTcs8+sfo48rFM/P5P0ufRKSjSz3I+LfNvzLb9h3jHUncXXB7XLvvKFOV9o7nNtqKf7rQWcrCyppJ+MuRTKW4dLg5U6leVN024yUoPlhn47W4k3e0OImhbx0ipUpPR7uFRPo5w7y76fqaysFq0rUIwsii7TPLv8JT2jap8m5VF+mreN4ifCeraB2gez7tXjrtmenahGNlrFuu/Y6jBe+pS+1kl8KD8U/i5mrPiXw03Zwr3PcbW3dps7S6pN9yo4NU7iC+zpt9Uzcpt7WrTcehWGu2M+9b6hbU7mm/8AJlHK/SeE47cC9q8bto3Oiaxa0aOpQg3ZagoL0lCounPq456rJdNZ0O3qdvy1nlc2690th8Q8N2tYt+c2OVzb2T4/Fqg2jFUqNzXzzeIL1eZ0mpV3V1CtU9I3ibWfUey1zbGscO7vVNq7gt/c+paZdVaNxDKfNdJJptNSXdkvVJGPJ1vSTm4rMpS+V56GqbVmunIuTVHOOTSdqzX5xcpqjnE7OxsNWudNqurbSWGsSi1lNeszTwG4Wbq46a/6OMVo+2dPl39X1ecWoUqce65U4Sly77UuXl1Z0nD7gnbrQqPEni5qM9ubQbzbxnH/AIZqrXP0dvSfOSa+y6JePI/fiTx91rduk0tgbH0+O19l2i9FQ0qzeKlyuSU7ia51JNJZXT1E9j2aMXa7leynvn4QsmLj2sLa7mdO6jvq8fRH59yzHEztj7E4N7cp8Luz5p1rqNfT6fuZalP31rby8ZRxzrzznnnu5+25oqlZ2HGPtFbylOmtV3RrN1L39Sbbp0U34vlClBZ6ckvDHQzP2fOwzujfqtd08TfdGgaDPu1Kdk4928uodeaf+Ki15++x4LqX62Nw82dw30WloGy9BtdNtKaSxSgu9Ua+ynLrJ9ebLLZ03O1vavLmaLXdT/b4rdjaTqXEMxczavJ2Y6Uxy5eqP1lWHgn9D+2zt/0Gv8X7+Ou6hHuzhpdtJws6TX/SS+FWfT7WPVNSTyW20fRdI0Cyo6XommW1jaUYqFOhb0o04QS6JJLCPuaSXJIiKzh+Ra8PT8fAp7NmmI9ffPivOBpeJplHYxqIj198+MuXdXkMIkGckAjC8iQAAAAAAAAAAAAAAAABAwiQBAJAEYXkQ4QksSimcgcbQdWHuK3Zl4acUoVr6505aTrMk+5qNlFQk5Y5ekh0qLp15+TRS7ip2ceJPCO5le17SWpaVCbdLVLGMnGKTWHOPWm+fjy64bwbL8ZfgcK9CjcUp0K9KFWnOLjKE0nGSfg0+qKzq3C2Fqnz6Y7Fz0xy/BAalw7iah8+mOxX6Y5e+FB+DPbB3dsWVHRd8en3BoiShGq5L3Xbx84yfKokvCTz0w10Ls7I4g7S4iaPS1zaOtW9/bVEsqDxOk/tZxfOMvU8GCeM/Y227uxV9e4dyo6Lq025ytZJq1ryfXkucG/Vy9RVCw1HidwG3jOEPdug6vbNemoVPgVoZxzXwakHh4ayvJlat6pqvCtyLOo0zcs91X9/0lBW8/UeH64tZsdu13VfCf0ltI+MRfgYL4F9qLbHFJUtA1x0tI3J3UlQnLFK7a6+ib6vx7nXyzh4zpF+vwL/AIOfj6jZi/jVdqmfw8VyxMyzm24u2Kt4lyABmsoAAAAAAAAAAAAAAAAAAAAAAAAAAAAAAAAAAAAAAAAAAAAAAAAAAAAAAAAAAAAAAAAAAAAAAAAAAAAAAAAAAAAAAAAAAAAAAAAPl1GytdSsq1he0I1re4hKlVpyWVKLWGmfUQ1nBxVTFcTTV0lxMRMbS1/cfeD19wo3E7mx9JU0O/m5WlV8/RvxpSfmvDzRiape55VVjHibQd17U0TeWh3O3twafTu7O6g4TjNdH4NeTXgzX1xy4J7g4R6zL0tOrdaFdTfuO9UeS/yJv7GX5ng0TxhwbXpt2czFp3tVdfTT/Zq/ifQqsOqcmzG9E9fV/Z4Klb1LuXepThCMefflLupHb2ur6TpaitTv6l3KPNK3WMPPjJ9fM8XWqySwpNeWGfJUuqsXzln2lLs266Z+bVtChVXZs86IZRnvC3uf3bTLG1ckuVSou/P48nwXO4tXqqTnfziksRjTSgl8hjSWoVKb70ZSi10cXg7Cx1vVq2EoxqwXWVZqMYr8Il7Hk6fpx7WNVqVy5O0zz9XR6iV/c+5685XdWVSfdhHvTbwnlyxl+pLPrOrraXa6vTjb1JSdTw73eyn05NdCIbk2taKML2tO7uG0nCjzpRfLrLq/iF1vzTIuVvp95StKa5PuQ7uX488ZZnW66ao7NuPe70VUVfTq3dVdbc3RoE3GMqdzZZeFVqfB5vo/A+G80i0ua9O6jKlTuItTzGou8mvZ1Pw3Juq0u7SdvSvJ3FSokm1nC+NnjJ3fcfehNprxzzOtWHXNW9NW0+p4Xad52onk7fdunzheO9oU24VV79JfBkeXqvnlvPgelsd0zUVQ1KHpYJYU/skv6zjqWjWeo0nc6bUhmXN4fJv1rwZkWLlVmIt3Y9rpbveRmKbsbR6WzDsMb0lu/gDpNCvJyuNEq1dNm28+9g8w/myRYGTSWc9Eyr/0PHSJ6ZwNrV6zxVvNWuKkoNrMe73YeDf2ufDqWR3DqENK0LUNTm4920tatd954WIxb5vw6G7dLuzVgW66vsx+T6G0e9M6Xau1/ZifZs1/0+GVv2oe0tvbSNR1yvaafbVq1WpcW9NSl6KjONGMI55JPupZ55Sz5npOJGxOy32TbelWeiVN47xlGNWz0++uFOFOS6VKsYpKEc88NPOOS8TFmwe0M+Dm3t36/o9pTud37rvHStKs44p21GOZTrS8251Gox8WpZwks4/4d8NOJ3aS37Wo6fOvqF3c1fT6nqt7Julbxb5zqS8fVBc34eaodjKs02tsa3FV+uqZ367bz+bWWNl2aLPZxLUV5N2qZ3mN9t55bR03/J8l/qXFPtHb+o0+5cazq93L0Vra0Id23tKXhGEV72lTiv7W2+bvh2cuxftXhWrbdm9oUdc3VTxUp96PetrGXLHo4v4U1j4b6csJYyZO4I8Atj8DNvU9J25ae6NQqwXu7VK0F6e6n4tv7GPlBcl63lvJmHjCWC06Tw/GPV5zmfOufhH9100ThejFmMrO+fdnn6o+MuUUklhEkLoSWZcQAAAAAAAAAAAAAAAAAAAAAAAAAAAAAAAAhkgDjLHyHi+JXCfZ3FXR3pG6dNjUlFS9z3UElXtpP7KEuq6LK6PCye1ayQ1z5I8b9i3k25tXqe1TPped21bvUTbuRvE9zWxxj4B7x4M6p7qqqpe6PKona6nRi0ovPJTxzhL+vozNHZ87WtXvW2zeKV65Z7tK01afXyUaz8X/AJfy+ZbLV9I0/XNNr6Tq9jQvLO6g6dahWgpQnF9U0+pR3tDdl3UOHk627tk0K17t2UnKvQ+FVsfby50/Xza6PzNb6jo2bwvenP0mZm3/AFU/51j8lKy9LydCuTl6dzo76fV+vivVQrUrijGvQqwnTqJShOLypJ800z9kUQ7OnaYv9gXFDZ+9rqrd7dqyUKNebcqlhJ+Xi6fmvB5a8U7zadf2epWdK/sLqncW1xBVKVWnJSjOLWU011Lloeu4+t2fKWp2qj6VM9Y/ssul6rY1W127c/OjrHofUCMrzCafQnEokAAAAAAAAAAAAAAAAAAAAAAAAAAAAAAAAAAAAAAAAAAAAAAAAAAAAAAAAAAAAAAAAAAAAAAAAAAAAAAAAAAAAAAAAAAAAAAAA6nc229F3bpFxoO4NPo3lldwcKtKpHKafivJrqmdscWsvJ0ropuUzRXG8S610U3KZpqjeJUC46dk/dOxbi613ZVvX1fQEnUdOC71xbR8U0uckvNc8FcLnvwnKFSEozTxKMlhp+RuKlTUspxTTWDGXEHs3cJOJE6l1rm1qNG/nn/htm3QrZeObceUui+Ema61XgG3drm7gVdnf+menslrnWeA6b0zc0+rs7/0z09ktWVep8iPkrVJtOm5vurPvc8i6+7/AKHpKVSVXZO+MRzmNHUKPNf6cOvL1GJtX7DXHSxcpW+n6dexX/Q3cc/JIq13hfU8adptTPhza/y+EtZxqtqrMz4c/wAldprDypJc8ny1JZ556mdH2NuP9Sfd/Yjj3yhl3EEvb16HfaN2BuN2qTjHUPpZptNtZdS5UnHPXlH4jta0LUKp2izV7pednhzVLk8rFXumFYpuLfX5Dnp2jarrl3T07SdOubu5rPFOjQpOpOb9UVzZfnZP0ObbdrKNxv7d9zeyzl0LCCpxftnLL/mr2lluH/BnhtwwtY22zNp2FjNR7srn0anXny+yqSzJ+zOCxYXCOXdne/PYj3ytWncCZ16YnKnsR75/zxUU4O9gHfm7KttrHEiv+xzTG4zlarErypHPNNdKfx5fMtxtfsh8B9qaTLS7XZVG7nUp+jq3V3UlUrTykm+9nCfLPJcm2ZnUZId15z1ZdMTQsHEo7EUdrfrM82w8DhrTsCjsxbiqZ6zPPdUnXOzfxQ4KavV3r2fNzVri0ipVLjQLueVWj4xS+DJ45ro8rrzPM8Vu2beajwz1XZN1sy70jeNahUstVo3CcKdvTlHE5xzzbaawn4Pqy7kot9DH/FHgTw64v2Ltd4aJGVfu92F7bP0VzBeC765tZee68rPgY2Ro96zbqp0652Yqj6M849nfH5MLK0C/jWq6NJudiKoneiedPs76Z8OTWhwe4Dbt45bzo7d0eE6Fhp9OE9W1GUc07WM25931zw+6o+PdbfJNmz/hfwt2lwk2rbbT2hp0be3opOrVfOpcVMc6k5eLf5uh9PDzhxtfhhtqhtbaWnwtrWnKVWrNpekuK0vhVakkl3pywsvkkkkkkkl6iKafNHroui29Mt9uvncnrPwe/D/DtrR7faqje7PWfR6oTHoSQSTqygAAAAAAAAAAAAAAAAAAAAAAAAAAAAAAAAAAAAAAAB+dxRpXFGdCvSjUp1E4yhJZUk+qafU/QhrJxMbxs4mN42lTDtJdl96D7p35w8spS09t1L7Tqay6C8Z014x8XHw8DzPZy7Rd5w3vaO1d2XNSvtq5qKEJtuUrGTfwl5w818a8nfKpSjUg6c4qUZLDT6NFLe1B2c5bWr1+IWyLKT0mtJ1L+0pRz7lk3zqRX2nn9r7DWuv6Hf0W/wDLGkctudVMfpHo9Mdymarpd3Tbvyjp/LbrH9vQuZaXdrqFpRvrK4p17evCNWlVpyUozi1lNNcmmmfTHoUk7LvaBntG7o8P94XreiXM+5ZV6suVpUk/gt/aN/I362XYhUhKEZxacZc010ZcNC1uxrmP5a1yqjlVHfErFpepWtTs+Vo698eiX6AhyS8ySbSQAAAAAAAAAAAAAAAAAAAAAAAAAAAAAAAAAAAAAAAAAAAAAAAAAAAAAAAAAAAAAAAAAAAAAAAAAAAAAAAAAAAAAAAAAAAAAAAAAABxxz8TkRgDj3V44JUcE4JONnGwCCTlyAAAAAAAAAAAAAAAAAAAAAAAAAAAAAAAAAAAAAAAAAAAAAAAAAAAAAB+N1b0rqjUt7ilCrSqwcJwmsxlF8mmvFH7ENZZxMbxtLiYiY2lQjtJ8Bq3DPWv2R7dtpS25qFR91RTas6r5+jflF/Yv4jK/ZQ48T1u3p8M93Xjd/bQ/wCK7mpL/H04rnSk39lFdH4rl1XOxW59t6Tu3Q7zb2uWsbiyvaTpVYNfI0/Bp80zXjxN4fbi4Kb+enxrVYRo1Fd6ZfQ976WmpZjJNfZRaw15+po1XrGHd4Pz6dUwY/g1TtVT3Rv3frCkZ+Pc4fyoz8aP4c/Sj/PwbIs9GcjGHAbi7a8Vdn07uvOENYsO7R1Cjnn38cppeUuq9eV4GTu9yNl4WZaz7FORYnemqN1yx79vJt03bc7xLkDj3vUcjKewAAAAAAAAAAAAAAAAAAAAAAAAAAABGeeAJBxy/InKAkEZQygJBGUMoCQRnyGfPAEgjIbfgBIIyOfqONzdIAOQAAAAgCQRkhSA5AjKGUBIIyhlASCMoZQEgjKGUBIIyvAZfqAkEJ5JAAhvBGQOQIyvMZQEgjKGUBIIyhlASCM+SIy/IG7kCMjPj4DcSCHnwCeQJAAAAhvAEgjPyDKAkEZQ7wEgjJIAAAAQ3gjPmByBCfmMoCQCMv1DcSAAAAAAAAAAAAAAAAAAAAAAAAAAAAAAAAAAAAAAAAAAAAAhrnnJjjjnwosOKuzK+l+jhHVLTNxp1w+tOql8Fv7WS5NPl0fVLGSDjKKeTFzMS1nWKse9G9NUbS8r9ijJtzauRvEtb/DHfWu8FeIdPUa9GtCNtVdpqtm+TqUs4msP7JP30X5rybNiOjaxp2v6Vaa1pVzC4tLylGtRqQfKUZLKKr9sDhKrWvT4n6JbP0dWUaOqRhH4M3yhVfhh/Becc+71yfv2POKbU6vDLWK7aalcaa5y6fb01n5V8ZrbhvJvcN6pVoeVPzKp+ZM+nu9/5qhpF2vSMydOvz82foythnwORxy0cjaUdF0AAcgAAAAAAAAAAAAAAAAAAAAAAAAfBrd3VsNJvr6ioupbW1WtBS6d6MW1n5D7zqt0Jfsb1bP/APQ1/wBWzpdnaiZj0S61dJ2UK+r24wr/APLNv/i0/nk/V7cYvuZt/wDFZ/OK0r4x8por949Vjl5er3qZ5/k/blZb6vbjF9zNv/is/nD6vbjF9zNv/is/nFaflHyj949V+/qPP8n7crLfV7cYvuZt/wDFZ/OH1e3GL7mbf/FZ/OK0/KPlH7x6r9/Uef5P25WW+r24xfczb/4tP559Fp2/OK1GoneaDoNxBP4Mac4PHysrD8pOX6+RzHEmqx/16iM/Jj+uVt6f0Q3dcUvS8OtLl5tXs1/+097oH0QHh5fV4UNe2rrGm0+576tBwrLv+SisPGShWfb8g+X4zKs8X6tZnebm/jES9aNUyqZ+lu2qbL7RHB7fnoqWhb2sI3VWnGp7lupegqx7zSUWp4TllpYTbMjqeekk8mmWMpQanCUotdGuTRlHhr2lOLnC+pSp6JuSd9p1NYem6oncWzWHjGWp08OWfeSjlpZylh2XT+PaZmKc23t66f1j+6Qsa3z2vR7W0xEmCuC/a24f8WJ09IvU9ua/NqMbC7rKUK0m3hUauF33jGU4xec8mlkzmm2s5TRfcPOx8+35XHriqlN2r1F+ntW53hyABlvUIlzRIAprx67XXErhjxZ17Y+g2Oj1LDTHbKlKvQlKb9Jb0qjy1JeM2Y/+r24w/czb/wCLT+ceP7YSS7Ru78fbWP8AQqBhr5TSup6/qVnOvW7d6qIiqqIjf1yqGTnZFF6qmK523n81lvq9uMX3M2/+Kz+cPq9uMX3M2/8Ais/nFaflHymD+8eq/f1PHz/J+3Ky31e3GL7mbf8AxWfzh9Xtxi+5m3/xWfzitPyj5R+8eq/f1Hn+T9uVlvq9uMX3M2/+Kz+cPq9uMX3M2/8Ais/nFaflHyj949V+/qPP8n7crLfV7cYvuZt/8Vn84fV7cYvuZt/8Vn84rT8o+UfvHqv39R5/k/blZb6vbjF9zNv/AIrP5xH1e/GH7mbf/Fp/PK1fKPHxH7yar9/V73Hn+TH9ctmvZY4wbm40bJ1Lce6aFlSubPVZ2VNWsHCLgqNKeWm3zzN/mM1FXPofP71Guv8A/uKt/RrctGbg0C/cydOtXbs71THOVswq6rmPTVVPOXCp0KDa726eLmma3qOnUNN0F0rW7rUIOVvPLjGbis++68i/bWUaeN3/AF262v8AvG56f+LIr3G2o5Wn0WZxq5p3mrfb2I/WL92xTR5Odt9/0Z/+r24xeGmbf/Fp/OH1e3GL7mbf/FZ/OK0/KPlKB+8eq/f1e9Cef5M/1yst9Xtxi+5m3/xWfzh9Xtxi+5m3/wAVn84rT8o+UfvHqv39R5/k/blZb6vbjF9zNv8A4rP5w+r24xfczb/4rP5xWn5R8o/ePVfv6jz/ACftytDZdv8A4pUJKV/t3QrmOc4jGdPl7cs72y+iHa/7qorUeHNj7n769M6N7Lv93PPupxxnHTJULL9ZHhjmelHE+q0Tv5aZdo1HKj+tsG2x28+FGsVPRa9peraI5VIwhKpCNaGG+cpOD96l4mcdocSti79tvdOz91adqkcOThQqr0kUnhuUHiSWfFo1Ett83k+vStX1XRL2nqWjajdWF1Qkp069vVlSnBro1KPNE3h8d5dudsqmKo9XKfgzLOtXafrI3bkFJteZyXswUQ4J9uLcGg1bbbnFmnPV9NlKNOOr01i6to8+dWKWK0fg813ZJKT9+2kXZ2xufQt4aLbbh23qlG/sLyCqUq1GWU1/U10afNGwtK1rE1ejtWKucdaZ6wnMbMtZUb255+h24OOWSiXZaSqfaf7T2/8Ag5xFt9qbYs9Kq2lbSqN7KV1RlKSnKrVi+akuWIR/OWsNenb6/fqsf83rb9fcFZ4sy7+Fp03ceqaat45wjtTu12bHaonaXL6vfjFj/kzb/wCLT+cPq9uMX3M2/wDis/nFaevmPlNXTxJqu/19XvVvz/J+3Ky31e3GL7mbf/FZ/OMhcAu1vxJ4ncUtJ2Zr1jo9Oyvo13Ulb0ZRn7ylKSw3J+KKT/KZq7HT/wD4gtuL/Iuuv/gTM/Stf1K9nWrdy9VMTVETze+NmZFd6mma55y2ZpnI4pLJyNzwtwADkQ+hg7tUcaN08F9taTrG1rexq1r68lQqK6puUe6o55YaM44yVR+iD8tibbS+6U/1ZD69fuY2nXbtqdqojlLEza6rdiqqidphiX6vbjF4aZt/8Wn88fV7cYvuZt/8Vn84rT18x8pp/wDePVfv6veqsZ+T9uVlvq9+MX3M2/8Ai0/nH1aV27eL19qtnZVtN0DuXFxTpScbaecSkk8e+9ZV/wCU7Hbjf7INMXPHuyh+sR62OItUqu00zfqnnH5u1vPyZqiJrluMg24Rb6tJnI40/wDFx9iORvGid6YXOAAHYAAAAAAAAAAAAAAAAAAAAAAAAAAAAAAAAAAAAAAAADi85ORGMgdZuDQ9N3Lot7oOr28a9nf0J0K1N+MZLDx5Pya5pmu/dGg7g4NcSqljSqzheaNdxuLOvhpVaecwn7GuTXtRsj7qK5dsDhwta23b76022zeaQ/R3TjHnO2k/H8F8/jZReOtHnNw4zbP1lrnvHXbv93VW+I8GcixGRb+nRzjw/t1Zm4db0sd/7O0zdNjJKN5QTqQzzp1FynF+ySaPUFOex1xEek7hvOH2oXHdtdVTubPvdI3EV76K/Dis/wCh5suG+9nKfIm+GtXjWdOoyJ+l0q8Y+PVJaRmxn4tN2evSfGPi5ghZ8WST6SAAAAAAAAAAAAAAAAAAAAAAAADq90fW3q38Rr/q2dodXuj629W/iNf9WzzvfV1eEutXRp1SBC/vzH9+p84d6gQkEf36k+39IJnYB3Wk7J3hr1or/Q9r6tqFs5OHpra0qVId5dVmKazzR9v7V/Ej/qFuD8nVfmnvGNfqiKoonbwl6RbrnnES8wD0/wC1fxI/6hbg/J1b5p+VXhtxDpPuz2JuGL/k2s//ANpzOJkRG/k6vdJNuuOtMvOg/W6tLqxuKlne21W3r0pOFSlVg4ThJeDT5pn5f36nhMTT1dNpjqDC8iP79R/fqcdHHc50qlSjUhWo1J06lOSlCcZNSi10afgy33Zh7XtfTp2vD3itqMqtrOSpafrFaeZUm3hUqz8Y5wlPqs4fLmqff36j+/UktL1TI0m/F6xPjHdPiyMbIrxa+1RLc7CcakIzhJSjJJpp9Ucin3Yv7RF3rXc4S711N1ryjT/4luKrbnVpxjl0JS8XGKbi39imvAt/nnyN36XqdrVcanIs9/WPRPoXHFyKcq3FdLkACSZDWN2wv4Ru7/wrH+g0DDWDMnbC/hG7v/Csf6FQMNf36nz9rH8xv/76vzlRsv6+vxlII/v1H9+pGvDokHpdlcNd9cRal3S2Ttq71edioSuFb4/c1PPdzlrr3ZfIer+ph4+vn+1hq3xdz5xl28HKvU9u1bqmPTETP6PSmzcrjemmZjwYvBlD6mDj796/V/5nzh9TBx9+9fq/8z5x3+TM77mr/jPwdvN732J90sXgyh9TBx9+9fq/8z5w+pg4+/ev1f8AmfOHyZnfc1f8Z+B5ve+xPuli8YTaMofUw8ffvYav/M+cPqYePi//AJY6t/M+cPkvOn/o1/8AGfg4nHvbfQn3StV9D5/eo13/ADhq/wBGty0hXrsWbD3jw84davpG9Nv3Ok3dxrdS5pUq/d70qboUIqXJvlmMl8RYU3Xw7brtaZZouRMTEdJXDBpmnHopn0IfQ08bu+uzWn/3jc/rZG4d9DTxu/67db/lG5/WyKn+0L6ux41f+KL136NHt/R1II/v1H9+prJXY6JBH9+p6zZXCriJxFoXVzsnat3q9KynGFxKh3f3OUk2k8tdUmelqzcv19i1TMz6I5u1NNVc9mmN5eUBlD6mHj796/V/5nzh9TDx9+9fq/8A9v5xlfJmd9zV/wAZ+D083vfYn3SxeD2mu8FuLG26saGscPdcozku8lC0nVWPbDKPGVITpSlTqQlCcXiUZcmmvBrwMa7Yu2Z2uUzE+uNvzdKqK6OdUbIBH9+oz/fJ5uifXkzD2eO0PrvBPXVQr+mvttXtRe7rFPLh51aS8Jry6SXJ46rDv9+ownyfQyMTLvYN6m/ZnaqP82etq7VYriujlLclpOqWGt6ZaaxpdzTuLO+owuLetTkpRqU5xUoyTXVNNPPrPsRTjsFcWbi5t77hFrFzGStIzv8ASHJpNQcs1qS8/fSc17Z58C48enXJvfSNRo1TFoyaO/r6p71zxMiMm1FyEmvTt9fv1WP+b1t+vuDYWa8+33+/VY/5vW36+4ITjb+VT4wxNY/0sq2gj+/Uf36mmu9U0maux1/CC25+BdfqJmFP79TNXY6/hBbc/Auv1EyT0X+Y2f8AdDJw/wDUUeLZoupJC6kn0BC7wAAAVQ+iEfWJtv8AlOf6steVQ+iEfWJtv+U5/qyC4l/lV7wYWof6avwUQ8AR4f8AqP79TRKlx0Sdjtxf+0Ol/wAdof66Ot/v1Ox259cOl/x2h4/9oj2x/rqPGHe39OPGG4yn8CPsRyONP/Fx9iOR9F0fRhfoAAdgAAAAAAAAAAAAAAAAAAAAAAAAAAAAAAAAAAAAAAAAAAA+DV9Ms9c0y70i/pqpb3lKdGrHzjJYZ95xks9DrXTTXTNNUcp5OKoiqNp6Nb2v6Xq3CfiVcWVKc6V3oV+qlCfRygpKVOXslHHXzNg+ztyWu79sabuWyknS1C3jWSTzhvqvieV8RW3tnbFUK+k8QbKjFKp/xdeuMfssOVKTx15d+Lb8oo7vsb71d/t/UdlXVVel02ori3TfN0p9V8Ul+dGrOG6p4d4gv6PV9C5zp/OPw5KdpW+mancwZ+jVzj84+CyKXrORx6PmzkbUhcgAHIAAAAAAAAAAAAAAAAAAAAAB1e6Prb1b+I1/1bO0Or3R9berfxGv+rZ53vq6vCXWro06roAugPnDvUCAAD1EtifYWinwPi2l/wAr3Xh6oFie7T+1XyFeewp+8bH+V7r9FMsQb70CInTLH+2F3wuePRv6HBqHhFfIQ4wfWKP0BLdmGTs87uXYWy932rsty7U0rU6Ln6RwubWFRd/DxLmuvMq7xg7CWlXVtU1jg7duyuYLvS0m+rSnRqJL/m6ssyjJ+Um089YpFxDjL2EZqGjYWpUdm/RG/p749rHv4lnIja5HtabtW0jU9B1K40fWbGtZ31pUdKvQrQcJwmuTTT6HyGxjtX9nvT+Ju2rneGhWsaW6dIt3UhKn3Y+7aUVl0p5wm0s9155dOhroaaeH1Xmac13Rrmi5HkqudM86Z9MfFVM3FnEudmrpPSUAAhGH4vr0nVtR0LVLTWtIvKlrfWNaFxb16bxKnUi04yT9TRtZ4M8R7bitw50bedH0Ubi7oKF7Rp8lRuocqsEu9Jpd5NxTee64t9TU2XF+h+76qQvdf4dXdxFUqsI6nZwnUS9+sRqKMerbXdb8lEunBWpTjZ3m1U/Nufn3JbR7/k7vk+6V2QAbfWprG7YX8I3d/wCFY/0GgYaMy9sL+EdvD8Kx/oVAw0fPusfzG/8A76vzlRsv6+vxkABHPCVw/odv/Km+f/A07/WuC7CSXkUn+h2f8qb5/wDA0/8ATcF2U8I3ZwhP/pNv2/mt+l7zi07nL1Dl6ie8h3kWfdIbI5eocvUT3kO8hubI+QnwHeQSTOJDHPoSQs5JEOUPoaeN3fXZrX8o3P62RuHfQ08bv+u3W/5Ruf1sjXX7Qvq7HjV/4oDXfo2/b+jqQAayV2OgXf8AoeH1t7zf/wCutP1cykBeH6Hd9bW9P49afq5lo4N/nFvwq/8AjKS0n/VU+1bpLl0Jx6mcgbrW9wcYtc18qyY34ocAOGfFfT50Nw7fo0b5Q7tDUrWCpXNF4ljEkvfRTm33ZZi3zaMlkPoY+Ri2cqibd6mKon0uldui5G1cbw1J8V+F+vcIt53mztflTrVKGKlvc017yvRl8GaX2OfFPo8rnyb8cXk+iB7Qhc7W29vWjQpeksLudjXqt+/cKke9CKXik4yfxlGzRuv6bGlZ9ePT9HrHhKmZuP5rfqojoAAhujFl7rghvC42NxX2zuKhKso0b6nSrRpPEqlKo+5KPsalzNsUHlZTNM1GtUt69O4ozlCpSkpwkuqaeU18ZuD2fWrXO1NHubio6lWrYW85zfWUnTi2/lNm/s/yKpt3ceekbT7+qw6HX82ujwdwa9O31+/VY/5vW36+4NhZr07fP79dj/m/bfr7gl+Nv5VPjDK1jliyrYADTfeqYZq7HX8IHbn4F1+omYVM09jv+EDtz8C6/UTJPRf5jZ/3QycTlkUeMNmi6knGPU5H0Au8AADkKofRCPrE23/Kc/1Za8qf9EI+sTbf8pz/AFZBcS/yq94MLUP9NX4KI+AHgDRKlx0DsdufXDpf8dof66OuOx259cOl/wAdof66PbH+up8Yd7f049jcXT+BH2I5HGn8CPsRyPouj6ML9AADsAAAAAAAAAAAAAAAAAAAAAAAAAAAAAAAAAAAAAAAAAAAHF8jkDiYieo8dxZ2jT3xw91vbjUfSV7aU6MpfY1Ye+g//NFFLOAW66uyeK+kV60nTo3lX6W3UXy97UfdWfZPut+w2BySlFxfRrDNe3HPbD2fxT1qxoxcKVav7soYfSNT336cmr/2gWKsK/jaxa60VRE/nH6+9UeJbc49yznU9aZ2n84+DYOnlo5nluGe54by2Hoe5FKLqXtnTlWx0VVLFRL2TUkepNl41+nJs03qelURPvWu3XFyiK46TG4AD2dwAAAAAAAAAAAAAAAAAAAAAOr3R9berfxGv+rZ2h1e6Prb1b+I1/1bPO99XV4S61dGnVdAF0B84KBAAB3uerYt2FP3jY/yvdfopliCu3YV/eNj/K91+imWJN+aB/LLH+2F2wv9PR4AAJdlAAA4Tjl9ORq/7UuwqPD/AIza3p9nSlCyv5R1G2XdkopVV3pRTbecSys+ZtCfQo39EL0WpT3PtXcLmvR3FjWs1HylTn3s/wD3EU7jbFpvaZN3bnRMT7+U/oitYtxXj9qe5UYBdAadVQMvdlDXbnQOPO2Z20af/Dq1Sxqd/wAITg02vXyWDEJ6ThrdXFnxD2xc21V06kdXtEpR6rNWKf5mZen3vN8q1d9Ex+b1sV+Tu01eiW3oAH0QvbWN2wv4R27/AMKx/oVAw0Zl7YX8I3d/4Vj/AEGgYaPn3WP5jf8A99X5yo2X9fX4yAAjngyLwf47b04I19UuNn2ul1pavCjG493UJ1ElTc+73e7OOPhyznPgZN+r442/cvaf4jX/ANsVtBJ4+s6hiW4tWLtVNMd0SyLeXftU9miuYhZH6vjjb9y9p/iNb/bD6vjjb9y9p/iNb/bFbge/7xar9/V73fz/ACftysj9Xxxt+5e0/wARrf7YfV8cbfuXtP8AEa3+2K3AfvFqv39XvPP8n7crI/V8cbfuXtP8Rrf7YsX2T+Ou9ONtnuKvu+10ujLSatvCj7hoTppqopuXe705Z+CvLxNcb6F2fodv/Jm9/wCM2P8Aq1SwcL6xn5epUWr96qqmd+Uz6mdpuXfu5EU11TMc1xFzJIRJtiFnQ+hp43f9dutv/vG5/WyNw76Gnjd312a2v+8bn9bI11+0L6ux41f+KA136NHt/R1IANZK7HQLw/Q72v2Nb0/j1p+rmUeLwfQ8Prb3n/HrT9XMtHBv84t+FX/xlJaT/q6fb+S3uV5jK8yE+Qz6zda3pyMrzIzg63X9xaHtfSrjWtw6ta6fY20e9Vr3NVQhFets6VVxRE1VcocTMRG8q3dv7Xraz4Z6Nt+dOUq2p6qq0JLGIqjB5z7fSL5CgxlrtK8af259/wA9S051I6HpkXa6bCpHuynDPvqjXVd580nzSxnHQxKaO4lz6NR1Gu5anemOUezv9qm6hfjIyJqp6dPcAAgGEY8cG4PZDX7DdD/k62/VxNUHDfb9zurf+3tvWcITq32o0KajUeItd9N59WEzbrbUadvRhQpQjCEIqMYxWEklhJGy/wBn9mdr13u5Qn9Cp+nV3cn6mvTt9fv12PL/AOXrb9fcGws16dvr9+qx/wA3rb9fcE1xt/Kp8YZmsf6WVbAAaa71TDNPY7We0Dtzl9hdfqJmFjNXY6/hBbc/Auv1EyT0X+Y2f90MnD55FHi2ZLqciF1JPoBeIAAAKofRCPrE23/Kc/1Za8qh9EI+sTbf8pz/AFZBcS/yq94MLUP9NX4KIeAHgDRKlx0DsdufXDpfL/42h+sR1x2O3Prh0v8AjtD/AF0e2P8AXU+MO9v6ceMNxdP4EfYjkcafwI+xHI+i6Powv0AAOwAAAAAAAAAAAAAAAAAAAAAAAAAAAAAAAAAAAAAAAAAAAAABU/tn7bp0dS0HdFKl3fdFKdpWaXVxfei38Tx8RbAw52qNC+m/Ca8u4pd/TLijddObjnuNfz8/EVjjHCjO0W/b23mI7Uf/AK80VrdiMjBuU+iN/dzdJ2O9xPUNhXu36taUqmlXrlCL6RpVUpJL/SU38Zn4px2O9cVhvu/0WrUljUrJuEfBzhJNv5MlxzH4GzJzNEtTM86d6fdLz0C95bAo36xy9wAC3pkAAAAAAAAAAAAAAAAAAAAADq90fW3q38Rr/q2dodXuj629W/iNf9WzzvfV1eEutXRp1XQBdAfOCgwAAd7iWxbsK/vGx/le6/RTLEFd+wp+8bH+V7r9FMsQb80D+WWP9sLvhf6ejwgABLsoAAEZ5lKPoh+r289Q2boKf7vRpXV3Jf5E3CKfywZdZvDNcXbY3lT3RxpuNNtqlKdDQLWlYKUE1Lv85zUufNqUmuXgVPjO/FnSq6J/qmI/Hf8ARF6vXFGNNPfLAHrYANMKmHf8Pvr923yf/K9n+uidAZJ7OOix1/jdtGxqWk7ijG/jWqRS6RgnLvP1JpGTg2qr+TRbp6zMfnDvZpmuummO+YbVQAfRS+tY3bC/hG7v/Csf6FQMNGZe2F/CN3f+FY/0GgYaPn3WP5jf/wB9X5yo2X9fX4yAAjnhID3HDHg1vzi9V1CjsfTqF1LS1Slc+luYUu6qjl3cd5rPwJdPI98uxT2gH/8ALdh+UqP9pIWNKzcqiLtm1M0z3xD3oxr12ntUUzMMEgzt9RR2gP8Aq3YflKj/AGj6ijtAf9W7D8pUf7T2+QtS+4q9zv5lk/YlgkGdvqKO0B/1bsPylR/tH1FHaA/6t2H5So/2j5C1L7ir3HmWT9iWCX0Ls/Q7f+S97/xmx/1aphx9intAYf8A7N2H5So/2lmux5wZ35whstzUN8adQtJ6nWtp23oriFXvKEailnuvl8JdSxcLaVm4up0XL1qqmmN+cx6mfpuLetZEVV0zELGokhLBJtqFnQ+hp43d9dutv/vG5/WyNw76Gnjd312a2v8AvG5/WyNdftC+rseNX/igNd+jR7f0dSADWSux0DKnBrtDbv4JWOp2G2bGwuIapVp1qruYtuLgmklh+sxWDJxcu9hXfLWKuzVHf+D0t3KrVXaonaVmvq+OK/3E0P8A+nL+0fV8cV/uJof/ANOf9pWUEp+82rffz+HwZPyhk/blYa+7c/G+5lNW1TRbaEspKNl3nHPk3LqYg3pxN39xErRrbz3Vf6ooNShSq1MUoNZSaprEU8SazjOH1PMAw8nVs3Mp7N+7NUejfl7nlcyb12Nq6plPxkAEcx5B7B0PXcLeGe4uK+77Tae3racnVmpXVx3W6dtRT99Ul4YXgs83yPWxZuZFyLNuN6p5RDtTRVcq7FPVnzsG8Mautbuv+JmoW2bDQ4StLSUuk7upFd7C8e7CWX5OcWXyj06HnOHuxdC4bbQ03ZW3adSNjplL0cHUl3pzk5OU5yf20pSlJ4SWZPCSwl6RG9dB0yNJwqcf+rrPiumFjRi2Yt9/ek16dvr9+uw/zetv19wbCzXx2/4qPGfS5Jddt27f4zckVxtH/pU+MMbWP9LKtAANNd6phmrsd/wgtufgXX6iZhUzD2Rq0qXaF2ko9KlS6hLl4e5ar/qJLR5iNQszP2oe+LO1+ifXDZ2nzORxx0OR9AwvIAAIbwVQ+iESj+wbbUcrL1Ophef7mWvfQqN9ENkv2J7ST6/TGu//ALRAcUVdnSb0+pg6jO2NX4KNroB7AaLU0Ow24/8A2h0vl/8AG0P1iOvO+2HpdbW966FpNt/jbvUbelHHPm6kUe+LE1X6IjvmPzdrf048Ybfqf+Lj7EcjjBYil5I5H0VRG1MQvwADsAAAAAAAAAAAAAAAAAAAAAAAAAAAAAAAAAAAAAAAAAAAAAAec4haI9xbH17RIQU6l5p9enTT6d9wfd/Pg9GfnVgp05x800eGTai9Zrtz3xMOlyjylE0T3qBcAtXejcW9v3LmowrXHueo35TTT/OX/UkzXTC2/YrxNdnKSX0q1x0G+nKnX7v6EbErecatClVXNTgpJ/Ea3/Zpdmixk4k9aK/02/RV+FquzbuWZ7qn6p5JIXIk2etYAAAAAAAAAAAAAAAAAAAAAHV7o+tvVv4jX/Vs7Q6vdH1t6t/Ea/6tnne+rq8JdaujTony8Cc+z5QmsE5ifOHeoEIz7PlGfYTmJGUCWxbsKfvGx/le6/RTLEFd+wp+8ZH+V7r9FMsQb80H+WWP9sLvhf6ejwgAOLeOhLspyOMpKOE/E4uePExfxb7RfDfhJa1aes6vSvdXisU9Ls5qddv/ACscoLmvhefRmPkZNrFtzdvVRFMd7zuXaLVParnaHZ8beK2k8I9g6huvUKkHcqHoLG3dSMZ17iXKEYp9cfCeE8KLfgzVZquqX2tandavqdd1ru9rTr1qknzlOTy38rPXcXuLu6uMm6am49yXTjRp96nYWVOT9DZ0W/gxXi3hOUnzbXkkl4fkvI01xLrvyzfjyfK3T09frVPUc2cu5836MGfZ8oz7PlJyhmJWUfCM+wtH2BtnVNU4iapvOrSq+59EsvQU6kZR7jrVuXdknz+CpNY8upV3K9Rs47K3C6fDDhNp9tqNqqWr6xjUb9Sh3akJTS7lKXLPvIYTT6Sci18HYE5mo03Zj5tvn7e6ElpOPN3IiqelPNmUAG6Fuaxu2F/CO3f+FY/0KgYaz7PlMy9sH+Edu/8ACsf6FQMNZR8+6x/Mb/8Avq/OVGy/r6/GTPs+UZ9nyk5iRlEc8JXC+h2rvapvn/wNP/TcF2lFYKTfQ7MfTXfOP+g0/wDTcF2l0N28Ifym37fzW/Sv9NSjuod1HIFmSLj3UO6jkAOPdCgl4nIAAABD6Gnjd/1263/KNz+tkbh30NPG7sfsu1vP3Ruf1sjXP7Qvq7HjV/4oDXelHt/R1OfZ8oz7PlJyhmJrJXY6Iz7Bn2E5XqPXbH4TcROJNC6udj7XuNWpWU407idKpTj6OUk3FPvSXVJ9D1tWbl+vsWo3n0Q700VXJ2o5y8hn2DPs+Uyt9Sxx/wDvZ3//ANeh/tD8rvsx8ebK1rXlfhrqSpW9OVSbhUpTl3YrLxGM228Lok2/Ayp0vNjraq/4y9PNr32Z9zF2fYM+z5SXj1IZXmjBn0PHp1Rn2fKRnHPl8pyzEZXgwdWYeDXZc4j8Xq1HUI2b0Tb8m3PVL2GFUSaTVGn8Ko8SbUuUPeyTllYewThbwh2Vwj0NaLtHTlSckvdF1UxKvcSS+FOX9Swl4Iwx2MuPFPfO21w53Jex+n2iUl7llUm3K8tFyzl9Zw5JrOcYfnizkM5ZuThbS9Ps4tOVj/Oqq6zPdPfHqWvTMaxTai7b5zPelRx4kkgtyVCi30Q3blG13htLdcbicqupadcWEqTXvYRt6kZxkn5t3Mk/wUXpK49unZ9TcXB+GuWtFTrbdv6V3LFNyn6GadOaTXRLvRk30xAr3FONOVpV2mnrHP3c/wAmDqNubuNVTHVrv+QZ9nykprHVDMTRqmR6UZ9nynouHO6f2Eb92/u7vV1T0nUre6rRoPE50Y1E6kF+FDvR8uZ57MRy8D0s3Js3KbkdYnf3O9NU0VRVHc3L0binc0oV6M4zp1IqcJxeVJNZTT8UfrnyRVrsZ8ftO3Ntez4W7ku4UdZ0WhGhp86kkld2sViEF099CKUceKSfXJaKMsvp16G/9M1C3qWLRkWp33jn6p74XfHv05FuLlHe5554Db8iMJCTxyM97kpYKD9v3d9DVuIWjbVtas29GsHUrrvpw9JVlmPJPlJRjzzjqi4XFnittjhHtG63TuO4TdOLja2kJr0t1V5JQgn62svwXNmrTeu7tU33uzVd4a3UU73VbiVeol0hnlGCx4RilFepFD441O3bxowaZ3qr5z6oj4oTWcmKLfkYnnPXwdJn2fKM+z5ScoZiapVpGfYZM7Nej3ut8dNmW1jSjUnQ1SldzTklilS/dJvny5RhJ46+BjTK8yzvYI2d9OuJuqbur0VKhtzT+7Tn38ONxcNxhy8V6ONf2PBLaFjTlajZtx9qJ93Nk4VubuRRTHpX/JIJN+ruAAAAAAAAAAAAAAAAAAAAAAAAAAAAAAAAAAAAAAAAAAAAAAAAHFvJyOPIOGvrjXZrTOLW5qVNd3OoSuPjqJTb+WRfHa9yrzbml3MXyqWdGX8xFI+0dR9Fxl3Bywpu3kvxenz+UuPwtuHd8O9u3DeXPTqDz/oI1TwP/B1vULMen8qp+Kp6FHYz8mj1/rL1S8ySESbWW0AAAAAAAAAAAAAAAAAAAAADq90fW3q38Rr/AKtnaHV7o+tvVv4jX/Vs8731dXhLrV0adF06k/GF0B84d6gwfGPjAAzPwo7VvEXg9tRbP2xpG3bmyVzUuu/fW1edXvzxlZhVise9Xgez/wAIFxn/AOruzfxK6/3grKCYs6/qWPbi1avTFMcohl0Z2RRTFNNc7Qs1/hAuM3/V3Zv4ldf7wcZfRAOM0k1+x7Zyz4qxuv8AeCs4PSeJNWn/AK9Tn5QyvtyynurtQcdd3wlQ1DiDfWlBzlNUtOhCzSTWO65UlGc44fScpfKYuqTqVZOdSpKUpdXKTbfynEEZkZl/LntX65q8ZY9y7Xdneudz4x8YBjPLYx6x8YMv9nns9a/xu170041bLbOn1EtQ1Fxwpy6+gpZ+FUaw3jlFNN9YqWTiYd7Nu02LFO9UvS1arv1RTRG8z/nN6vsecCqvEXeNLfGvWsJbd29XVT0dSMsXd0ucILGPewfdlLPJ4UWmm8bEe6o8lyOq2ttXQdl6DZ7b25p1Oy0+ypqnSpU1jCXi/Nvq2+rO369Td2haRRo2NFqOdU86p9M/CFxwsSnEtdjv70gAnGY1jdsL+EdvD8Kx/oVAw1j1mZe2F/CN3f8AhWP9BoGGj591j+Y3/wDfV+cqNl/X1+MnxjHrAI54Sy/2ee0HV4CXWuXNPai1v6dU7eDTvfc/ovROo/8Ao597PpPVjBmv/CK3S5ftRw/Lj/3cpr6gTeJxDqODaizYubUx3bMy1n5Fmns0TtC5X+EVufvSQ/Lj/wB3H+EVufvSQ/Lj/wB3Kagyf3t1b738Ienyplfa/Bcr/CK3P3pIflx/7uP8Irc/ekh+XH/u5TUD97dW+9/CD5UyvtfguV/hFrn70cPy4/8Adx/hFrr70cPy6/8Adymowh+9urfe/hB8qZX2vwbGOz52sKvHLet3tCrsWOjK20ypqCrrUvdHecatKHc7vooYz6XOc/Y4xzLDGvn6H/8Avz6t6tt3H9KtTYMbN4Wzr+oafF7Iq3q3nmsOm3q7+PFdyd5Q+hp43f8AXbrf8o3P62RuHfQ08bu+uzW3/wB43P62RW/2hfV2PGr/AMUfrv0aPb+jqcesfGAayV2Oh8ZeD6HhFPbe82/C+tP1cyj5eH6Hd9bW9P49afq5lo4N/nFvwq/+MpLSf9VT7VvFFJEOCfLzOQN1zzW9r47ZvAqWx901OI23bWa0PX67qXcVLve572TbnyxlRm8yXXEnJcl3Uq0fGbgd67P0Xfe19Q2pr9uq1lqNGVKfJNwbXKcc9GnzT9Rqt4q8Ntd4Ub1v9n69b1IyoTc7WvKKUbq3bfcqwa5NNL4mmnhppag4v0OcC953Zj+HX19U/CVV1XC8hX5WiOUvIfGMesApaJdvtLdWt7H3Jp+69u31W11DTayrUalN4z4OL84yTcWnyabTymzalwj4n6Jxa2VY7v0bFL3RHu3Nq6inO2rL4UJNfKnhZTTwuhqWM19lvjnU4Pb2jbavcTW29ZlGjqEUk1Rl0hX9kc++/wAlvrjBbOFNc+TMjyN2f4df4T3T8Unpmb5tc7FX0ZbMsvxJPzpVI1oRq05KUJJNNPqc0blid+a2Rz6JOn3Zt6w3btzU9s6pSVS01O1qWtWLbWYzjjwafyNHcHBp5OLlEXKZoq6SVRExtLT/AL22nqexd1artPV6c43Ol3M6EnKPd78U+UkvJrD6vr4nSYfmXp7bfAmpuDSpcXNs20p32k0VDVaFOnmVa2j/AM8seNNdfDu5fLuvNFuhojXNKr0jLqszHzZ50z6Y/spWZi1Yl2aJ6dx8YAIZiv1tLq6sLmle2VzVoXFGaqU6tOXdnCSeVJNc015lkeHnbt4lbVs4advDRbLdVCjScadedR2l25ZXd79SMZQkksr4Cb5NyfPNaQ0n4Gdhanl6dV28auad/c9rORcx53tzsvdp/wBEK2BUtIz1bY24be5cV3qdvKhWgn+FKcG16+6eS3R9EN1WtRr2+zuHVtQq95egudSvJVV3c8+9Rpxjzx/2nL1lP+XkRhExc4w1a5T2YubeEQyZ1bJqjbtR7npd+cRd5cTNbluDemuV9QusdymniNOjDOe5ThHCjHm+i9by+Z5oArt27Xfqmu5O8z3ywaqqq57VXOT4x8YHqwebg9rZs07KHDGtwx4RWFvqdGVPVdbqPVb6EutKVSMVCn8FNd2nGCaecTc8PDKmdkrgLd8Tt3Ut2a9YVFtjQ6yqTqS5RurmLTjSj17yXJy9WE+uDYzGMYRUYxSSWEl0RszgfR6rfa1C9G2/Kn9ZWDR8Saf49ceDmuhJC6Emx1gAAAAAAAAAAAAAAAAAAAAAAAAAAAAAAAAAAAAAAAAAAAAAAAADj0ORxOJFHe0/BR4v6jJL4dvbv4+4l/UWu4Mc+Fm1s/cu3/1EVR7TtRVOL2pRT/xdC3i/b6NP+stfwZi48Ldrxl1Wl2/6tGquEP8A3Nn7f5zVPSP5nkf53vaIkhEm1YWwAByAAAAAAAAAAAAAAAAAAAHVbn+tzVv4jX/Vs7U6vclOpV0HU6VKMpzqWdaMYpZbk4NJI87vO3VEeh1r+jLTqugPZftM8V/vd7h/J9T5o/aa4r/e73D+T6nzT578xyp6W6vdPwUXyNz7M+540Hsv2muK/wB7vcP5PqfNH7TXFf73e4fyfU+aPMcr7qr3T8DyNz7MvGg9l+01xX+93uH8n1Pmj9priv8Ae73D+T6nzR5jlfdVe6fgeRufZl40Hsv2muK/3u9xfk+p8050+CnFytLuUeG+4py8lp9TP6B5jlT/ANKr3T8HHkbvdTLxQMh23Z544XVanQp8LtxxdWSgpVLGcIpt9XJpJL1t46nvdC7D3HbV7idLUNP0nRoxj3lVvb+M4Sfliipy+VL2mRY0bUMjlRZq90x+ez0oxL9c7U0T7lfz6tN0vU9ZvIado+n3N9dVM9yhbUZVaksc21GKbeFz9hdrZH0Pva9hVhd7/wB6XurNdyTtLCirWkpL4UZTblOcX0Tj6N48vCx+x+F/D/h1Zxstl7VsNLioqMqlOnmrUxnDnUlmc3zfOTbLJgcD5t+Yqypiin3ykbGjXq53uztH4qh8Few5q+p1bfX+LdR2FpGSmtJozTq1Un0qTXKEX5Jt+tF1dB0DRds6TbaHt/S7fT9PtI92jb0KahCCzl4S8W2231bbb5nYY8kF0Ni6Xo2JpFvsY9PPvmesp7Gw7WJG1uOfpThDCJBLsoIfJEkS6PAGsftgvPaN3f8AhWP9CoGGixXap4Z8Qtw8e906xomy9ZvrK4dn6K4t7Oc6c+7Z0YvEksPDTXxGJ/2muK/3u9xfk+p800Nq2Fk1Z96Yt1TE11c9p9MqXlWbk3657M7bz3PGg9l+01xX+93uH8n1Pmj9priv97vcP5PqfNMDzHK+6q90/Bj+RufZl40Hsv2muK/3u9w/k+p80ftNcV/vd7h/J9T5o8xyvuqvdPwceRufZl40Hsv2muK/3u9w/k+p80ftNcV/vd7h/J9T5o8xyvuqvdPwPI3Psy8aD2X7TXFf73e4fyfU+aP2muK/3u9w/k+p80eY5X3VXun4Hkbn2ZeNB7L9priv97vcP5PqfNH7TPFj73e4vyfU+aPMcrut1f8AGXMWbv2ZZm+h/wD78+rf5t3H9KtjYMUZ7D/D/e+1eLep6juTamqaZa1Nv16MK11aypwlN3Fu1FN9W0ny9TLzG3uDbddrS6aa4mJ3nrGy1aTTNOLETG3VDeDTxu767db/AJRuf1sjcNN4WTVTung/xTuNz6xcUeH2vzp1b+4nCUbCo1KLqSaa5c0RHHti7eoseSpmraaukb+hia3RVXTR2I36/oxyD2X7TXFf73e4fyfU+aP2muK/3u9w/k+p801xGDlfdVe6fggPI3O6mXjS8H0O9/8As3vNf/rrT9XMqj+0zxX+93uL8n1PmlxOwltLc+0tA3ZQ3NoF/pdS5vLWdGN3QlSdSKhNNpNLOMlk4Rxb9rVrdVdExG1XOYmO6UhpduunJpmYnbn3epadc0SRFYSRJuRbHH2GC+1ZwKocXNlS1XR7OmtzaHTlWsqkYe/uaSTcrZtdVJ845ziS5YUpZzo34IhrJh5uJbzrFWPdjlVy8PW8r1qm/RNurpLTPWo1retO3uKU6VWlJwqQnFxlCS5NNPo8+BwLb9rvs161S3THf/Dvb1e8tdYm/phaWdOVSdK56uooJPEZeOPFPlzyV6/aZ4r/AHu9xfk+p800fn6Ll4GRVYmiZ2nrETtMd0qbexLtm5NG0z6HjQey/aa4r/e73D+T6nzR+01xX+93uL8n1PmmH5jlfdVe6fg8fI3Psytp2JOPK1zSafCHc94vphptN/SarJycq9tHMnSbeVmmvg9F3MJfB522g8rOcmqXQOG/GzbOtWev6JsbcltfWNaNejVhY1U4yi8+CTx4P1Gy/hbu/Ud8bK0/Xta0G60bUqkO5eWNzBwnSrR5Swmk+6+qeOjNr8I6nfyLHmmVTMVUdJmJ5x8YWfS8iu5R5O7ExMPWkYTJBcUs4uEZLutcikfab7IN3aXtffPCTSPSWldyq32j28cOhLq50I/avn7xdH8HlyV3jhy9RF6rpOPq9nyN+PCe+GNk41vKo7NbTLKE4TdOpFxlFuLjJYafPOSDZlxh7KfDPi1KtqvuWeha/OOI6jYxSVRpSUfTUn7yosyTbXdm+5Fd9LkVD3/2M+M+zJ1a2l6VT3LYxl7ytpj71VpvC71F4mnjm+6pJebNT6nwpqGBMzRT26fTH6wrGRpd+xPzecelgkH36roOuaJXqW+s6ReWVSjUlSnGvQlT7s1yceaXNPJ8BWq6Krc7VRtKPmJpnaYAAdQB+1tZ3d7U9DZ2tavUxnu0qbm8exc/jMm7G7MnGff1WjLTNnXVlZ1lCavdQXuej3JP4acuc144im/UZOPhZGXPZsUTVv6Id7dm5dnaiJ9zFnxr4zNfADsy7p4x6jHUb+FfSdtUJRlWvalNqVx/kUU/hcvsui9vIsfwi7DOzdp1LfWeI9/Hc2pU+7NWkYOFjTlhPDi/fVsNPnLuxafOBZuztLWxtaVlZW9KhQoxUKdKnFRjCK6JJckkXzReCrk1xe1DlEc+zHf4z+iaw9Iq3i5f9zr9o7S0HZG3bHa227GFrp9hTVKjTj+dt+Lby2/NncJJBdCTZdFFNumKKI2iO5YqaYpiIgAB3cgAAAAAAAAAAAAAAAAAAAAAAAAAAAAAAAAAAAAAAAAAAAAAAAIfQhZ5nIjKAoj2jKnpeMm4GpZUZW8fZi3plx+GVt7k2Bt+2aw6enUF/MRSXjFdy1XivuWrSTlL6Z1LdLzdN+jx/NL37ctlZ6Bp1rFY9Ha0Y48veo1PwLPl9a1C/wCuI/Gr4KnoXz87Ir9f6y7JEkLqSbYWuAAByAAAAAAAAAAAAAAAAAAARhPqiQBHdj9qvkGF5IkHG0CMLyQwvJEgbQIwvJDC8kSBtAjC8kMLyJBzsIwvIkAAAAAAAAAAAAI7sc5whheSJA2EYXkhheSJBxtAjC8kMLyRIG0CMLyQwvJEgbQIwvJDC8kSBtAjC8kMLyRIG0CEkuiRIByBHdiukV8hIA4tLPRBY64POb64gbS4daRLXd36zRsLVZjDvPM6s8N92EVzk+XRFX929vulRuqttsjZDuaCjKMLrULj0bcstRkqcU8xaw8Np9SJ1DWsHS+WTciJ9HWfdCY0zh/UdY3nEtTMR39I98rhcuqSGIp4x8ZQ/Ru3pxItbqVXW9r6Hf0XFpU6PpbdqXg+85T5erBm/hV2x+H2/rmjo+4KU9uapVSjFXE1K3qT8VGryx6u8lkwsLinS82qKLdzaqfTvHumWfncG6xgW5u3LW9MdeztP4RzWCw8ciMPoiIThOClCalFrk08pmA+0P2mtR4Ibi03Q7PaNvq0b+0dy6tS7lScGpuPdwovPTJLZufY06zN/InamO/aZ/JC6fp2Rql+MbGp3rnu3iOniz/gNcilX+EH1x9OGNl+VJ/7MlfRB9bbxLhjZY8f+NJ/7Mg44x0f7yf+NXwWKeBddj/pR/yp+K6TCSWEV/4c9szhjva9p6RrEbnbt9WlGFP3Z3XRnJ4WFUTxHm8e+wZ+hLvYl1XqZOYeoYuoUeUxq4qj1fr6Fdz9Ny9MueSy6Jon1/p6XJrlnAiorng6/X9e0fbGkXWu69qFCxsLODq1q9aSjGEV/fkvFlYN7dvXb2mXkrTY+06+sU4TcZXN1W9zwksdYpJyfPzSPHP1bC0uN8quKfxn3PfTNEz9YqmnDtzVt39Ij2ytj3V1wiOXgUIpdvLinDUFXr6BoNSz7+XQjTqRn3PLv99rOPHumUuH/bs2lr17T0/fW362gSrVFCNzSq+nt4ptJd94Ul1bbxhJEXjcW6TkV+Ti5tM9N4mPxTGXwRrOJb8pNvtRH2ZiZ9y0vPBHV8z5NH1fTdd0631fSL6jeWd1BVKNejNSjOL8U0fXnD9pZYqiqN46KnMTTPZqjmLoTnCMDdoftO0eCmr6boOm6Db6zfXdKVevTqXTpKhDOI9Iy5vD5PHJJ+JjPbnb5r6hr1hY63sG2sbC4uIUri5hqEpujCTw54cFlLOXz6ZIPJ4k03FyJxb1zauJ26TPX17bLDicKarm4sZli3vRMTO+8d3q33XEznwGDhRqwuKMK1KSlCpFSi0+qfM5tvGCc3iecK9O8dYfFqmi6NrNBW+saRZX1KL7yhc0IVYp+eJJ8zxet8A+DW4rxahrHDnRatdRVPvRt1T5LpyjhfmMDb37cms7R3lr21afDuzuYaPqNzYxrS1GUXUVKpKHea9G8Z7ucczMHAHj/o/G7R7mq7WjpmtWM2rnT1X77VNv3tSLaTlF8lnHJ8vLMBZ1fSNSvziRMTX6Jp9HjCazeFtQw8WM3Itfw+XPeJ69OXOX1/UycBfvZaR/5Jf2n6W3Zr4GWlxTuaHDTR41KUlOLdNvDXqbwZKawuT9ZVPiX219W2Dv3W9nUOH9peU9JupW6rz1CUHUSSeXFQeOvmd9Qr0rSaIvZNFNMTO0T2d+fshhaXoF/WLs2sO3FVURvPSOXt2WY0zaW1tGre6NH21pVjW7vd9Jb2dOnLHlmKTO1wksYMU9njjVecb9sajuC82/S0mVjfuzVKlXdVSSpwn3suKx8PGPUeG479rHU+Dm+/2H2uy7bVIKzpXXp6l7Kk8zcljuqD6d3z8T2r1fAxsOnNmdrdXSdp/KGVY4fzr+dVp1qj+LT1jePz6LHtBor92eu0/qPG/dl/ty72hb6TGy06V6qtO8lVcmqkId3DgsfDznPgZ/bxzbwkssy8HPx9RsxkY9W9M78+nTqxdR07J0rInGyqezXG3Lr159zmm34YD9pgDip2xOHfD+5raRoMZ7j1SmmpRtZpW8JeUqvR/6Kb5mDdY7enEu6ulV0TbGh2Fv3UnSrekuJd7xfeTh6uWCKzeKtMwa5t13N5j0Rv8Aj0TWBwbrGoUeVt2uzTP2p2/Cea+PPpkZeMFOtn9vuNW5oWu99kqhRajGrdWFw5tSylKXo5JYjjLwm3ywWh2Pv/aXEbRqeu7S1ijfW1RRlJRf7pSbWe7OPWMvU/JmZp+t4OqTMY1yJmO7pPulganw/qGj7Tl25iJ7+se+HpgASyHAAAAAAAAAAAAAAAAAAAAAAAAAAAAAAAAAAAAAAAAAAAAAA/KtNQpTm30i3+Y/U8txM1h6DsDcGrQq+jqUNPrOlLyqODUP5zR4ZV2LFiu7PdEy87tcW6JrnujdRjTq1TdHEiheSipS1PWVXkvP0lbvP9LNhVGHcpQgvCKSXxFFOz9pP034saFB8429V3Uk/FRi2XvSSxhGtv2Y25qxsjLq/rr/AC5/qrfDFEzauXZ76hZORBJtBaAAAAAAAAAAAAAAAAAAAAAAAAAAAAAAAAAAAAAAAAAAAAAAAAAAAAAAAAAAAAAAAAAAARJNnyanf2elafcanf16dC2tKU69arOSjGEIpuUm3ySSTPrZiftT6zeaFwE3dfWLiqlS1p2cu8sr0detCjU+PuVJY9ZjZl/zXHrv/ZiZ90bsnCx/O8m3Yj+qqI987KFcaeLmu8Yd43Wu6hc1o6dSqShplnLlG3oZ97mKbXfaw5PL58s4SPTcD+zDvHjPay12F9R0XQKdSVL3dWpOrOtUiuapU8x7yTwnJtLOcZaaMNPzwbZOGe3LDaWwNv7c02UJ29hp9GiqkIqKqtRXeqNLlmTzJ+bbNS8N6bHEWbcv5s9qI5zz6zP6N08WatXwtgWsbT4imZ5R37RH6qv7i+h/RjpvpNq8QpyvqVJv0V/Z4pVqvgu/CWacf9GbKm7m2zr2ztcutt7l02rYajYz7lejUxlPwaa5NNc01yafJm3jKzhlHe37pljb7z2vqdC3jG5vNPrwrVFnM4wqR7qfs70vlJjirhvCwsPzzFp7PZmN43nbntCD4M4r1DUM7zHMq7cVxO07RvG0b93c972JuM19uvSLvhnuO4nXvtEoK50+4qTlKdW073dlCWVy9HJwxmTbU0sLuZePO34kt/7bwv8A8pl+tkeE7H1SpT4/beUJSxUp3cZd19V7nqPD+RP4j3fb8eeIG3P5Jl+tkY1ebdzeFpm7O801RG/p2ll06fawOMqYtRtFVM1beiZid/iwvwW4XS4w76obKhra0mVa3rXHul2/p8dxZa7nej18+98Rn+9+h86pTs69XTuKFvXuo05OjSraQ6UJzxyjKarScU31ai8eTMRdljeu2NgcXLTce79Vhp2nU7K5pSrzpzmlKUcRWIJvm/UXK1LtccBbGwr3lHe0b2pSg5Rt6FpX9JVePgx70Es+1o8+G8HRsnAmvUJpiveetW07bR3bvXizUNexdRpo0yKpt9mmeVO8b7z1nbw72urcm3dW2nr19tvW7d29/p1eVCvDnhSi+q8WmuaeFlNF8OxVxI1HenDe627rV1WuLvbFeFvCtV985WtRN0ouTbcnHuzj4YiormUj4lbylxB31rW8pWnudardSrRopt9yKSjFZ8XhLPrLUdi/R9Y0DhNvveTi6NLUIy9wzcWnKVvRqd6azyce9NJNZ5xkvAxeE7s2NXqox53t7Vb+uI5x+LN40sxk6HTVkxEXd6dvGdt9vZuxT2r+NmpcRN8Xe1tL1Ffsa0KvKhQhRliNxWjynVk02p8+UX0S8E8s8bwa4Gbx406tUs9vqjaWFnKHu7ULjPo6Kb6Riuc54y1HkuXOUc5Me3NxVu7mrd159+rWnKpOXnJtt/neTY52Qdu6dofBDRbyyhH02rSq3lzPCy5ubillc2korHtOmk4s8UarXXlTvTzmfDuiHfW8z9z9FotYVMRVO0RPr6zM+ti+P0PvSfpb6KXEm8eopvFdadFUEvD9y7/e6f5ZhrcPZF4u6Nvuz2XY6bS1KlqEpO21Si3G2jSjjvVKrw3S7qaynlt4Ue82s7IHnwMGbu7XvCrZO6NS2nrNvrjvdKuJW9d0bWMoOa64ffWV8RbtT4a0Sxbpqvfw43679fUoukcWcQ5Fyumx/Fnbp2d9vXy273s+DHCay4O7MpbXtNXvNRm5utXq1pNQdRpZ9HDLUI+pc/Fts9vqF7R02xr393UVOjb05Vakn0jGKyzzXDDidtziztn9lm2IXcLJXNS1xdU1Cffgk3yTfL3yMT9tbiPHaPDFbWs7hw1DdVSVtFR6q2hh1n0xzUoQx1/dMroWC7l42nabORZn+HTTy9fo96uWcPL1XVoxr+/laqtqt+70+5Sni3vu54lcQ9Z3bXqd6neXEo2yTliNvHlBLKTXvUnj1nndW0fUtEuo2Wq2sretOhRuYwbTzTq041IPly5wnF+rOHzR6rgtw/qcTeJmh7RnRqStLi4VW/lBS95aw99Vbkl7zKXcTfLvTiWG7d3DmFtPQuImmW7VNU1pd3GEH3YRjmVJ8uUVzkvXlGoKdNv6hiX9UqnpV79+c/o3lOq42mZ2PotEcpp5erb6Pv2lmLsk8TY8ROFNpa3lXvart1rTbxSlmU4xS9FV+E5PvQwm3jM4zwsIzcuprg7I3E18PuK1vp97cej0rccY6fdd54jGplujUeWukn3cvoqkjY8ms9TaPCupfKOn0zXPz6fmz+nvhp3jDSvkvU64ojaiv50e3rHslqm4z/vvb3/zh1H+k1DqNk7y13YO57Hde3bqVC8sKqqRw2o1I9JQljrFrKa55Xgdvxn/AH3t7/5w6j/Sah1NPZW5K+zKm/rbT5VtFt796dcV6fvvQVe5CUe+vCMvSJKXTvcnhtZ1Df8ALU51y5Z37VMzPLx6t44/kJ061byNuzVTTHPv3iOXtbNeEPFrbfF/alHceg1PR1YpU7yzm16S1rY5xl5ryl4rny5pa9e0d+/lvJf95y/1Yn48FuM24ODO6Y63pebmwuGoahZSeI16fmn4TXg/lyj5ONevabujinuLcmj3Ebiy1K6VzQqR8YzhFr2PnzXXPsLDrWvU6xpVumv62ir53r5dYVfQOG69B1m7Vbj+DXT82fRz6Stt2As/tba/5fTyX6iiYT7cH79z/km2/wBaoZr7AS//AA23A/8AvyX6iiYU7cH79z/km2/1qhJ6l/7Ws+MfqiNH58ZZHhV+UO67Av76OurPXQKn9IomU+2txivdobeteHm3rudvqGvU5VL2tTnKM6dmnjuJ461HlPEk0ovwkYs7Av76Ou/yDU/pFE8z20a86vHjUoznJxpWVooRbykvRJvHlzeTxs51zB4Viq1O01VTTv6pmd/yZGRp1rUOMpi/G9NFFNW3p2iNvz39jDe39v63urWLbb23tPrX+oXs1So0KSzKbfrysLxbfJLmy2O1ewBUq2Ma29N+uldVKeXb6da5hSnz5ekm/frGPsI+PXqea7BWmWN3xF1zUK9FTuLLTF6Cb6w780pfKkXu8PaZPCnDeHnYnnmVHbmqeUd0bMXjTivP0/N8xw6uxFMRvPKZnfx7mu7i92QN/cNqVHVNBrvdOm1qsKDla20oXNKpOSjBSpJyym5JKUW+fVR5ZsN2U+zrrvCmjcbr3bqVWnq2pUVD6WUKz9DQh1/dccp1P5seeG85Vinz5L85PN8vzlnweFsHAzPO7W+/dHdHpVHP4x1LUcCMG/MbT1nbnMd0f/TmACyqoAAAAAAAAAAAAAAAAAAAAAAAAAAAAAAAAAAAAAAAAAAAARlASYa7U+uLS+F9XT4Tip6pdUqDi+rgn3m18cY/KZkyiqXa+3FTute0jbVGpn3FQlcVl9rKbwvzR/OVPjbOjA0S/Xvzqjsx7eSK1q/5DBrnvnl7+T5+yDoaut3arrlSnmNjaqnCXlOcv7FItsYQ7J+3fpZw8q61UpYqateTnGWfhU4e8X85TM3nXgXCnC0OzTVG01b1T7ebrodjyGDRE9Z5+8ABbkuAAAAAAAAAAAAAAAAAAAAAAAAAAAAAAAAAAAAAAAAAAAAAAAAAAAAAAAAAAAAAAAAAACG0eX4m7Thvrh/r+0ZRoueqafWt6Mq0O9GnWcX6OpjzjNRkn1TimuaPUNZI7vyHndtxdomiqOU8vY72rlVm5Tcp6xMTHsae9QsLzSb240zUbadvd2lWdCvRmsSpzi8Si/Wnkvf2Ve0NtPXNj6XsPc+q2mma3olvGxoxrT9FTubelHFOcZSeO8oLElnrFvkmkcO0n2T48Q69TenD5W9ruFpu7taku5Sv0lyal0jU5JZfJ+LWMlKdz7E3lszUJaVunbGo6Zcwy+7XoSSkk2u9GXOM45T99FtPwZqOmzqPB+bVcoo7VueXqmO7n3TDd9V/S+OcCm1Xc7FyOe3fFXfynrEtp+ub42dt7T6mqa1ufTLS1p03Vc6l1BZgvFc8v4jXX2k+M1PjLvr6YaZTqU9F0um7XT41YpSmnLM6rWMx7zxybeFFdG2jF06moah3ac53Fy4JqEZOU8LHReXQypwo7MnEziheW9X6U3Gi6HPE56pfUXCLg+jpQeJVW/Ne9Xi149tT13P4lpjDxrMxT37c9/g89J4c03hGqrOy78TVttEzy28I57y9t2G9iX2ucTLje8qdWFht22nD0n2NS4rRcFTy+uIOcnjpiGfhHZdv36/9t/yTL9bIt5w14b7f4WbRs9n7bpyVtb5nUq1OdSvVfwqk35v5EkkuSSKj9ve3ubjf23Z0LatNR0meXGDf/Oy8ia1LSatL4cnH61bxM+O/P3K9pet06xxXTl9KIiYjflyiOW/j1Vu2vtPcW9NWhoW19KrahfzhKpGhSWZOMVmT+I+7ePDne/D+VrHeO3LvS/dqm7f08Vip3cd7Hs70flRlnsWWl1R462Mq1tVpx+l93zlBpf4v1l0ONHCnSuLuxb3a9+oU7ru+msbt01KVvXj8GSz4Po1lZTayQGlcLfKemVZMTMXImYiO6dohZtZ4ynSNXt4sxE2piJmesxvMx+DXVwX2ZtjiDxD0zae7NdraTZ38u5CrSgpSq1crFJN8oOS7yUmnzwsPJs30bZ+3dvbWpbL0TSqFno9vbO1p20F730ck1LLfOTlluUm25NttttmqfWNsbm2rrd3pGp6ZeWeoabXdKovRyUqc4vk0/Lo014YaNhfZi4zVeKuyYWWvy9FuXRoxoXsJRlGVxTwlC4Sf23SWHyknySlFExwRct2K7mLeo2uT37dYju9n4oP9oVm7kUWsyxd7VqO6J6TP9XL09PV7VBOJ2zb7YO/db2nf0YwnY3U4wSz3ZUm24OOebTi1zLIdjbj7t3bOlVeGm8tSpWEJXPptMua2VCTqNJ05SbwueGuSXNmau0T2ctI4z6UtS0+pS0/c9jRlG0unH3lddVSrYWe7npJc4t5w1mLoRvPhXxD4f3zst3bT1CxffcYVXT79Gq+vvKkcwly8nnzwyMy8LP4V1CcvGp7VE77cuUxPdPoS2HqOncZ6XGFl19m5G2/OIntR/VG/VtOjufbcrX3ctw6a7ZP/AB3uun3P/NnBrF4+3tnqPGfeF9YXNK4t62qVp06tOSlCcc9U1yaPEwuNRlSdhTrXHom8ehjOXdz+D0/Mem2dwi4l7/rQp7T2ZqV9TlJwdx6L0dvFpZalWniEWlzw5c+S64PHWtdyOJLdGPasTExO/Leee223Rk6Dw5i8K3a8q9kRMVU7c4iI23id9911uw3j9pKefuzdf6tMqd2l+I0eJfFzVdWtasamnaclplhKOMSo0pSzLK696cqkl6pJFkr/AEzWuy/2Yb/bd9qdG83Dq1zWp27sU3GFSslGXd72JSUYRbcsJpvoUr07QNZ1fUbbTbWwuKle8rQow/c5PMpPCfJN+OTM1+7kW9PxdKime1tE1R6+6GBw1Yxr2qZmszVHZmqYp9cdZn3co9rjom4dwbZvJahtzXNQ0q6lB0nXsbqpQm4NpuLlBp4yk8dMo7DWeIW/tx2T03cO99f1S0k1J297qVavTbT5Puzk45XsNnGw+GG2tobO0fbVTRrC4qafaU6FSrOjGbnNL3z7zWXzz1O+/Ynth/8Ay7puP4tD+wzLPBGV5GKZv7bxvNO3LeUfkftCwpyJuRjdqYnaKuW8xHTu5NRlGrUt6sK9GTjOnJTi/FNPK/ObRuA3EWlxP4ZaRuV1O9eKkra+TeWq8OUn0XXHe6eJSftbcMbjZfFu8vNK0ypHS9fgtQt3SpycI1HmNaGcYyprvd1dI1IdOh7TsOb8vdvbwveH2qUq1Oz12m7i0coSSVzTjlx+D9lBN82ku54tmHw1Xf0TV6sK5EzTVPZ325eqf0Z/FlGPxDolGoWZjtU/OiN+e39Uf56GDeM/7729/wDOHUP6TULUdifbukbr4Kbr29rlnC6sNQ1mtb16Us++hK2oJ8+qfrXik+pV3jLZXs+Lm9Zws68oz3DqDUlTbTzcTwW47BNGvQ4Y65Tr0alNy16o134uP/w9DzPPhuxVOu19un5s9vfeOXN34ryKaeHLXk6o7UdjpPPlH6Ku8fOCep8F93PTXOpdaPet1dNu5x5ygnzhJ9O/Hxx16+oxh/f/ANTa/wATeG+3eKW07va24rSFSFaLdvW7ualvVS97Ug/Bp/Ksp9TWVv8A4abu4cbpvNp7i0qtC4tZ5p1KcXKlcUm33a1OX2UZY9qw1JKSaWJxPw5Xpl7yuPEzbq6bd0+j4M/hDiqjV7HkcqYi7T1meXaj0x6/SuH2Av3tdf8A5cn/AEeiYT7cH79z/km2/wBaoZv7BFGvb8NtfjXo1IP6eTeJRw/8RR8zCvbatLuvxrdSja1qkXpNtzjTbXwqnkTepW654Xs07c+X6q/pNyinjC/VMxt879Ha9gbP7aOu48dBn/SKJz7duxrzS9/2G/KdOpOy1q2jbzqdYwr0ljuerMcPn1546M5dgu1uaHFDXZV7arTX0hnzlBr/AOIolw+I3DvbvFLad5tHctCU7W6WYVKb7tShVXwakH4ST9qfNPKbR76VpVWqcN+bTyq3qmN/TE/BjaxrVOj8Vzlxzo7NMVbc+UxH/wB+xrt7O/F+PBzf9PW76lVraTfU/cl/Tp473cbzGa5ZfdfPCxnPxGxrbvEDZe69OpanoG6NOvKFWHfUqdxHKj05rOVzT6mvPix2YOJvC+6rVo6VW13RYpyhqdjSc4xjzz6WmsyptY5t5jzWJZyliinU1DTpNU6tzaynHDw5QbX9a5kJpmt53DMTiZNqZp379428Fg1Xh7TeLppzsS9EVTy5bTv4xyndsg4v9p7h5wqoUaNO8p67qdarBOysK0ZOFLvLvzlJPCxHOE+rwuSy177YPEPavEnQaO4dp6pTu7aphTinipSn4xnHrFmrXbex947z1GGl7Y21qOp3VRxxGhRlJRTkoqUpPlGOXzk2orPNrqXn7LPZz13hJTr7m3XrM/ppqVCEJaZbVW6FuurVRrlUmuSyverDw5dSz6Hr+p6pmT27O1qf+32z13VLiLhrSNGwIii/vfj/ALvZHSI8ViwAXlr0AAAAAAAAAAAAAAAAAAAAAAAAAAAAAAAAAAAAAAAAAAA49Hk5HHxOJcS41Jxpxc5PEYrLfqKCcVtfr724l6tf2verKrdu1torm5Ri+7FLzy+fxlxeMm7v2F8PNW1mFSMbh0nb2yfV1Z+9jheOM59iZVPs9bUluridp0qsO9Q0xvUKzfTMPgL299xfxM1P+0K9VqGZi6JZ611bz7eUfqqvENyci/awqOszvP8AnvXI2Rt2ltPaek7do4asLSnRlJLHemorvS+N5fxnfHBJppHM2pYs049qm1R0piI90LTRRFumKaekAAPV2AAAAAAAAAAAAAAAAAAAAAAAAAAAAAAAAAAAAAAAAAAAAAAAAAAAAAAAAAAAAAAAAAAAAAHGSTeT8K9nbXdOdC6t6danUi4zhUipRkn1TT6n0YQaOJpiqNphzEzTO8Om0vZu0tDrSudF2vpGn1ZLuupa2VKlJrybikztlFJYSwjl3fWTh+Z1pt0W/oxEexzVXXc51zv4yjljBxlSpzeZRjL2o54GEczETyl15x0fkqMIvMYRTXkjn1XLocmvId0REUxyOcvydGnL4cYv1tExpU4NuMVH2HPuhR8xFFMTvEG8zGyGsnGVKE+VSKkvJrJ+mPWMes5mN42kiZid3RW+xdl2t99MrXaOi0bzvOfuinYUo1e8+su8o5z6zuYwjT5RSSfksH6YDWerOlNumj6MRDvXcrufTqmfGd35ypQml3op+1EegpZz3Ir4kfp3X5k93wydpppnnMOkTMcnFYwTnwHd9ZOPWdnD85UoT+HFS9TIjRhFuUYJPGOSP1wcejOvZieezneY5OHoKTfOnFt+o5QpwhyjFL2Hk+I3FPZfCvRFr289UVnbzk4UoqLlOtPGe7FLqzyfAftD7b47LXFo9hVsKuj3MYKjXmnUq0JL3lXC6Zaksc8YXPmYlWXjW78Y81R257u9i151mm/GNVXHbnuZafNYODpQfwoRefUc08vAUefMzJiJ6sqN45w4QpqCxFJLySwHRpvnKEX7Ufo1kk69mNttuRz9L8VSpqTlGKTxjoc4pJYOWCHHl1O0UxBvMuMl3srHy+J1GqbO2lrdeN1rW19Jv60I92NS6sqVWSXknJNo7nu8+pPdOlVum5Hz6Ynxc0V12+dE7eD57eztbOjC3s7alQpU4qMIU4KMYpdEkuSR+kYtLkscz9O6R3fWd4pimNogmZqneZcgAcuAAAAAAAAAAAAAAAAAAAAAAAAAAAAAAAAAAAAAAAAAAACH62SdZuLXLPbmi3uuahLu29jRlWnzxlJdF630PO7cptUTcrnaIiZnwhxVVFMTVPSFZe1vvVX+tafsezrZpadH3XdJP/nZrEE/ZHL/AP8AIe07KOznpG0rrdNzSar6xVSpNr/mYZS+Vtsreo6vxR4g4XeqXmuXz/0IuX5lGPxYXqL8aBotpt7R7LRbFYoWVGNGCx4JYy/W+pqbhGiviLX8jXLsfMo5U+PSPdH5qnpNM6hn3M2rpHKP88H3rJyIxzySbchbQAHIAAAAAAAAAAAAAAAAAAAAAAAAAAAAAAAAAAAAAAAAAAAAAAAAAAAAAAAAAAAAAAAAAAAAAAAAAAAAAAAAAAAAAAAAAAAAAB+cubwnjzP0I7q9YGNO0Fwut+K/C7V9sqlm+hTd1YS8Y3EOcUvbzXxmu/s/cSr7gvxcsNXvXUpWjqS07VqCfP0MpJSyvFwkoyx5xwbWZU44ecmuztucHHsffkN+aRataNuablUaXvaN6lmcfJd5e/Xsn5FK4rw67VVGqY/KqiY3n1d3wUjizCrtVUapj/So23n1d3wbD7S6t7yjTurSrCrRrQVSnUhJSjOLWU011T8z9ysnYk4yreux3sXWLvv6vtyEYUe/L31a0fKD9fd+D6lgswpSfVroWjT82jUMajIt98fj3wtWn5tGoY1GRb/qj8e+HMHFPL6nIzWaAAAAAAAAAAAAAAAAAAAAAAAAAAAAAAAAAAAAAAAAAAAAAAAAAAAAcW2gORXDtY8QVbWVrsHTq/7tc4ub3ut8qSfvYv2tP5DO27NzaftDb19uTVavctrGk6kvOT8Ir1t4S9bKJylr/FziE5OLnqGtXfRJuNKL5L2RjFL5DXP7QtZqxsWnS8b629O3Lrt/eeXvV3iDNm1ajGt86q+Xs/uzJ2S9gOrc3nELUKPvKWbTT+8urf8AjKi9nKKf4aLQYOm2ntqw2lt2w29p1Pu0LKjGmuXNvxk/W3lv1s7os/DWj0aHptvFj6W29X+6evw8EnpuHGDjU2u/v8QAE+zwAAAAAAAAAAAAAAAAAAAAAAAAAAAAAAAAAAAAAAAAAAAAAAAAAAAAAAAAAAAAAAAAAAAAAAAAAAAAAAAAAAAAAAAAAAAAAAAAAARJZR4ri9w20nivsDVNk6nCK92U3K2rOOXQuI86dReyWMrxWV0bPas4tYXJczyvWqL9uq1cjeKuUvO9aov26rVyN4nlLU3tHcO7uz5xYp31W2nR1HQryVve2rm1GvSzidPPlKPNN/5Lw8G0vZ27NF3ztrT917fu1c2GpUI16Ml1Sa5xa8JJ5TXg00Vc7cHAyWsaauLe27NSu7CCp6tTgudSh4VcePd6P1PPgzHnYu48rZOv/tabmvVDRdZrd6zqVZcrW6fLGfCM+SfRJ4fi80HS79fDuo1adf8Aq65+bP5e/pKh6Xer4d1GrT7/ANVXPzZ9Ho9/SWwFEn5xbaz5+Ry8erNhNgOQIRJyAAAAAAAAAAAAAAAAAAAAAAAAAAAAAAAAAAAAAAAAAAAAAAAQwJOE3jPTHiTnLeGYv488VKHDrbEreyrRetanGVK0h1cF0lVfqXh5vHrxg6jqFnS8WvLyJ2ppjf8At4vDJv0Y1qbtzpDDXaf4nrX9YhsbSbhOw02ffu5R6VK+Onsivztnr+yxwz+lmnT39q1ti4vYulYRmucKXjP/AEui9SMMcHeHV5xS3nGjduc9PtpK51Gu3zlHOe5n7aTyvZl+BeiztLaytKNna0Y0qNCEadOEVhRilhJL2GseEMG9xHqdziLOj5u+1EfDw/NWtIs16jlVajfjlv8AN/z1P05+COYBtxbAAAAAAAAAAAAAAAAAAAAAAAAAAAAAAAAAAAAAAAAAAAAAAAAAAAAAAAAAAAAAAAAAAAAAAAAAAAAAAAAAAAAAAAAAAAAAAAAAAAAABEsJPJx6vl4dTmAPmurS2vLWrZXlCnWo14Sp1Kc4qUZxaw00+qa8DWp2neBN3wZ3p7u0anUe29WrSrabVWf+Dz6ug5ecfsX4xS8UzZm/YeV4lcPdB4n7Rvdo7hoKdvdQ95NJOVGovg1I+TTIHX9Gp1bG7NPKunnTPr9Hgg9d0enVsbsR9OnnTPrYX7I/aFp8RtvQ2Rue9ityaTSUYSm8O9t4rCmvOS6SXx+yx8O9j33U1S7r2tvns/8AEtWrr1bPU9JuFXsbynlRr08+9qR84tcmvan4mwngFxx0bjTtKlqFL0VtrVpGNPUrJS+BU+3hnn3H1XlnHPGXGcNa3Ve307M5XaeXPv2/VH8O6xVdidPy+V2nlG/ft+rKiJOMOmTkXFbAAAAAAAAAAAAAAAAAAAAAAAAAAAAAAAAAAAAAAAAAAAACGBJD9pCeOh8uqalY6PYV9T1K5p29rbU5VatWpJRjCCWW22dK66aYmap2iHEzERvPR1m9N36Tsjb91uHV63co28XiOffVJ+EY+bbKN7g1nc3GDfTvJ06lxfajVjRtbeLbjSp/YwXkl1ftbfM7zjPxZv8AihuJUrL0sNGtJuFlb806j6ekkvtn4LwXxmduzxwYWzNMjuvcNv8A8dX0M06U1/7rSfSOPt31k/DkuXPOnNSyr/H2qxp2HMxi253qn0+mfh71Oybtev5PkLE/wqes+n/O57vhZw8sOHG1bfRrZKdzNKreVsc6tVrm/Yui9SParkjiueMo5m3cPEtYNijGsRtTTG0Qt1q1TZoi3RG0QAAyXoAAAAAAAAAAAAAAAAAAAAAAAAAAAAAAAAAAAAAAAAAAAAAAAAAAAAAAAAAAAAAAAAAAAAAAAAAAAAAAAAAAAAAAAAAAAAAAAAAAAAAAAAhvCOPxZOYAxVx84F6Hxq2vKxuFC11mzi56bfqPvqc/tJfbQfivDquZr70HWuIPZ64jyqwpVNP1fS6vorq2qZ9HcU884v7aElzT+NG1eayjCvaL7POl8Y9Fd/p8aVpuWwpv3Hc9FWXX0VR+T8H4N+0qHEegVZkxm4XK9Tz5ct9v1VbXtDqypjMxOV2nny79v1eu4OcX9rcY9qw1/QKyp3NLuwv7Gcl6W1qtfBkvGL5uMujXrTS96msdTVZtLdW/+z/xClc21Kvp+p6dN0L2yrJqFenlZpzXjF9U/Y14GxLhDxl2rxi29DV9BrxpXlJJXtjUkvS28/FNeK8n0Z68PcRUanHm2R829TymPT4fB66FrtOoR5vkfNux1j0+HwZCBwjLksrmcs8slqWRIAAAAAAAAAAAAAAAAAAAAAAAAAAAAAAAAAAAAAAQwJIZGUuecHzajqNlplnV1DULqnb21CLnUq1JYjCK8WdKqopiaqp2iHEzERvPRyvbq3sbapeXdeFGhRg51Kk5JRilzbbKc8eONtxv+8lt3Qa04aFbVObjy91zi/hPzivBerPs/Xjlx5u9+V6m3Ns1KltoNOWKk/gzvGn1fioeS8fE7vgHwBnrdShvLe9k/pdBqpZ2VVf+8PwnUT+wXhHx8eXJ6i1/Xcri3K+RNF+r/rr7pj4R+KpZ2fd1W75lhfR75/zudn2cuCE5uhxA3bZYjyqabbVY9fKrJPw8Y/L5FmUsJJcsERiopRisJLHLwOa6GxdB0PG0HEjFse2e+Z9MrDg4VrAtRatx7fScyQCbZoAAAAAAAAAAAAAAAAAAAAAAAAAAAAAAAAAAAAAAAAAAAAAAAAAAAAAAAAAAAAAAAAAAAAAAAAAAAAAAAAAAAAAAAAAAAAAAAAAAAAAAAAAAAAAg4yUmsJHMHGww7x97O+3uMukO4pqlYbitabVnfqPwl19HVx8KLfxrqvJ0Ot6/EngDv6Sg7jRtc06fdnHrTrQ64x0qU5L+/ltQnnK5mP8Ai7wU2jxh0X6X7gt/RXtGL9yX9JL01CX9cc/YvkVHiDhrz6fPMKexej2b7flPrVjWtAjLnzrEns3Y58u/4S8/wI7Rm1+MOm07OrOlpu46MM3WnylynjrUot/Cg/LrHo88m8wppcuZq/4icLOIXAbdNCd669B0q3f07VbVtU6uOacZfYyx1i/zospwH7Ythrattq8UqtOyv3inQ1XlGjXfgqq+wl19909hiaLxTV5TzHVY7F2OW88onx9E/g8NL4hnt+Z6lHYuRy3npPwWt7yGT8qNxQr0oVqNWFSnOKlGUHlSTWU011P0z44LxE7xyW2J3jeHIAHZyAAAAAAAAAAAAAAAAAAAAAAAAAAAAAABD5JtgMohtEd5Y8TwPE7jLtXhrZyhe3CutUnHNCxpPM35OX2sfW+vhkxMzOx9Pszfyqoppjvl43r9vHom5cnaIep3NufQtpaRW1vcGo0rS0t1mU5vq/BJLnJvwS5sprxe4363xLvJabZKpY6HTn+426fv6zzynUx/q9F6+p0O8d8704v7ipe61WuqlSbp2en2yk4Qz4Riur8W/V5FhOC3ZytNteg3LvWlSutVSVSjbfCp27834Sn+ZfnNS52ranx1fnA0uJox4+lVPLePX+lPvVO/l5Gu3JsYvK3HWXluBPZ4r3tShvDflk6dvHFSz06pylN9VOqvBeKi+b8eXJ2hpU406cacIKMY8kksJL2CKcY4SwvBI5o2ToWg4mgY8Y+LHPvnvmfTPwWXBwbWBb8nbjxn0owyUsIkE3szQAHIAAAAAAAAAAAAAAAAAAAAAAAAAAAAAAAAAAAAAAAAAAAAAAAAAAAAAAAAAAAAAAAAAAAAAAAAAAAAAAAAAAAAAAAAAAAAAAAAAAAAAAAAAAAAAAAAhrLI7pyAHTbo2nt/eWjXG39z6Xb39jdR7tSjVj+dPqmvBrmij3HDsjbi2FOvuDY3pta0L31SVHuuV1arnyaXw4pY5rnyeV4u+/LLWSJQUs97mvJkHrOgYmtUbXo2q7qo6widT0jH1Sja5G1UdKo6w11cF+0xvXhPWp6Nfupq+34y7srGvN+kt1nn6GT+Djn718vZ1LwcN+L+xeKmnRvdq6vCpWUU61pV95XovylH+tZR4DjJ2U9l8R1W1jQe5oWvSTl6alD9wry/7SC8/tlhr19CnG6dh8UOB+44S1O2vNKuaU822oWk5OjWx4wqLk/PuvDXLKRS6MvWeEKvJ5MeVsd0+iPVPd4TyVmi/qfDk9m9HlLPp9Ht7mz1TWcE5XgUz4U9tfULD0OkcUdPld2/vYfTO1ilVh66lPpPw5xafLpJlrdqb32pvnTaer7U1201K2l1lRqe+i8dJRfvov1NJl30vXsHV6N8evn6J6+5asDVsXUad7NXP0T1d/3ueMDKficE03yOSz3upMpLm5AAAAAAAAAAAAAAAAAAAAAAAAjIbwcW+eD861zQtqcqlxVhThBNylOSSSOtVUU85lxM7dX6ua8j5NT1jTdHsquoareUrW2pRcp1as1GMV7TDvETtQ7P2t6TTtruOu6jHMXOlLFtTl65/ZNeUc+WUytO69+794q6xCnqVzcXtSrPFvYWsH3IttJKMFz8F15souu8eYOmb2cT+Nd9FPON/XP6Qgs7X7GL8y18+v1dPezPxS7VL/dtG4bxw+cZ6nVgml/4UH19suXq8TDuy+He9+LGs1KlnSr3DqVO9dahdzlKEW+rlN85P1LmZZ4XdlW6u3R1niPUdvReJw02jL90kvD0klyj7Fz9fgWX0jRdL0GwpaXo9hQtLWjHuwpUYKMUviK5h8NavxXejM16uaLcc4t9Pw7o9fVHWdNy9Vri/nztT3U9/wDn4vF8LeDG1+GVn6Szo+69VrQUbi+rRXff+TBdIR9S9WW8GQoxx5DmuhyNp4OBj6dZpx8aiKaafQtNmxbxqIt2o2iEY8glgkGY9gAAAAAAAAAAAAAAAAAAAAAAAAAAAAAAAAAAAAAAAAAAAAAAAAAAAAAAAAAAAAAAAAAAAAAAAAAAAAAAAAAAAAAAAAAAAAAAAAAAAAAAAAAAAAAAAAAAAAAAAHHu885JwiQBx7qPg1rb+jbi0+tpWu6bbX1pXj3alGvTU4yXsf6TsSGdaqKa47NUbw61UxVG1UbwqlxQ7E+nXrq6rwy1D3FWeZPT7qTdJvyhPrH2PKK33ujcUeCuvxqV6Oq7fvoS95XpOUadbD8JL3s16nn1o2dtJ4eD4NZ0LRNwWNTTte0m01C0qrE6NzRjUhL2qSwUnVOCMTJr8vgzNqv1dP7exWM7hjHvz5TGnydfq6f2VA4ddtfX9O9HY8QdHp6lSXvXe2v7nWxy5yh8Fvzxgsnsbjhwz4gU6cdA3LbK6ml/wS5kqNbLzyUZfCfL7HJiniD2LNla5Opf7F1KtoFzPL9zVM17WT9Wffwy/JtLwRXbefZ44sbCnUubzb1e7taWX7r0+Tqwx0y8e+j8aIiNR4l4d+bl2/LW4749HjHP3wwoytZ0idr9PlaPTHx6+9saVRSWY815kqTfka5Nn9oHi/sCpG2stzXNxb0cRdlqUfT00l9iu976K9UZRM47Q7cVlVVOhvfaFWhLupTudPqqcO94v0c8OK/0pMmcDjzS8r5t6Zt1d+/T3wk8XifCvxtc3oq9ccvetXn2EZfqMa7a7RXCLdCSs94WttVk0vR3idCWfJKaWfiMgWeqadqMPSWF/b3EXzzSqKS/MWrG1DFzKe1j3Iqj1TCbs5VjIje1XE+Evrz6iThlPxOS6IzHukAByAAAAQwDeBl+BEmfnOrGlF1Ks4wiurk8YOJnlu4mdn6554IUss8vrvE/YO2ot6zu3TbeSTfcddOTx5JZZi/c3a82FpkJU9u2F9rFbD7su56Gl8cpc/kiyHzuIdL06JnIv0x6t9590bywr+o4uP8AWVxH4yzw5Y8Dq9d3Vt7bFo73X9YtLCkk3mtVUW8eSfN/EU83d2quJe4HUoaNO10G2llJWsO/WcX4OpP9MVE8Tp22uJHEvUHWtrLVtZuKjXeuKznNLwTlOXLHxlLzf2j2K6/I6VZqu193dHu5yhr3EtuqfJ4lE11LGb47W+2tM9LabN06pqtwuSr1f3OinnqvspcvYYA3bxR4icTbxWWoaldV4Vp4pafZxapvyXcjzm/bkypsrsg6pd+ju9867GypZTlaWWJVWvJzfvYv2KRYLZ/DHZGxLdUdt6Db29TGJXEl360/wpvn8XQj/kbijime1qVzyFqf6Y+EfrLG8y1XVeeTV2KPR/b+6sPD7subv3I6V/uif0lsZYbpySdxOP4PSPXx5+os3sXhbszh7aqlt3SacK7WJ3dRd6tP2yfRclyWEer7qyc17C6aJwjpmh7V2aO1X9qec+z0ez3pzB0jGwI3ojer0z1R3USkSC0pQIxgkAAAAAAAAAAAAAAAAAAAAAAAAAAAAAAAAAAAAAAAAAAAAAAAAAAAAAAAAAAAAAAAAAAAAAAAAAAAAAAAAAAAAAAAAAAAAAAAAAAAAAAAAAAAAAAAAAAAAAAAAAAAAAAAAARjlgYWMMkAR3V5EOEZLDWV6zkQzjaB4zd3CDhxvZS/ZDtSyrVJJr00Kap1FnxUo4eTC+6exJte9c620ty3mlzbzGlcx9PTS8vCX5yzb9RDWGQ2dw/pupf6i1Ez6dtp98I7J0rDy+d23E/n71DNx9kXi9olR/SyysdZpZeJWtyoSS9cavd5+pNng7nQOKOxJOV3pW5NEjTlj0jpVqNPPql8F/E2bL+6vIh04NPvRT+IqmT+zvDmrtYl6q3Pv+H5oW7wnjzO9iuafxa7tI7QXGDRZR9BvO9qqGMRuEqi/Oj2WmdsbitZrF/T0q/9dS29H/qtFv8AVOHmw9alOpquzdGu5z+FOrZ05Sfx4yeP1Dsz8GL/AL0ls6nbTm8uVvcVY/m72PzGL+6nEWJyxM7ePRM1R+HN5fIuqWeVjJ3j17x8WErDttbnhJfTLZ+nVI/9lVnBv5co7yn24LZ4U+Hlb1uOor/ZnsLrsfcKK8nOjLVrfPhTuVhfLFnS3fYp2bVb9x7r1Sgn4SpQnj9BxOJxvY5UXaav+P6w5mzxBb5U1xPu/V167b2mPrw/uvx5fMIn23bHOIcPq/8ApajFf/6z9/qI9AXTfl/jx/4FD5x+1HsU7ZpyzW3rqNSPkraEf6zyinjyeW9P/wDNxtxFPLeP+10d922NQnF/S3ZFCk/B17xz/RFHRXnbI4iV4uNroukWzfSShOTXr5ywZRtex3w1oxXurUtZryXj6aME/wCad7Ydlvg/ZY9LoVa7x/011Pn/AOVo7/JXGmTyuZEUe2P/ABh2801679O5Ee34QrRqnaX4v6snCe5IW0fD3PQhTa+RHmqu5+Je9rr0ctW13Vq8+Xo6Mqk21+DAvNpXB3hho1NU7DY2kpReVKrbqrL/AM08v856q1sLKxpRt7Kzo0KUViMKcFGK9iXQ6/uJqub/ADDOmY9W8/nMOfkDMvT/APk5Ez75/NQ7QOz5xd3FGFeltO4tKVR86t/ONBx9bjJ9/wDmmT9t9jbUKjhV3Zu2jSz8OjY0nJ/FOeP9UtR3SVhMlMP9nOj489q92rk+ueXujb9WXY4Zwrc7171eP9mMdq9nLhbthQqx0L3fcwafpbyfpXleOHyXyGSbays7OkqFna0qFOPSFOCjFfEj9l0JLnh6bh6fT2MW3FEeqE3YxrONT2bVMR4Q49xLoTj1skGa90Y9YwSAAAAAAAAAAAAAAAAAAAAAAAAAAAAAAAAAAAAAAAAAAAAAAAAAAAAAAAAAAAAAAAAAAAAAAAAAAAAAAAAAAAAAAAAAAAAAAAAAAAAAAAAAAAAAAAAAAAAAAAAAAAAAAAAAAAAAAAAABBIAAAAAAIwhheRIAEYXkSABGF5EgCMLyJAAEYRIAjC8hhEgAAAAAAAAAAAAAAAAAAAAAAAAAAAAAAAAAAAAAAAAAAAAAAAAAAAAAAAAAAAAAAAAAAAAAAAAAAAAAAAAAAAAAAAAAAAAAAAAAAAAAAAAAAAAAAAAAAAAAAAAAAAAAAAAAAAAAAAAAAAAAAAAAAAAAAAAAAAAAAAAAAAAAAAAAAAAAAAAAAAAAAAAAAAAAAAAAAAAAAAAAAAAAAAAAAAAAAAAAAAAAAAAAAAAAAAAAAAAAAAAAAAAAAAAAAAAAAAAAAAAAAAAAAAAAAAAAAAAAAAAAAAAAAAAAAAAAAAAAAAAAAAAAAAAAAAAAAAAAAAAAAAAAAAAAAAAAAAAAAAAAAAAAAAAAAAAAAAAAAAAAAAAAAAAAAAAAAAAAAAAAAAAAAAAAAAAAAAAAAAAAAAAAAAAAAAAAAAAAAAAAAAAAAAAAAAAAAAAAAAAAAAAAAAAAAAAAAAAAAAAAAAAAAAAAAAAAAAAAAAAAAAAAAAAAAAAAAAAAAAAAAAAAAAAAAAAAAAAAAAAAAAAAAAAAAAAAAAAAAAAAAAAAAAAAAAAAAAAAAAAAAAAAAAAAAAAAAAAAAAAAAAAAAAAAAAAAAAAAAAAAAAAAAAAAAAAAAAAAAAAAAAAAAAAAAAAAAAAAAAAAAAAAAAAAAAAAAAAAAAAAAAAAAAAAAAAAAAAAAAAAAAAAAAAAAAAAAAAAAAAAAAAAAAAAAAAAAAAAAAAAAAAAAAAAAAAAAAAAAAAAAAAAAAAAAAAAAAAAAAAAAAAAAAAAAAAAAAAAAAAAAAAAAAAAAAAAAAAAAAAAAAAAAAAAAAAAAAAAAAAAAAAAAAAAAAAAAAAAAAAAAAAAAAAAAAAAAAAAAAAAAAAAAAAAAAAAAAAAAAAAAAAAAAAAAAAAAAAAAAAAAAAAAAAAAAAAAAAAAAAAAAAAAAAAAAAAAAAAAAAAAAAAAAAAAAAAAAAAAAAAAAAAAAAAAAAAAAAAAAAAAAAAAAAAAAAAAAAAAAAAAAAAAAAAAAAAAAAAAAAAAAAAAAAAAAAAAAAAAAAAAAAAAAAAAAAAAAAAAAAAAAAAAAAAAAAAAAAAAAAAAAAAAAAAAAAAAAAAAAAAAAAAAAAAAAAAAAAAAAAAAAAAAAAAAAAAAAAAAAAAAAAAAAAAAAAAAAAAAAAAAAAAAAAAAAAAAAAAAAAAAAAAAAAAAAAAAAAAAAAAAAAAAAAAAAAAAAAAAAAAAAAAAAAAAAAAAAAAAAAAAAAAAAAAAAAAAAAAAAAAAAAAAAAAAAAAAAAAAAAAAAAAAAAAAAAAAAAAAAAAAAAAAAAAAAAAAAAAAAAAAAAAAAAAAAAAAAAAAAAAAAAAAAAAAAAAAAAAAAAAAAAAAAAAAAAAAAAAAAAAAAAAAAAAAAAAAAAAAAAAAAAAAAAAAAAAAAAAAAAAAAAAAAAAAAAAAAAAAAAAAAAAAAAAAAAAAAAAAAAAAAAAAAAAAAAAAAAAAAAAAAAAAAAAAAAAAAAAAAAAAAAAAAAAAAAAAAAAAAAAAAAAAAAAAAAAAAAAAAAAAAAAAAAAAAAAAAAAAAAAAAAAAAAAAAAAAAAAAAAAAAAAAAAAAAAAAAAAAAAAAAAAAAAAAAAAAAAAAAAAAAAAAAAAAAAAAAAAAAAAAAAAAAAAAAAAAAAAAAAAAAAAAAAAAAAAAAAAAAAAAAAAAAAAAAAAAAAAAAAAAAAAAAAAAAAAAAAAAAAAAAAAAAAAAAAAAAAAAAAAAAAAAAAAAAAAAAAAAAAAAAAAAAAAAAAAAAAAAAAAAAAAAAAAAAAAAAAAAAAAAAAAAAAAAAAAAAAAAAAAAAAAAAAAAAAAAAAAAAAAAAAAAAAAAAAAAAAAAAAAAAAAAAAAAAAAAAAAAAAAAAAAAAAAAAAAAAAAAAAAAAAAAAAAAAAAAAAAAAAAAAAAAAAAAAAAAAAAAAAAAAAAAAAAAAAAAAAAAAAAAAAAAAAAAAAAAAAAAAAAAAAAAAAAAAAAAAAAAAAAAAAAAAAAAAAAAAAAAAAAAAAAAAAAAAAAAAAAAAAAAAAAAAAAAAAAAAAAAAAAAAAAAAAAAAAAAAAAAAAAAAAAAAAAAAAAAAAAAAAAAAAAAAAAAAAAAAAAAAAAAAAAAAAAAAAAAAAAAAAAAAAAAAAAAAAAAAAAAAAAAAAAAAAAAAAAAAAAAAAAAAAAAAAAAAAAAAAAAAAAAAAAAAAAAAAAAAAAAAAAAAAD//Z\",\"crossOrigin\":null,\"filters\":[]},{\"type\":\"textbox\",\"version\":\"5.3.0\",\"originX\":\"left\",\"originY\":\"top\",\"left\":13,\"top\":30,\"width\":150,\"height\":18.08,\"fill\":\"#000000\",\"stroke\":null,\"strokeWidth\":1,\"strokeDashArray\":null,\"strokeLineCap\":\"butt\",\"strokeDashOffset\":0,\"strokeLineJoin\":\"miter\",\"strokeUniform\":false,\"strokeMiterLimit\":4,\"scaleX\":1,\"scaleY\":1,\"angle\":0,\"flipX\":false,\"flipY\":false,\"opacity\":1,\"shadow\":null,\"visible\":true,\"backgroundColor\":\"\",\"fillRule\":\"nonzero\",\"paintFirst\":\"fill\",\"globalCompositeOperation\":\"source-over\",\"skewX\":0,\"skewY\":0,\"fontFamily\":\"Arial\",\"fontWeight\":\"normal\",\"fontSize\":16,\"text\":\"{{member_name}}\",\"underline\":false,\"overline\":false,\"linethrough\":false,\"textAlign\":\"left\",\"fontStyle\":\"normal\",\"lineHeight\":1.16,\"textBackgroundColor\":\"\",\"charSpacing\":0,\"styles\":[],\"direction\":\"ltr\",\"path\":null,\"pathStartOffset\":0,\"pathSide\":\"left\",\"pathAlign\":\"baseline\",\"minWidth\":20,\"splitByGrapheme\":false,\"isPlaceholder\":true}],\"background\":\"#ffffff\"}', '{\"version\":\"5.3.0\",\"objects\":[{\"type\":\"image\",\"version\":\"5.3.0\",\"originX\":\"left\",\"originY\":\"top\",\"left\":-2,\"top\":-77.81,\"width\":1080,\"height\":1080,\"fill\":\"rgb(0,0,0)\",\"stroke\":null,\"strokeWidth\":0,\"strokeDashArray\":null,\"strokeLineCap\":\"butt\",\"strokeDashOffset\":0,\"strokeLineJoin\":\"miter\",\"strokeUniform\":false,\"strokeMiterLimit\":4,\"scaleX\":0.31,\"scaleY\":0.31,\"angle\":0,\"flipX\":false,\"flipY\":false,\"opacity\":0.74,\"shadow\":null,\"visible\":true,\"backgroundColor\":\"\",\"fillRule\":\"nonzero\",\"paintFirst\":\"fill\",\"globalCompositeOperation\":\"source-over\",\"skewX\":0,\"skewY\":0,\"cropX\":0,\"cropY\":0,\"src\":\"data:image/jpeg;base64,/9j/4AAQSkZJRgABAQEAYABgAAD/2wBDAAMCAgICAgMCAgIDAwMDBAYEBAQEBAgGBgUGCQgKCgkICQkKDA8MCgsOCwkJDRENDg8QEBEQCgwSExIQEw8QEBD/2wBDAQMDAwQDBAgEBAgQCwkLEBAQEBAQEBAQEBAQEBAQEBAQEBAQEBAQEBAQEBAQEBAQEBAQEBAQEBAQEBAQEBAQEBD/wAARCAQ4BDgDASIAAhEBAxEB/8QAHwAAAQUBAQEBAQEAAAAAAAAAAAECAwQFBgcICQoL/8QAtRAAAgEDAwIEAwUFBAQAAAF9AQIDAAQRBRIhMUEGE1FhByJxFDKBkaEII0KxwRVS0fAkM2JyggkKFhcYGRolJicoKSo0NTY3ODk6Q0RFRkdISUpTVFVWV1hZWmNkZWZnaGlqc3R1dnd4eXqDhIWGh4iJipKTlJWWl5iZmqKjpKWmp6ipqrKztLW2t7i5usLDxMXGx8jJytLT1NXW19jZ2uHi4+Tl5ufo6erx8vP09fb3+Pn6/8QAHwEAAwEBAQEBAQEBAQAAAAAAAAECAwQFBgcICQoL/8QAtREAAgECBAQDBAcFBAQAAQJ3AAECAxEEBSExBhJBUQdhcRMiMoEIFEKRobHBCSMzUvAVYnLRChYkNOEl8RcYGRomJygpKjU2Nzg5OkNERUZHSElKU1RVVldYWVpjZGVmZ2hpanN0dXZ3eHl6goOEhYaHiImKkpOUlZaXmJmaoqOkpaanqKmqsrO0tba3uLm6wsPExcbHyMnK0tPU1dbX2Nna4uPk5ebn6Onq8vP09fb3+Pn6/9oADAMBAAIRAxEAPwD9U6KKKACiiigAooooAKKKKACiiigAooooAKKKKACiiigAooooAKKKKACiiigAooooAKKKKACiiigAooooAKKKKACiiigAooooAKKKKACiiigAooooAKKKKACiiigAooooAKKKKACiiigAooooAKKKKACiiigAooooAKKKKACiiigAooooAKKKKACiiigAooooAKKKKACiiigAooooAKKKKACiiigAooooAKKKKACiiigAooooAKKKKACiiigAooooAKKKKACiiigAooooAKKKKACiiigAooooAKKKKACiiigAooooAKKKKACiiigAooooAKKKKACiiigAooooAKKKKACiiigAooooAKKKKACiiigAooooAKKKKACiiigAooooAKKKKACiiigAooooAKKKKACiiigAooooAKKKKACiiigAooooAKKKKACiiigAooooAKKKKACiiigAooooAKKKKACiiigAooooAKKKKACiiigAooooAKKKKACiiigAooooAKKKKACiiigAooooAKKKKACiiigAooooAKKKKACiiigAooooAKKKKACiiigAooooAKKKKACiiigAooooAKKKKACiiigAooooAKKKKACiiigAooooAKKKKACiiigAooooAKKKKACiiigAooooAKKKKACiiigAooooAKKKKACiiigAooooAKKKKACiiigAooooAKKKKACiiigAooooAKKKKACiiigAooooAKKKKACiiigAooooAKKKKACiiigAooooAKKKKACiiigAooooAKKKKACiiigAooooAKKKKACiiigAooooAKKKKACiiigAooooAKKKKACiiigAooooAKKKKACiiigAooooAKKKKACiiigAooooAKKKKACiiigAooooAKKKKACiiigAooooAKKKKACiiigAooooAKKKKACiiigAooooAKKKKACiiigAooooAKKKKACiiigAooooAKKKKACiiigAooooAKKKKACiiigAooooAKKKKACiiigAooooAKKKKACiiigAooooAKKKKACiiigAooooAKKKKACiiigAooooAKKKKACiiigAooooAKKKKACiiigAooooAKKKKACiiigAooooAKKKKACiiigAooooAKKKKACiiigAooooAKKKKACiiigAooooAKKKKACiiigAooooAKKKKACiiigAooooAKKKKACiiigAooooAKKKKACiiigAooooAKKKKACiiigAooooAKKKKACiiigAooooAKKKKACiiigAooooAKKKKACiiigAooooAKKKKACiiigAooooAKKKKACiiigAooooAKKKKACiiigAooooAKKKKACiiigAooooAKKKKACiiigAooooAKKKKACiiigAooooAKKKKACiiigAooooAKKKKACiiigAooooAKKKKACiiigAooooAKKKKACiiigAooooAKKKKACiiigAooooAKKKKACiiigAooooAKKKKACiiigAooooAKKKKACiiigAooooAKKKKACiiigAooooAKKKKACiiigAooooAKKKKACiiigAooooAKKKKACiiigAooooAKKKKACiiigAooooAKKKKACiiigAooooAKKKKACiiigAooooAKKKKACiiigAooooAKKKKACiiigAooooAKKKKACiiigAooooAKKKKACiiigAooooAKKKKACiiigAooooAKKKKACiiigAooooAKKKKACiiigAooooAKKKKACiiigAooooAKKKKACiiigAooooAKKKKACiiigAooooAKKKKACiiigAooooAKKKKACiiigAooooAKKKKACiiigAooooAKKKKACiiigAooooAKKKKACiiigAooooAKKKKACiiigAooooAKKKKACiiigAooooAKKKKACiiigAooooAKKKKACiiigAooooAKKKKACiiigAooooAKKKKACiiigAooooAKKKKACiiigAooooAKKKKACiiigAooooAKKKKACiiigAooooAKKKKACiiigAooooAKKKKACiiigAooooAKKKKACiiigAooooAKKKKACiiigAooooAKKKKACiiigAooooAKKKKACiiigAooooAKKKKACiiigAooooAKKKKACiiigAooooAKKKKACiiigAooooAKKKKACiiigAooooAKKKKACiiigAooooAKKKKACiiigAooooAKKKKACiiigAooooAKKKKACiiigAooooAKKKKACiiigAooooAKKKKACiiigAooooAKKKKACiiigAooooAKKKKACiiigAooooAKKKKACiiigAooooAKKKKACiiigAooooAKKKKACiiigAooooAKKKKACiiigAooooAKKKKACiiigAooooAKKKKACiiigAooooAKKKKACiiigAooooAKKKKACiiigAooooAKKKKACiiigAooooAKKKKACiiigAooooAKKKKACiiigAooooAKKKKACiiigAooooAKKKKACiiigAooooAKKKKACiiigAooooAKKKKACiiigAooooAKKKKACiiigAooooAKKKKACiiigAooooAKKKKACiiigAooooAKKKKACiiigAooooAKKKKACiiigAooooAKKKKACiiigAooooAKKKKACiiigAooooAKKKKACiiigAooooAKKKKACiiigAooooAKKKKACiiigAooooAKKKKACiiigAooooAKKKKACiiigAooooAKKKKACiiigAooooAKKKKACiiigAooooAKKKKACiiigAooooAKKKKACiiigAooooAKKKKACiiigAooooAKKKKACiiigAooooAKKKKACiiigAooooAKKKKACiiigAooooAKKKKACiiigAooooAKKKKACiiigAooooAKKKKACiiigAooooAKKKKACiiigAooooAKKKKACiiigAooooAKKKKACiiigAooooAKKKKACiiigAooooAKKKKACiiigAooooAKKKKACiiigAooooAKKKKACiiigAooooAKKKKACiiigAooooAKKKKACiiigAooooAKKKKACiiigAooooAKKKKACiiigAooooAKKKKACiiigAooooAKKKKACiiigAooooAKKKKACiiigAooooAKKKKACiiigAooooAKKKKACiiigAooooAKKKKACiiigAooooAKKKKACiiigAooooAKKKKACiiigAooooAKKKKACiiigAooooAKKKKACiiigAooooAKKKKACiiigAooooAKKKKACiiigAooooAKKKKACiiigAooooAKKKKACiiigAooooAKKKKACiiigAooooAKKKKACiiigAooooAKKKKACiiigAooooAKKKKACiiigAooooAKKKKACiiigAooooAKKKKACiiigAooooAKKKKACiiigAooooAKKKKACiiigAooooAKKKKACiiigAooooAKKKKACiiigAooooAKKKKACiiigAooooAKKKKACiiigAooooAKKKKACiiigAooooAKKKKACiiigAooooAKKKKACiiigAooooAKKKKACiiigAooooAKKKKACiiigAooooAKKKKACiiigAooooAKKKKACiiigAooooAKKKKACiiigAooooAKKKKACiiigAooooAKKKKACiiigAooooAKKKKACiiigAooooAKKKKACiiigAooooAKKKKACiiigAooooAKKKKACiiigAooooAKKKKACiiigAooooAKKKKACiiigAooooAKKKKACiiigAooooAKKKKACiiigAooooAKKKKACiiigAooooAKKKKACiiigAooooAKKKKACiiigAooooAKKKKACiiigAooooAKKKKACiiigAooooAKKKKACiiigAooooAKKKKACiiigAooooAKKKKACiiigAooooAKKKKACiiigAooooAKKKKACiiigAooooAKKKKACiiigAooooAKKKKACiiigAooooAKKKKACiiigAooooAKKKKACiiigAooooAKKKKACiiigAooooAKKKKACiiigAooooAKKKKACiiigAooooAKKKKACiiigAooooAKKKKACiiigAooooAKKKKACiiigAooooAKKKKACiiigAooooAKKKKACiiigAooooAKKKKACiiigAooooAKKKKACiiigAooooAKKKKACiiigAooooAKKKKACiiigAooooAKKKKACiiigAooooAKKKKACiiigAooooAKKKKACiiigAooooAKKKKACiiigAooooAKKKKACiiigAooooAKKKKACiiigAooooAKKKKACiiigAooooAKKKKACiiigAooooAKKKKACiiigAooooAKKKKACiiigAooooAKKKKACiiigAooooAKKKKACiiigAooooAKKKKACiiigAooooAKKKKACiiigAooooAKKKKACiiigAooooAKKKKACiiigAooooAKKKKACiiigAooooAKKKKACiiigAooooAKKKKACiiigAooooAKKKKACiiigAooooAKKKKACiiigAooooAKKKKACiiigAooooAKKKKACiiigAooooAKKKKACiiigAooooAKKKKACiiigAooooAKKKKACiiigAooooAKKKKACiiigAooooAKKKKACiiigAooooAKKKKACiiigAooooAKKKKACiiigAooooAKKKKACiiigAooooAKKKKACiiigAooooAKKKKACiiigAooooAKKKKACiiigAooooAKKKKACiiigAooooAKKKKACiiigAooooAKKKKACiiigAooooAKKKKACiiigAooooAKKKKACiiigAooooAKKKKACiiigAooooAKKKKACiiigAooooAKKKKACiiigAooooAKKKKACiiigAooooAKKKKACiiigAooooAKKKKACiiigAooooAKKKKACiiigAooooAKKKKACiiigAooooAKKKKACiiigAooooAKKKKACiiigAooooAKKKKACiiigAooooAKKKKACiiigAooooAKKKKACiiigAooooAKKKKACiiigAooooAKKKKACiiigAooooAKKKKACiiigAooooAKKKKACiiigAooooAKKKKACiiigAooooAKKKKACiiigAooooAKKKKACiiigAooooAKKKKACiiigAooooAKKKKACiiigAooooAKKKKACiiigAooooAKKKKACiiigAooooAKKKKACiiigAooooAKKKKACiiigAooooAKKKKACiiigAooooAKKKKACiiigAooooAKKKKACiiigAooooAKKKKACiiigAooooAKKKKACiiigAooooAKKKKACiiigAooooAKKKKACiiigAooooAKKKKACiiigAooooAKKKKACiiigAooooAKKKKACiiigAooooAKKKKACiiigAooooAKKKKACiiigAooooAKKKKACiiigAooooAKKKKACiiigAooooAKKKKACiiigAooooAKKKKACiiigAooooAKKKKACiiigAooooAKKKKACiiigAooooAKKKKACiiigAooooAKKKKACiiigAooooAKKKKACiiigAooooAKKKKACiiigAooooAKKKKACiiigAooooAKKKKACiiigAooooAKKKKACiiigAooooAKpNqtv/AGqmkq26YxmVgP4QMYz9c1R8Y+LdJ8E+H7rxBrEu2G3X5VX70jnhVUdySRXlf7O+uap4y1bxV4u1eZ3kmuEjijzlIVbc+xfoNo+ij1rw8ZndHD5lh8ri71Kl212jFXu/XZfM5auKjCvDDreV/uR7fRRRXuHUFFFFABRRRQAUUUUAFFFFABRRRQAUUUUAFFFFABRRRQAUUUUAFFFFABRRRQAUUUUAFFFFABRRRQAUUUUAFFFFABRRRQAUUUUAFFFFABRRRQAUUUUAFFFFABRRRQAUUUUAFFFFABRRRQAUUUUAFFFFABRRRQAUUUUAFFFFABRRRQAUUUUAFFFFABRRRQAUUUUAFFFFABRRRQAUUUUAFFFFABRRRQAUUUUAFFFFABRRRQAUUUUAFFFFABRRRQAUUUUAFFFFABRRRQAUUUUAFFFFABRRRQAUUUUAFFFFABRRRQAUUUUAFFFFABRRRQAUUUUAFFFFABRRRQAUUUUAFFFFABRRRQAVBeXlrp9pNfXs6QwQIZJJHOAqjqTUzMqKWZgqgZJPQV8q/tA/GaXxJdy+C/DN0f7Lhfy7qaM8XTgjgH+6CD9a+c4n4kw3DOBeJrayekY/zS/y7v8AU48djIYKlzy36LuzlfjZ8V7n4ia4y2JeLR7AmG1iJP71txzKw6c8Y9BXrH7I90W8Pa9ZmQEx3kUu3dyN0eM4xx9315x7V8xyx/uto/hIz+J/+tXuf7Juvx2fibVfD8jAf2hbrLHlsfNETkAd8h+v+zX4ZwZnVbG8WU8ZjJXnUck/nF2S7LZI+Sy7Fyq5nGpUesr/AJaH1NRRRX9LH3IUUUUAFFFFABRRRQAUUUUAFFFFABRRRQAUUUUAFFFFABRRRQAUUUUAFFFFABRRRQAUUUUAFFFFABRRRQAUUUUAFFFFABRRRQAUUUUAFFFFABRRRQAUUUUAFFFFABRRRQAUUUUAFFFFABRRRQAUUUUAFFFFABRRRQAUUUUAFFFFABRRRQAUUUUAFFFFABRRRQAUUUUAFFFFABRRRQAUUUUAFFFFABRRRQAUUUUAFFFFABRRRQAUUUUAFFFFABRRRQAUUUUAFFFFABRRRQAUUUUAFFFFABRRRQAUUUUAFFFFABRRRQAUUUUAFFFFABRRRQAUUUUAFFFFABRRRQAUUUUAFFFeJftAfGoeD7VvCnhy4Q6vdR/vZVOfs6Ej8mIzj0615ec5xhciwcsbi3aK+9vol5mGJxNPC03VqPRHP/tCfG6NY5vA3hS7/eH5b+5RuNpBBjUj9fyr5wt/mYzN/D0NQNNJcTEszMzHczMckk9ST3q0qSNEfLUlUHJFfypxDnuL4ixrxWI67LpFdl+vc/P8djqmLqOcvu7IWQsIZJNpAMypzxjCk1ueBfEDeCfFmh+KdzNHFcDzlXgmM8MPyNc/NIG0mGRQSXuCpPUtgHFad9b7tLWyxmQQqx/3uuP1rjyqdShWWIpaTg016xaZxuU6clKnurNH6B2l1b31rFeWsqywzIJI3U5DAjIINTV4X+yz8R18ReGH8G6jcA6ho3+pHPz23GDn1UkjHpivdK/rjJszpZxgaeNpbSX3Pqvkz9JwWLhjcPGvDZ/0wooor0zqCiiigAooooAKKKKACiiigAooooAKKKKACiiigAooooAKKKKACiiigAooooAKKKKACiiigAooooAKKKKACiiigAooooAKKKKACiiigAooooAKKKKACiiigAooooAKKKKACiiigAooooAKKKKACiiigAooooAKKKKACiiigAooooAKKKKACiiigAooooAKKKKACiiigAooooAKKKKACiiigAooooAKKKKACiiigAooooAKKKKACiiigAooooAKKKKACiiigAooooAKKKKACiiigAooooAKKKKACiiigAooooAKKKKACiiigAooooAKKKKACiiigAooooAKKKx/F3inSfBnh698RazcCK2s4y59WPZQO5JwPxqKtWFGDqVHaK1bJlKMIuUtEjj/AI2/Fiz+GvhxltZFk1vUEaOxh67TwDI3oFyPqa+JNS1DUtW1K41DULiSe6unaSR27sxya0/GXjTVPH3ii98VatIc3Eh8iLd8sMf8KL9B+ZzWQZVXmv5d4z4pq8R433dKMNIr/wBufm/wWh+dZpmzxta6+Fbf5k0Ee3bHGcu1bU6rZ6XIingRn/gTdzVLRYhzeS5A+6vuO9S+Jma1sbiNzk7Rg4+8Ox/EYNfP4agoQc5bs8xSbpyk+pVXy7bQ9PvJVJ2s5T/akbgY/DJ/AVoeY2xctyFBz71ia6zJZaLalyEWJpNp9eBk/hW95DTQwGPgMGZmPACggf1oyuPLFzk92/zZVed6jjHol+RX8M+LNQ+HHjex8VaXIQscmZYxkebGfvxnHUEfkcHtX39oGtWPiPRbLXdNkD219AlxGQezAHB9+a/O7WIftlo6jBK5aP8ACvoL9jj4jC5tb74d6hMoaDN5p6nqQT+8T8Dgge7V+s+HucSwONlltV+5V1j5S6r5/n6nq8M5ksLi3g56Rnqv8X/B/M+n6KKK/bD9DCiiigAooooAKKKKACiiigAooooAKKKKACiiigAooooAKKKKACiiigAooooAKKKKACiiigAooooAKKKKACiiigAooooAKKKKACiiigAooooAKKKKACiiigAooooAKKKKACiiigAooooAKKKKACiiigAooooAKKKKACiiigAooooAKKKKACiiigAooooAKKKKACiiigAooooAKKKKACiiigAooooAKKKKACiiigAooooAKKKKACiiigAooooAKKKKACiiigAooooAKKKKACiiigAooooAKKKKACiiigAooooAKKKKACiiigAooooAKKKKACiiigAooooAK+Lf2ovio3i3xd/wh+i3hbSNJxHNtb5ZrnkseOoX5QPcGvd/2j/iqvw38Dz2+n3ATWdXRrez2n5oweGl/wCAgnB9RXwjayb5DIzFu+SckmvyLxL4i9nTWU4d6uzn6dI/Pd/I+L4pzX2SWDpvXeX6L9TVRtiKufuinwq1xKsKclziqsP72RYdwQv93Pr2rV0e1khmlkuFKNH+72nqD3/z71+J0aLqVOU+GjNzlqbabIYxEp2qowPpVXxlJ5nh+0uAdrGT7LJxz8pyp/EH9Kc0vXqT/WodWuJL7RWsZMlre9gmQ45IPykZ716uKXs6XMtlb8dD0ISU4umZviybbqelWUakH7McD33YrqdavFt4YdJt8jyYkWdvVuWx+BP51y+qPHH4oh1CfGyytQig85lYttH5ZOKv7muZJpJmO4RvI3ua58qpr2cZPZK/z1JxNTlrVF3siN39GxVTwr4pu/h5490zxRZbwkFwsrKrbd8f8aZ9CCR+NXobVfI/tC/cw2275MD5penC57e9c54gh+0WTyxKQ0OXAHXB6ivbhKVKUa1F+9Bpp+a1PLqznR5asfii7r5an6a6XqVrrGm2uq2Mqy295Ck8TqchlYAg/rVqvC/2QfHi+Kvhiuh3E2678PzG2x3MDfNGevb5l/4CK90r+k8sxscxwdPFR+0k/wDP8T9ny/GRx+Fp4mO0kn/mFFFFdx2BRRRQAUUUUAFFFFABRRRQAUUUUAFFFFABRRRQAUUUUAFFFFABRRRQAUUUUAFFFFABRRRQAUUUUAFFFFABRRRQAUUUUAFFFFABRRRQAUUUUAFFFFABRRRQAUUUUAFFFFABRRRQAUUUUAFFFFABRRRQAUUUUAFFFFABRRRQAUUUUAFFFFABRRRQAUUUUAFFFFABRRRQAUUUUAFFFFABRRRQAUUUUAFFFFABRRRQAUUUUAFFFFABRRRQAUUUUAFFFFABRRRQAUUUUAFFFFABRRRQAUUUUAFFFFABRRRQAUUUUAFFFFABRRRQAUUUUAFFFFABTZJFijaSRsKgLE+gp1eSftPfEQ/D/wCFt/JaXBj1HVf9AtCp+YM4ILD3Vdx/CuTHYyngMNPFVfhgmznxeJhg6E8RU2imz5B/aA+IzfEb4napqlvNv06xb+z7DHTyYyQX/wCBOXbPoR6Vw1rIvl9etYiy4Xb6Vft5f3a89a/lvMa9XH154qt8U22/mfhuKxs8VUlWqbyd38zT83cwXb146dzXoemwrqmlJZ5/4mFlHlTjHnJ3U+4/pXnWjjzr6POSI/nP4V1dvfTWdxHdQuVkjbcp/nWeHwrcOdaPozXBVkruT0ZZTb9nmmkIxFhcDrk8en+cVStZll19bKQkrLZuTz3VwRXQ6+trPpSapYgqlzcB5IweFYrg9O9cRaXTf8JtCq9rN/cnNXin7XB1JK56DkqOIjFa6oTxfeKus6dZR8eY4mYL1PO0f1rrdFhtY7G81LUgfIVRGAP+WnOSg9c4ANcBJbza98RILJOEjkQM7fwoOSa7nX9YsfNWxtYVnhtMrHGTiNTxk4HU9ajA07U4UY7tJszlUvVqVpbJu3mzN1TU5dQuDPMygD5Y0XpGo6AD6VnyOrblbOGyPzomnaSRpGVAT2UBQPwFV3kx9R6179OklGyX/APKqVXJuT1PSv2QPGH/AAivxgfw1dXSxWuuQvbANzvmX5ox7Z5H5DvX3tX5Vx6xP4X8X6P4os2xJaXEVwp/vMjg4/Liv1L02+i1LTbXUoDmO6hSZDjGVZQRx24Nfqnh/inLB1MHL7Err0l/wbn3/AGN9rhauDf/AC7ldekv+Dcs0UUV+gH34UUUUAFFFFABRRRQAUUUUAFFFFABRRRQAUUUUAFFFFABRRRQAUUUUAFFFFABRRRQAUUUUAFFFFABRRRQAUUUUAFFFFABRRRQAUUUUAFFFFABRRRQAUUUUAFFFFABRRRQAUUUUAFFFFABRRRQAUUUUAFFFFABRRRQAUUUUAFFFFABRRRQAUUUUAFFFFABRRRQAUUUUAFFFFABRRRQAUUUUAFFFFABRRRQAUUUUAFFFFABRRRQAUUUUAFFFFABRRRQAUUUUAFFFFABRRRQAUUUUAFFFFABRRRQAUUUUAFFFFABRRRQAUUUUAFFFFABRRRQAV8G/tr+PU1/4mQeEbO68y18OW4WYKePtUgDN7HamwexLCvvCRhHG0jMAFBJJ7V+TnxD8Q/8JJ481/XlzsvtRnljJzkoXOCc85Iwfxr8/wDEPFypZfDDR+3LX0jr+dj4Xj3Gyw+Dp4eP25a+i1/OxmCb8q34bdbzSxfWYy9uP9Ii6kDs4wOh7+lcn53ua19E1ibS5orqFQQnysrHIdT1Br8Sr0pON47o/KVVV7S2Ok8Nqu2a44ySFH8zXQw2l1PgwIr8dnXJ9R16+1QQaTDJY2l9pJH2TUJOpH+qYnBz7Cq900P2iVYVIjDFVUnsOMn6134a3s48vr8z06cfZU1zbfmdLpKXTW8+jX8EkUVwpMTsPlD+x6ZziuM0hXbxZqEkmEe0j2sB2OcHP61px6lfaWsUyXUio48wx5JyoOMH64NRxxqusarqkZJjvRHIvOQDj5ufwrz8yTpUpJvSX+Z30qntvZ6axevp0Mtbg6ZrUfl5F5q9yQrfxLCowCB7n+dXZj5TNGxOUYg46nFc9pN22rfE63beWjtm2rjnCIMk+2T/AErrtN05b6WTUr2TybKOQuz/AN8g9B6134OKw1JOW7S/4Bx1Z+3naG13/wAEG0+5u5ooYEAWGFDNI3CITkkE+oqjdS2UK+TaZmbq0zcA8fwj0+tT614il1Bjb2+YbRW+WNf4jwctWKz4r0KNOUkpT0v0OKtVjHSLMrxRh7OOTbnZJj0xkV+jn7NuvN4j+CPhPUJHLSJYi2YkYOYmMf8AJRX5xeIm3aXN83IKsPzr7m/Yb1Jr74GQQtIzfY9TuoQD0UZDYHryx/WvuOCJ+zzSpD+aH4po+h4BxDjnE6V9JU2/mmv+CfQVFFFfq5+zBRRRQAUUUUAFFFFABRRRQAUUUUAFFFFABRRRQAUUUUAFFFFABRRRQAUUUUAFFFFABRRRQAUUUUAFFFFABRRRQAUUUUAFFFFABRRRQAUUUUAFFFFABRRRQAUUUUAFFFFABRRRQAUUUUAFFFFABRRRQAUUUUAFFFFABRRRQAUUUUAFFFFABRRRQAUUUUAFFFFABRRRQAUUUUAFFFFABRRRQAUUUUAFFFFABRRRQAUUUUAFFFFABRRRQAUUUUAFFFFABRRRQAUUUUAFFFFABRRRQAUUUUAFFFFABRRRQAUUUUAFFFFABRRRQAUUUUAFFFFAFHXCw0W/MYywtZdvy552nt3r8f7qd2uZmZWBaRidxyQcnOT3NfsPfQrcWNxbt0kidD17gjtzX45atH9l1a9tST+4uJI/TBDEHgdK/NPEOnzfV5f4v/bT8t8SW4fV5L+9/wC2j/M681atZsxld2Pesnzj+FWLeYncB3GeK/MJUdD8rlWdtT1/wdrC6clva3PNrMi7t38Ldmo1DS5rfWP7PdjiaT923qjHOR9BWBbuDbxDn/VqB6dBXYaLdJrFrEtwG+2adllYjO5dpxknrj/CtqkPYfvI9d/8z6HDVFXjGi+m3+T/ADMHVrpJLi4aMbY1Plxr6KOAP0ql4f1Nrjw35khJaMyJ17A1S1O48qxnk/2SfrUOmq6+D44Y1zJOjkDpkt0/AVx5xTj7GnB90GExDlUfZpsg+E0IuvEV7qtyx8mG3l3P0+Z+vP0zXV65rQvXFraKsVnAdsar3weCa5XRp4dLV9Cs2+7GDcOv8TE9P0rVn8uOzhZlG+Z2Yeu1cD+efyrvwtHnl7eS9PTuZVK7pUVQhvvL1fQOfLaQH5UYL9SagabOcc4q7FZXFxpqOu2NJJN8kr8BVAwB/M8VRums0Hl27SysCP3j/KP+Ar/j6V6EGm7HFKDsmzN16TbpN02dvyj8eRX23+wOki/BW5eRUCy61cOm0c42Rr8x7n5fwGK+G/EEoXTZt7ABiq59Bn/61fpH+y94bTwv8B/B9ituYWubAag6sMMWuCZiT7nf06jgdq+u4Nw7lmUqnSMX+LR9hwDhpVM4nW6Rg/xat+TPVKKKK/Uz9nCiiigAooooAKKKKACiiigAooooAKKKKACiiigAooooAKKKKACiiigAooooAKKKKACiiigAooooAKKKKACiiigAooooAKKKKACiiigAooooAKKKKACiiigAooooAKKKKACiiigAooooAKKKKACiiigAooooAKKKKACiiigAooooAKKKKACiiigAooooAKKKKACiiigAooooAKKKKACiiigAooooAKKKKACiiigAooooAKKKKACiiigAooooAKKKKACiiigAooooAKKKKACiiigAqjrF5c6fYyX1va/aPJG5484JUdce4q9RUzUpRai7PuJ6rQwPCfjrwv41tTceH9VhndMiWDcBLERwQy9R9eh4wa36+Wf2iPAV94L8QJ488KNNY2uosVma1LRfZ7gg5O5SNofPtzn1rk9B/aK+KWh7IZNaS/jTjy7+ESdyfvjDHr3PYV+aVfESOTYyeXZ3RcZxfxQ1jJdJWbTSa/xHhTzr6pUdHFwaa6rZ+f8AVz7Sor5Qt/2rviFIwiXQdFlfb3WRecdfvnvzVLUP2mvi/cYa1s9IsxkH5YNxx3HzMe/413f8RLyGUeaEpv0i/wDhvxHLiLBRX2n8j68prSRoMs6qPc18Iax8WPjRralLzxxdRR9Nlu6w/wDotQT+PpXFalH4k1RmbVPEd1dtkMTPPJKSR0OWNedW8TsPf/Z8NKXq1H8uY8uvxfCH8KjJ+rS/zP0VuPEnh6zbbda7p8LcDElyi9fqap/8J54IBwfGGiA88HUIs8df4q/OCbQWfmS+lb6L/iaqzeGo1Zo5Lq4yp5HA9f8AGsF4kYiX/MKkv8f/AADzanG2Ij/zDr/wL/7U/TCHxd4VuVL2/ibSpVXG4peRkDPToe+D+VaFveWt0u+1uoplHeNww/Svyxm8M26tuW7mDLyDx296gj03VNNk8/SPEF3ayr/HGzI2PqpB611UvEGq/wCJhvul/wAA5/8AiIFan/Ew33T/APtT9W6K/MfRfjN8fPByhND+IWpTRLwsVxMLhQPZZg2Pwr1bwh+394s0eVLX4leB7a9iyA1zp7NbygZALbH3K5xngFegr3MJxtl9d8tZSpvzV196v+R6GD8QcrrSUcTGVJvurr743/FI+4qK4z4Z/F3wH8W9G/tjwXrkV1sbZcWzfJcW7+jxnkeoPQjoa7OvraVWnXgqlJpxezR9tRr08TTVWjJSi9mtUJX5FfGnSZPDvxY8V6TIuwQ6tclVxgBGkJXGOMYPbiv12r83/wBvDwc3h34xf8JBHCEt9ftI51bbjdIg2OOBz0B/H6V8dxxhnVwMaq+zL8/6R8F4j4SVbLYV4/Yl+D0/Ox87eZxk1sWtvHqFmZ7IKLm3X99CP417MvP5iuf3HoWziptP1C4028hvrV9jxt+Y7g+xr8lqUm4+7uj8Uguktvy9D0myulazgdW6xr/KtPTNYurG8iu1kldY2wy5J+U9QcdKr25tdc0WLWtLjw6p/pNvn7hHUgVHFqOpSMsdtdSDGdqo2B0z9Ogrpjy1qVnp3PXgpUrST7DfiZDHp8Ms1v8A6m+G6Pb6tjIqCe8TR/D8MjsP9HtVwB3JAAA/E07xPdSeI/DEdlIxku7W4V1K90yM/wA/0rD8dXXl6ekKkZaRR9ABXkYuHtalPDz3T1/r0OiU/ZznWjs1depD4R8y4+2XLMWeWQLk9z/k16PJovlssl5HvW3hVUgTALHGT1Pr2rmvAekLpPh4a7f28kkrkyW8CqST0wxFMv8AULq+uHnunbezH5ey856V60U675abskiaEFSpqdTWT1L2rX2o3DCOeF4IFyI4gMKP/r1mM/akFxJtMZbcG6g8/jUTNXoUqSprlRLvUfMx1roj+LfEnh/wii7m1rVILUj+8GYAjj1zj8a/WextUsbK3so1VUt4liUKMABQAMe3FfBv7EvgePxP8X7zxheRB7XwlYlbfK5BvJ8ruyeMrHv9/nU1981+j8HYR0sNPEy+29PSP/BufqvAWBdHCVMXL/l47L0jp+d/uCiiivsD70KKKKACiiigAooooAKKKKACiiigAooooAKKKKACiiigAooooAKKKKACiiigAooooAKKKKACiiigAooooAKKKKACiiigAooooAKKKKACiiigAooooAKKKKACiiigAooooAKKKKACiiigAooooAKKKKACiiigAooooAKKKKACiiigAooooAKKKKACiiigAooooAKKKKACiiigAooooAKKKKACiiigAooooAKKKKACiiigAooooAKKKKACiiigAooooAKKKKACiiigAooooAKKKKACiiigDJ8VeHbDxZ4fvvDupJugvoWjb1U9mHoQcGvhHxL4fv8Awn4gvfDeqqouLGUx7uqsOqnkcggj86/QSvn79qb4ere6bD4+0+Eme0xBfYzzF/C3tg8dutfl3ifw6syy9ZlRX7yjv5w6/dv6XPDzzB+3o+2jvH8v+AfNDRRs21maEgZ3Bdy/j3FWUur6z/dahGJbc/dmHIRuoOR0HrmqKyCRTHIRuA/OrVvY3Hl/atOvjDNkhl/hPfkV/PWH9spctJ6nxFlfW/yJPtdtJM0DS7JAcFWP8vXirLaa81rJJFiRoTuLL/EvcH0I9/fmse/msrhUt9dsWs5Y87Lq3XjHoR6e3tUKr4l0NhqOh3Iv4R3gOWx6FD17dPWvVpY+StGquWXns/mc86drtLmXlv8AcPkjMmVVSxxnGM07VI/OtbbVFwd48ibnpIvAzn1FVm8Q6bfRm+jQ2kseDcQ4IMLE/eA6hf5VqaTq9nqEL6beSI0V1hVuFblG/hJx1weM9cV7NOupJSj06dfM85wg7wvvt+hzMgzkjBwfT/PpUa24mtrrap3wqsq/QHB/mD+FaetWclnNFDNGFdItre5BOT+tJo/2GXUEXmIzK0MiNyrKykcHqCD2r1FVvDnR5s6TU3BnMyDPvVG4ijkUpIiup6hhkfrWpfW8lrcy28nDRsVPviqNxFJHtkeMhW6EgEHv6fWvRpyTjzbo8erD3uUzdMk1rwrqkXiDwXrd3oep2zh4bi1kK4I7EdCp7qQVIyCCCa+y/gH+2RZ+MNRsfA3xUtYNH1+6Pk22oR4WxvJABhck/u3bnAPBPAOSAfkHUoVgvriFcBVkbaAe2eP0rLureG6ja3uI1kjYcqRXu5VmeIyyXPh37r3i9n/l6nrZNnGKySpzYaXu31i/hf8Ak/NfifrnXzX+3X8Nh4v+FK+KrKzaW/8ADc3nMy9fszcPn2B2n2GenNea/s5/tYah4WuLbwN8VtUlu9HkIistauH3SWfZUuGPJToBIen8XrX2jfWWn+INIn0+6VLiy1C3aKQdQ8brg/mDX6VCvh+IcDOnDqrNPdPp/wAOfrsMThOK8tqU6enMrNPeL6fjsz8UVk25JySP8/jSiTDbht/nXe/H74X6l8IPiVqnhm7iItxIZrKTb8slu5JQg9/Q+4NedeYcHP4Cvx+vhp4epKnNWadmfgmJwlTC1pUaqtKLs/kek+B/E15DaMrGKRoX24KgNtPbI6j611jWMNxcRappvNvcK4MfXy32ng89M9q8g8M6stjqGyZysNwArHoAexr03Qdaj064CXEgFtL94k8Z/wDrisXT9nTdSno1v6HXhpr2fLPoc7/aTx+Kbez3EhoCrKPfkHipNUtU1C+imum/0W0DyyZ6E9AKz4YZIvGF7I/CIjvGcY+Vjx+lZ/irWJGgXRoD805DTY/u54H48V5daLr4pSpvdbmaleMk9rnZf2tdXPkzxTSRRxxjyArEbV7H8cU6bUbi4Urc7JSf42HzfmOtQTROtwtnBGXMUSRgKvXCjtVn+y47XEurXSQg8iNDukb+g/8A1V7sIU6MYxXRLQ6knLco71H3nxjtUc1wkMb3ErbUjUux9gMmp7q9tyvk2VmIUPVi26R/qe1d5+zv8N2+Knxa0bRbq1aXSdOlGq6qSuUMUJDJE2eCJJPLUgjld1d+FoVMTUjThGzk0l8zpw2Fniq0aFP4pNJfP/Lc+z/2Tfhw3w9+EOmtfWvk6rrmdUvwR8weTlUP+6u1f+AivZ6RVWNQiKFVRgADgClr9jwuHjhKMaFPaKsfveDwsMFh4YentFJBRRXK+Ovin8O/hnZ/bvHfjDTNHQoZEjuJh50qjj93EuZJP+Aqa0nUhSjzVHZLqzapVhRi51Gkl1eiOqor45+IP/BRzwfpsktl8NvBt7rUihlW91GQWsG7syxjdI6+zeWePxr5v8c/tlftAeOvMhk8ZtodpIc/ZtEj+yhevSUEzY56F8V89i+Kcvw2kG5vy2+96fdc+XxvGOWYT3acnUf93b73Zfdc/T7xH4y8I+D7cXXizxRpOjQt92TUL2O3U/QuRmvGPFP7cv7PPhtZFtPEl9r08bbTDpdhI2fcPLsjI9w30r849D8H/Ej4mahPdaD4c8QeJruST/SLiC3mum3nvJIAcH3Y17N4U/YL+P8A4h2yapp2keHYjg51G/VmI9lgEhz7HH4V5D4kzPHaYHD6d7N/jojxf9as2zD/AJF+G072cvx0SPXfEX/BSaxXzI/CfwtnlyP3c+o6iI8e5jjRs/TeK801j/goN8ddSjePT7PwzpWfuvb2Du6/9/ZHH6V6d4a/4Js6VHJHJ4w+KF3cR/8ALSDTdPWE/hJIz/8AoFenaD+wf+zzo6gX+i6vrRH8V9qci5/78eWKPqnEuM+OpyfNL/0lMf1PirG/xKih80v/AElNnxRq37W37RetrtvPilqMQ/6dIYLX9YY1Nc1d/G74y6huF18V/F7qwwy/21chT+AfFfpzo/7NvwF0OJYbH4T+HGCdGurNbl/++pdzH8TXVaX8PfAOhndovgfQLA+trpsMX/oKil/qvmVb+Nin98n+bRS4SzSt/Hxb++T/ADaPx7vNf8Saw5/tDW9Svnbr51zJKT+ZNQrpmqPyNPum/wC2TH+lftQscagKsagDoAKXav8AdFS+B3LWWIv/ANu//bCfATlrLE3/AO3f/tj8WFi1SxbzfLurcj+LDIR+NbWmfEX4haLj+x/HfiKxx/z7apPFj/vlhX7G7V/uj8qrXml6bqMflahp9tcp/dmhVx+RFJcEThrTxNv+3f8A7YceBZ09aeJt/wBu/wD2x+T2n/tCfHLTWVrb4r+JyV6edqMkw/ESEg12mi/tq/tEaTIrT+MLbU4048q9023IP1aNFc/99V+g198G/hHqW5r74YeFZmflmbR7fJ+p2Zrkda/ZJ/Z51yRprj4b2dvIwwGsrme2A+ixuF/Sl/qznFD/AHfFf+TSX+Y/9WM5oa4fF/8Ak0l/mfM3h7/gof8AES1mH/CTeB9A1KEDpZyTWkhP+8xkH/jteoeGf+ChHwz1Fo4fE3hPXtHd2AaSHy7uJPckFXx9ENWNf/4J+fCPUI5G0HX/ABFpE5H7sGaO4hU+6sgY/wDfYrzDxJ/wTv8AGlmvmeEvH2j6njJKX1vJZtjHYr5oJ+uB71LXFWB2/eL/ALdf+Uh24pwP/Txf9uv/ACkfUnhP9pL4H+NG8vRfiNpKzEgCG+c2cjE9lWcIW/4DmvSI5I5o1mhkV0cBlZTkMD0II61+Wvir9l347eDwZNR+HeoXcOSBNpu29BA7kRFmUe7AVy3hn4gfEj4b3jw+GfFWt6FLDLmW2jneNN4/vxH5SeOQymiHGeKwkuTMcM4vyuvwl/mVDjDFYWXJmGHa9Lr8Jf5n67UV8AeBf29vidoZjt/G2j6b4ltwPmlVfsdyT67kBj/Dyx9a+jfh/wDtjfBXxwYrS81qXw3fyceRq6iKPdjJxMCY8em5lJ447V9FgeJ8sx1oxqcsu0tP+B9zPocFxJl2N0jU5X2lp/wPxPcqKitbq1vreO8sriK4gmUSRyxOGR1PIYEcEH1FS19Anc91O4UUUUAFFFFABRRRQAUUUUAFFFFABRRRQAUUUUAFFFFABRRRQAUUUUAFFFFABRRRQAUUUUAFFFFABRRRQAUUUUAFFFFABRRRQAUUUUAFFFFABRRRQAUUUUAFFFFABRRRQAUUUUAFFFFABRRRQAUUUUAFFFFABRRRQAUUUUAFFFFABRRRQAUUUUAFFFFABRRRQAUUUUAFFFFABRRRQAUUUUAFFFFABRRRQAVV1PT7XVtOudLvoxJb3cTQyKe6sMGrVFTKMZxcZK6Ymr6M/P74jeD7zwH4sv8Aw/dZHkSF4X7SRHlG/Lj8DWLZ3zQnzl+43yuv9frX1f8AtOfDn/hJfCv/AAlmmQ51HRVLyAf8tLfq3HqvX6Zr5Ch3Kp4+VueK/lTi7IJ8N5pKjH4H70H/AHX0+Wx+dZvhHgq7jHRbr0Oo22V1CWmkcxvn7se4H82rNbw5YrM02j67LYSfeYSW58o/XBPXpwKoWepNZv5cjZiY/wDfNaUjKyhlYMCMgiuKkoYyGu55KrRdpW1RRkWOSZP7Uk0+aUHC3MMu0nPUEPg4IPTnvWDrng26t2OoeHLqSF85aMH5G78EdPoa6J7ZbtWhZY3yOEcDDe3PFYF1pFxZyM2k309hKrfNFuymc85Q9OtOOXVKM+bC1PkznxFenUhatG/n1II/FWpapZJpuvWL/wBqWSny2ACvOg6jngt/hTLG407Wl3aVqEZuUJzbzfu5QQewPX+dRSa40bJbeKbNVAI23MSfKDzgkdRzj86p+IPDNnrq/wBraPdRi5Iz5kLcPj+9jow9etdmHxksLL2VePKvvX9fkefWpxrLmpy5mvkzf8SQtdW8GseWyyN+5uVYYKyD1+v19K57dPax+aIx5MvysG5R+eh96oaX441/RWOg+LopLi0m/drLL95PT5x94emelT/2xDa3j2SyAMRzHJjEq/yP4V7uCqXXsnr280eRi+WVq0b+a6p/8Eu6xCL6a0u4cIlxDlu+zZ941hzNHu/d7se/f/CumVobzw/d29izLKmX8luoTIJ2nuOOlc4tvuhe4ZtkS8A4+8fQe9ejhZ+649iKkdVNdSlJ0xtBBU8HuPevpf8AZM/aP1Dw3qdh8J/HGoCfRLphbaNeTsxls5TgJbFj96I9EzypIUErtC/OenxrNeGE4JaGRQPfYcVkTRrIrRSLuVhhgfpzXu5djqmBxHtKT1VvmuzPTyvMK2W4iOIouzW67rs/68z9Df2svgHD8ZvA7XukxKPEOiI89mRwbhdpLQk9s9jzz9a/LPUrG80m+msL+CSCeCRopI5VKsjA4IIPSv08/ZD+OknxI8Mv4L8RTSyeIfD8K/6RJLvN7a8BZSSd28H5Wz14OTkgea/tofspnXIbr4rfDrTN+oDdLq9jCpzMOpmjVVOXzndnrnNfTZ7lsM2oLM8Fq7e8u9v1X4n1/EmUU88w8c4wCu7e8urS/WP4nwGzev8AjVtbuWWMRtM5A4A3VRuI5LeRoZo3VlOCG6j2NNimZWGelfAuGmh+Y+z5loelWOoR3+kx6iVHniP7PI3PY1g2OmfbtaudUvMpZW8m5nY/f244Gau+HcQaGjSNgSOXOegUVha/rx1JzZ2f7uyiJAA43nPJP414+HpT9pOFPbv2Ry03KScY7XPTpvEkceDpMa4kO+SZ+rk9x7Vmz3FrdZkkiaGY/wAUbZVvwPT8DWLot2t1pcEm4EquxvZh6/UVc3jkM4/E4x/hX0dHD04xXLvpr1PfhG8eaJYtYZ725hsrOJpp7mVYYo4x8zuxACgdyScV+kP7Mvwdh+Efw5s4tQhH/CQavGt7q0hAykrjIhB9EBC/8BzXhn7GfwBe/uLT4y+LLNkgt3Eug28qcS7oiPtXJ6YkIXI6qT6V9A/GP9pD4W/BG1I8Wa15+qsoaHR7HbLeSA9CVyBGvU7nKg4OMnivvchwNPAUnmGLfLfa/Rd/Vn6PwzltLLKLzPHNRv8ADfou/q+nl6nqFePfFr9q34N/B9ptP1rxB/aesxEqdK0sCedGHUSHISLtw7BueAa+GfjL+2v8Wvip5+k6PdHwloEuVNnp0x8+VPSW4wGbPIIUIpBwQa4r4Tfs5/Fj4zXCN4R8NyJppYiTVr7MNmnriQjMhB4KxhmGeRjmpxfFM68/YZZTcpd2vyX6v7hY3jKpiKn1fKKbnJ9Wn+Ef1dvQ9M+Kf7e3xe8dCXT/AAesHg3TJAV/0J/NvGUjHNwwG32MaoRnqa8W8M+Cfib8YNen/wCEc0PWvE+pzSKbq4AeYhm4DTTOdq5x952A49q+7/hR/wAE/fhn4SWHUviNezeLtSUBmt/mt7GNuDwinfJggjLNtYdUFfTukaLo/h/T4tJ0HSbPTbG3XbFbWkCwxRj0VFAA/AVjT4dx+ZyVXMqtvLd//Ir5XOelwtmWbSVbN6zXlu//AJGPyufBPw5/4Jz+M9VWO++Jniyz0KE7WNlp6/arnH8Ss5xGhHqvmCvpnwH+x38AfAIjmh8Fx63eRrj7VrbfbGb38sgQg+6oDXtVFfRYPIcvwWsKab7vV/jp9x9VgeG8twGtOkm+8tX+Oi+SRDa2lrYW0dnY2sVvbwqEjiiQIiKOgCjgD6VNRRXsLQ91KwUUUUAFFFFABRRRQAUUUUAFFFFABRRRQAVz3ir4e+BvHMPkeMPCOk6uAhjVru1SR0B/uuRuTr1Ug10NFROnGrHlmrrzInCNSPLNXXmfMfjj9gr4Y65vuPBesal4ZuG+7EW+2Ww6/wALkSZ6f8tO3Svm/wAf/sf/ABq8CB7qDQU8RWCf8vGjsZmA7ZhIEufXCsB61+llFfNY/hDLMbdwj7OXeOn4bfdY+exvCmXYvWMeR946fht+R+Tngb4r/Ez4WXjf8Ij4p1HSxHIfNs2bdAzdDvgcFCe2SMj1FfU/wx/b2028aHTfit4e+wO3ynU9MVpIc56vCSXUY6lS5J6KK+hPiH8Ffhn8UoSvjLwraXNzjCX0Q8m6TAIGJUwxAz91iV9q+UPih+wh4o0VZtU+GGsrrtouWGn3hWK8UccK/Ech6nnZ0wATXzcsqz/h338DU9pTXTf/AMlf/trueC8szrIvewc/aQXT/wC1f/trufZ/hbxh4X8baSmueEtes9VsXO3zraUOFbAO1h1VgCMqwBGeRWxX5M6Zq3xE+EXihnsbnV/DOt2bASxsrQyY6hZI2GHU9cMCpHrX1X8Iv26LO78jRfi9pwtJfljGsWMZMTdt00IyV9SUyMn7qivWyvjXC4qXsccvZT8/hv8Ap8/vPVy3izD4h+yxi9nP8P8AgfP7z67oqlo2taP4i02DWdB1O21CxuV3Q3FtKskbj2YHHt7Vdr7WMlJc0dUz6xSUlzR2CiiimMKKKKACiiigAooooAKKKKACiiigAooooAKKKKACiiigAooooAKKKKACiiigAooooAKKKKACiiigAooooAKKKKACiiigAooooAKKKKACiiigAooooAKKKKACiiigAooooAKKKKACiiigAooooAKKKKACiiigAooooAKKKKACiiigAooooAKKKKACiiigAooooAKKKKACiiigAooooAKKKKAGyRpLG0cihkcFWU9CD1FfDfxy+G9x8M/F8kdvA40TU2aewk4IXnLRcdNueMjpjrg19zVyXxQ+H+m/Erwjd+G79VEjr5lrN0MMw+6wP6H1BNfIcZ8NQ4ky9wj/ABYawfn1Xo/zszys3y9Zhh+VfEtV/l8z8+pmqxpdxcqxjYr9n/iaRgqp+J/lUXiHRdZ8H61d+G/EVm9re2UhjkRv0I7FSOQRwQaypnH17j/OK/mhU62EquEtJLTVfhY/J67dGbT6HbiPw+kYlm1GW73Z4tY8Lj/eb/Ci58R2PlLDFo6SKv8AFdSeY3YdSPpXCW+qTWLHnfGTyp/mPetaK8hvI/MhYH+8vcfWvbw3JXtzO77X/Ij6/wAy5adkzYk1eNbKa4m06yRGzHFGsK/M3ck+g/nXMX815byM1jZ2VtIwyVWEqCD9D04FaF0ZbmMPCpMVsojxnJUH+IjHQtnn6VTS6gaM294rPF/BIv3ovp6j1H4iu+GFoyi+aN0YV8TVk9/TT8DnLnXoZibTxNpaRIx4lT95Hn3B5H/16rat4estT0+NbWbcIx+4mU7to9CRziukuvD95cR74IPttu5wGjX37qeRWFJ4D8UWchutBhktnbJaJmGx/XIz/KolgacHz4Wpy+Teh5s6ld3jUg5L0/q5y2k+JtY8JapD/aULSxI21lbksnQ4Pfiuo1a6tbiWD+zZFeydN1uqdieWBHrmorix1C4RrPxJo0dvIO4dWRvpzkVkyaOtvZyac08qwH5oXDfNC3UbW9PrXTSx7jUTqrVaPrdeXpuc0YypR5Vt57o09LZV1aAN3YqQfdSP61Svo4rVntI8M4b94/8A7KPb+dYdj4uv9J1KOy1+NZ2hcbLpeJMZ4b0YfXn3q5r+u6bbatKsgkiEwEqHZkEH0x1r3qVeEqyu91+RrSrQvZuzNzwX4/1b4X+KtN8eaGc3GjzCZo8ZE0PSWM5xwybh1HOD2r9WPDfiDSvF/hzTvE2jzC40/VrWO7t3x96N1DDI+h6V+NGueJLSS0e1smaVpAVZipAUd+vU191f8E4/iY2vfD7VfhpfTl7jw3cG5tAcf8esxJKjA7Sbzzk/OK+64WzDkrvCyektV6r/ADR99wXmvs8U8C3eM1df4lv96/Ix/wBrj9jNNSW9+J3wl01UvSXuNT0iIJHHKMbmmiyQA/BJXvn16/ArKUkZZNwKsVZSPukHBH51+6dfEv7c37MNndWsnxs8EWKxXFs6f2/axjCyQ5x9pALAApxuAGSOf4ed+IuH4uMsZhVZrWS792jo4s4Wg4TzDBqzV3Jd+7Xn5HxvqDra+HxA2RstwuPc/wD681xu8feznNdD4rvBHbiHdw7foP8A69c1bQ3N9cQ2dlbyTzTMI44o13MzEgAADkkkgV+cYGk+Rvq2flOX05VIc3dl2y1e809y1rMVDH5lPKk/Q8V9Nfs4/A2PxdZH4xfHHUIdB+HejkTqt44hTUpFZl2nvsDKvHVyQqg5rmvD3wl8FfBPT7Txx+0JGbvVLiJbrSfBFvKBdXQI+WS8OD9niye/zEqwAbBFcT8VPjT8QvjdrUEniK6AtIGEWm6LYRlLS0B4CxRAnLHpuOWPTOAAPo6EKeXtVMUuafSH/wAl/lu/JH1OGpUcqaqYxc0940/yc/8A5Hd+SPof45ft7ahfW0ngr4DWraLpECfZRrMsW24kjX5R9njPEKYHDMN+COIyK+c/h78LPih8dPE01t4T0m+1q9mlEl/qFxIfKhLnJknnc4BPJ5JZsHAY19Ffs9/sDa14kFr4s+NX2jR9MbbLFoaHZeXC8Eee3WBT0K/6zqD5ZFfePhfwp4b8FaLb+HPCeiWelabaLthtrWIIi+pOOrE8ljkk8kk19BQyfHZ3NYjMZOMOkevyXT56n1OFyHMuIaixWazcYdI7O3ktorzev5nzd8Ff2CPh74G8jW/iVJF4v1lMN9mkTGnQNweIzzN3GZPlIP3Aa+o4IIbWFLe2hSKKJQiRxqFVVHAAA4AHpUlFfYYTA4fAQ9nh4pL8X6vqffYHLsLltP2eFgor8X6vdhRRRXWdoUUUUAFFFFABRRRQAUUUUAFFFFABRRRQAUUUUAFFFFABRRRQAUUUUAFFFFAHLePvhh4E+J2mjTfG3hy11FEBEMzLtngz1Mci4ZO2QDg45zXxt8YP2J/F3hETa18NribxLpa/M1mygX8K4OcAALMOP4QGyQAhwTX3lRXiZtw/gc4j+/jaf8y0f/B+Z5OZZJg80X76NpfzLR/8H5n5YfDj4s/EL4O6y1z4X1Wa1AkxeadcBmt5ypwVkiJGDxjcMMOcEV9y/BP9qTwR8Wlh0a+ZNC8SMNv2CeTKXDesEhwG/wBw4Yc8EDdWn8Yv2b/h/wDGCGW9vLUaVr+3Eer2kYEhIXCiZeBMowvXDYGAyivhP4q/BPx58G9WFt4ksd9nI+LPVLbLW8/cANjKPwcq2DxkZGCfhZRznguXNH97h/w/zi/vXqfIuOacLSvH95R/D/7V/h6n6h0V8Q/An9sjVvDht/DHxXmudU0wsEi1bmS6th0/e95kHXd98c/f4A+09J1bTNd0231jRdQgvbG7jEkFxBIHjkU9wRwa+9yfPMHndL2mHlqt4vdf8Dz2PsctzbDZpT56L1W6e6/ruW6KKK9g9MKKKKACiiigAooooAKKKKACiiigAooooAKKKKACiiigAooooAKKKKACiiigAooooAKKKKACiiigAooooAKKKKACiiigAooooAKKKKACiiigAooooAKKKKACiiigAooooAKKKKACiiigAooooAKKKKACiiigAooooAKKKKACiiigAooooAKKKKACiiigAooooAKKKKACiiigAooooAKKKKAPFf2kPgkvxI0P/hINBjC+IdLjPlgdLqIcmM+/dT9RzmvhSWa4tJHgmVlaNirI3VSOCK/VWvm39pX9myPxZHcePPANikWtopkvrOPCrfAfxgdBL7/xd+ea/L+OeDpZg3mWBjea+KP83mvNduvrv8ZxPkUsVF4vDK8luu/mvP8AP13+NGuY5P4gCexqe00/UWxdxMlrH/z1mfYpHXjPLfgKyLpZreeSG4ieKaFzHJGylWRwcEEHkEHtVKa6m3b/ADCT/tc/zr8dhRkvhdmflFRxTuegWfiDw5psgN5qE9xcrld1uNkXvknnnjp6VauPFWd02naXZRbv+WmzeTnvmvK5LxuQyio01i4tfmgmkjP90dD+FepQTuva+9/XY555lUprltZfj956Nc+ItYmEjSag6nBVVjwgGSPSs77fdLb3EzXUrSNtjXc5OAclsZPsBn3rm7PxJdXkgt/sZuW/6YjBA9SDwP8A61bAudBtVU61qqQytj/R4/mkzxwSOBXpwnh42XXtYyjiJYh35tPNlWexs9RgFvcTqGPGJiQMg9QwPH/1jWNdeGPFmhMZ9Mja6s3O5keQMoGB3z79a6ibxHpNi/k6Otmsi/ekkcSOG9Mk4/KsPWfFTLbu11q+SVICLIMt17CuiVOWIjeyt5msoU+W99TNvNGOqWwa+03yZRldrOOP91hWR4g0lm0eJAxaexHGRy0fccdSB/KuckvHY5M0hPX7x4/M1c0/xVcW/wDo91m5h9z8y/Q/0rljhq9O0oyuk72OBqo7SWtjBkycr09q94/YZ8cHwd+0NolrKxW28QRzaTNzjl13R8Yyf3iIPxrzG7sdK1yI3FmwDjuowwP+0O9dV+zL4bv7n9o3wJYeW3/IXjuAyqSCsQMjdAcfKh/+t1r6HJcVfGUnFWkpLT5ntcP4v/hQo8mk1KOnzsfsBXkf7V3iSXwz8BfFV1DcCGS7t109W7nz3EZUe5DEewJPavXK+W/+CgniD+z/AIVaToSxhm1PVlYknosUbtgDqTkr+APrX6vnlb2GW1qn91/joftnEmI+q5TiKn91r5vRfmeM/AX9ifQPjV4NsPiP4u8XahaWt3LNHDZWUMa7lR3RmMjbuS6joBjaR3yF+J/jL4D/ALK89x4R+BWg22tePrdTb3OvX7C6TSnzkhcjY846YAwpGG3FSlZ3xS/aqm8DfDLRfgP8HLxrR9M06Oz1jWoH+ZZdv72C3Yd9xIaUd87D/EfIPgH+zt42+PniD7Docf2HRrSQDUdYmjJhtxwSqjjzJSOiAjqCSo5r4n2tHDU6eByymnVsk5bu9tbfq+nQ/OvbUMJSpZbk9JSr2SlPd3try3285bLp3XP+E/B/xL+PXjxtP0WG+8Q6/qbm4u7q4lLbF43TTStwqjgZJ9FGSQD+jf7Ov7Ifgj4IwQa/qgi17xgU/eajKn7q0JzlbZD9zg4Ln525+6GK16R8J/g/4F+C/hlPDHgfSxBGdrXV1Lhrm8kAx5kr4G48nAACrkhQBxXbV9Pk/D1PA/v8R71X8F6efn9x9lkPCtHLbYjFe/W38l6d35/cFFFFfSH1wUUUUAFFFFABRRRQAUUUUAFFFFABRRRQAUUUUAFFFFABRRRQAUUUUAFFFFABRRRQAUUUUAFFFFABVHWtD0fxJpdxomvabbahYXa7Jre4jDxuOoyD6EAg9iARV6ilKKmnGSumJpSXLLY+Gvj5+yDqng9bnxd8M47jUtEUmSfTeZLmzXuU7yxj/vtRjO4AsPN/gr8fPGHwa1LGnyG/0O4kDXmlzOfLfsXjP/LOTHccHA3A4GP0tr5p/aG/ZOsfGX2nxp8NrWGy15t0t1p64SG/bqWXJCxynn/ZY8nBJY/nGd8J1sDU/tLI24yWriv/AG39Y9enY+KzPh6phKn13KvdkteVfp/8j93Y9u+HfxI8J/FDw7F4k8JagLiBsLNC+FmtpO8cqZO1h+IPUEgg11Fflx4F8eeN/g74uOqaHLNp9/aSG3vbK5RgkoVsNDNGcHqCOzKeQQRmv0J+D/xk8LfGLw8NW0ST7Pf24VdQ02RwZbWQ/wDoaHB2uBg9wCCo9nhriqlnS+r1/drrp0l5r9V0PUyTP6eZr2NX3aq6d/T/ACO+ooor68+iCiiigAooooAKKKKACiiigAooooAKKKKACiiigAooooAKKKKACiiigAooooAKKKKACiiigAooooAKKKKACiiigAooooAKKKKACiiigAooooAKKKKACiiigAooooAKKKKACiiigAooooAKKKKACiiigAooooAKKKKACiiigAooooAKKKKACiiigAooooAKKKKACiiigAooooAKKKKACiiigD58/aG/Zb0/4lLN4q8GeRp/iVEJeNvlhv8AA4VyPuvxgP8AQHjBHwb4i0PW/C+pTaP4g0q5069hJEkNxGUYc479RnuK/XWuP+Inwl8A/FLT1sfGWgQ3ZjyYbhfknhJGDtkXkfTp044FfC8Q8FUM0m8VhGoVHv8Ayy/yfn17HxXEHCFPM5PEYSXJU6r7Mv8AJ+fXsfk9K31qlNJz/hX2L4+/4J/6tGZrr4deMILpDytnqkflsOOglTIOT6qOvXivAfGH7Nvxu8GtK2qfD/U5oIc5uLKP7THgZO7MecDC55xX57iOHMywD/fUnbutV+B+U5lw7muBk3Wou3dLmX3q55nJqN8IPsq3LrFjG1DjP1x1rObcrblzndnNaN9o+sWUhivdLu7di23EsLLz6cis94bpsFbeTBwPunvXHCk46WseCozvyy38yrIzMSzEHNVJO/GK27Hwv4l1hxBpOgX9274ZRDbu5IJAHAHqa9R8FfsdfHbxxKjR+DZ9Kt2K7rjU2+zooPfDfOe/3VPb1r0sNgsRiHalBv0Vz08Hl2KxT5aFOUvRNnhcn3ivU1u+DPh540+IWqR6H4N8N32r3juqlLaMlY9zABpH+6i89WIFfdXwx/4J0+F9K8q++KHiSTVp1O42WnZig7cGQjew69Avavq3wj4I8I+A9LXRvB/h2w0izX/lnawqm45JyxHLHJJycnk19dl3COIq2li3yR7bv/Jfifd5VwLiq7U8dLkj2Wsv8l+J8WfCf/gnDdPb22s/FbxpcWMzpubTdGVRJGTu4edwwJHyHATsRk12Hj79inVvCN9a+Nv2e/E13ZavpamWK1vJh5jSBSCYpsAAspI2uMcnkA8fX9FfUvhnLXTUFCzW0k/ev3v/AEj7R8H5Q6KpqnaS2km1NNdVL+l5Hy38L/2vL7SdYg+HP7Rehy+GPEMYEf8AaUkHlW0x/haRf+We4fxDMeQeVBwPDP21vjToHxN8daJ4b8H3j3en+GvP828HEM8jFTI8Rz86qsTAN0JBxlSGb7q+Ivwr8B/FXRZND8baBBfROuI5vuTwEcho5B8ykH0OOSDkEivli6/4J6zN42t1tfGsf/CHshgmTYV1CKHcHZVIUxuznepb5QobOGxtPmZrgs3lh/qcWqsG1rtK19pdH6r5o8fOcuz2eF+oRarU3Je9tOyd0pdH5yXzR87fs0/sx+JP2gvED6heNNpvhKxm/wCJlqYHzyt94wW+4ENIQRknKoCCckqrfqH4O8G+GfAHh2z8J+ENHg03S7CPy4YIV/NmPVmJ5LHJJJJJNTeGfDOg+DNAsfC/hfS4NO0rTYRBa20K4VFH15JJJJYkkkkkkkmtSvayjJ6WVU+83u/0Xl+Z9BkOQUclo6e9UfxS/ReX59Qooor2D3wooooAKKKKACiiigAooooAKKKKACiiigAooooAKKKKACiiigAooooAKKKKACiiigAooooAKKKKACiiigAooooAKKKKAPEv2hP2b9H+LNnJ4g0FYdP8VQR4ScjbHeqo4jmx3xwr9RwDkYx8S6Drnjj4N+N/ttj9o0jXNJlMNxbzLww43RyL0ZGGPrwQehr9R68Z/aG/Z9034uaSdX0eOG08U2MeLa4PyrdIOfJlPp/db+En0Jr4LinhV4t/2jlvu1462WnNbqu0vz9T5TPMh+sP65g9Kq106/8AB/M6T4MfGXw/8YvDY1TTdttqdqFTUdPZsvbyEdR/ejbB2t7EHBBFehV+XvhPxR4z+Dvjcappvm6dq+lzNBdWs6kLIAcPDKndTjn6AgggEfoj8Kvih4f+LPhODxNobeVJ/q7yzZw0lpNjlG9R3VsDIweOQOrhTiiOcQ+q4nSvHfpzW6rz7r5ry6MhztZjH2NbSrH8fP17r+l2NFFFfZn0YUUUUAFFFFABRRRQAUUUUAFFFFABRRRQAUUUUAFFFFABRRRQAUUUUAFFFFABRRRQAUUUUAFFFFABRRRQAUUUUAFFFFABRRRQAUUUUAFFFFABRRRQAUUUUAFFFFABRRRQAUUUUAFFFFABRRRQAUUUUAFFFFABRRRQAUUUUAFFFFABRRRQAUUUUAFFFFABRRRQAUUUUAFFFFABRRRQAUUUUAFFFFAFW60vTb5Sl7p9tcK3USxKwP5iqC+DfCCN5ieFdHVt/mbhYxA7v733evvWzRUuEXuiHThLdIgt7Gzs122tnBCPSOML/L6D8qnooqkrFJW2CiiigYUUUUAFFFFABRRRQAUUUUAFFFFABRRRQAUUUUAFFFFABRRRQAUUUUAFFFFABRRRQAUUUUAFFFFABRRRQAUUUUAFFFFABRRRQAUUUUAFFFFABRRRQAUUUUAeBftN/s9w/EfTX8ZeE7NU8UWMf7yNBj+0YVH3D/00UfdbuPlPG0r8m/CP4peIPg/4wj1zTxI9szCHUrBiVW4iB5Ujs68lW7H2LA/pfXyT+1v8Blj8/wCLHg+xwrHdrltEvQ/8/SqP/H8ezf3zX5vxhw/Uoz/tvLPdqQ1kl5faXn/N3Wve/wAdxBlM6c/7Swek46u35/59187/AFB4V8UaL408P2Pifw9eLdWGoRCWGReo7FWHZlIKkdiCK1q+C/2Yfjg3wz8RDw14guseGtZlAlZ2+WynOAswzwFPAf2Ab+HB+81ZWUMpBB5BHevqOG8+p5/g1WWk46SXZ/5Pp93Q9zJ80hmmH9otJLSS8/8AJ9BaKKK+gPVCiiigAooooAKKKKACiiigAooooAKKKKACiiigAooooAKKKKACiiigAooooAKKKKACiiigAooooAKKKKACiiigAooooAKKKKACiiigAooooAKKKKACiiigAooooAKKKKACiiigAooooAKKKKACiiigAooooAKKKKACiiigAooooAKKKKACiiigAooooAKKKKACiiigAooooAKKKKACiiigAooooAKKKKACiiigAooooAKKKKACiiigAooooAKKKKACiiigAooooAKKKKACiiigAooooAKKKKACiiigAooooAKKKKACiiigAooooAKKKKACiiigAooooAKKKKACiiigAooooAKjmhhuoZLe4hSWKVSkkbqGV1IwQQeCCO1SUUPUD8+P2i/gxJ8J/F3naXCx8O6uzTae+SfIPV7diecrkYJ6qRySGx7x+yL8Zm8TaN/wrbxFdbtU0iHdp8kjc3FovGzJ6tHwPdMcfKxr2b4mfD/SPid4OvvCesAKLhd9vPt3NbTrnZKv0PUZGQWHevzv2+LPhN48x8+n674evPfG5fy3I6n6Mrehr8fzOhU4IziOPwy/2epuvzj8t4/d0Z8FjKUuHMwWKor91Pdfmv1X3H6c0VzHw38eaX8SfB2n+LtJwq3ceJod2WgmXh4z9D0PcEHoa6ev1uhXp4mnGtSd4yV0+6Z91TqRqwVSDunqgooorUsKKKKACiiigAooooAKKKKACiiigAooooAKKKKACiiigAooooAKKKKACiiigAorxr9sKaa3/Zz8WzQSvG6/YMMjEEf6dbjqK/NH+2NW/wCgpef9/wBv8a+Tz3imOR4mOHdLmvFSve3Vrs+x5eNzL6nUVPlvpfc/ZOivxs/tjVv+gpef9/2/xo/tjVv+gpef9/2/xrxf+IhQ/wCgd/8AgX/2pyf26v8An3+P/AP2Tor8bP7Y1b/oKXn/AH/b/Gj+2NW/6Cl5/wB/2/xo/wCIhQ/6B3/4F/8Aah/bq/59/j/wD9k6K/Gz+2NW/wCgpef9/wBv8aP7Y1b/AKCl5/3/AG/xo/4iFD/oHf8A4F/9qH9ur/n3+P8AwD9k6SvxvTWtZjYPHq16rLyCtwwI/WtvT/il8TtJjEel/EXxRZoOAtvq9xGB+CuKqPiDSfxUH/4Ev8kNZ7HrD8T9dqK/Kvw7+0p8ePC8002m/FHXZmnUIw1GcX6gDn5VuRIFPuoBr07wj+3x8W9FNrb+KdH0TxFbRMTcSNC1rdTAg4AeM+UmDj/lkeAfrXfh+O8uq6VYyh8rr8Hf8DannWHl8SaP0Gor5w+H/wC3T8I/FXkWfiyG/wDCd9IPmNyv2i03l9qqs0Y3dCGLPGijnnjJ+gtH1rR/EGmw6xoOrWepWFxkw3VnOs0MmCVO10JU4II4PUGvp8FmWEzCPNhail6b/Nbr5npUcRSrq9OVy7RRRXcbBRRRQAUUUUAFFfGv/BRK8u7T/hX/ANlupod/9q7vLcrnH2TGcfWvjb+2NW/6Cl5/3/b/ABr4rN+MY5VjJ4N0ebltrzW3SfbzPIxWbLDVnS5L28/L0P2Tor8bP7Y1b/oKXn/f9v8AGj+2NW/6Cl5/3/b/ABrzv+IhQ/6B3/4F/wDanP8A26v+ff4/8A/ZOivxs/tjVv8AoKXn/f8Ab/Gj+2NW/wCgpef9/wBv8aP+IhQ/6B3/AOBf/ah/bq/59/j/AMA/ZOivxs/tjVv+gpef9/2/xo/tjVv+gpef9/2/xo/4iFD/AKB3/wCBf/ah/bq/59/j/wAA/ZOivxs/tjVv+gpef9/2/wAaP7Y1b/oKXn/f9v8AGj/iIUP+gd/+Bf8A2of26v8An3+P/AP2Tor8bP7Y1b/oKXn/AH/b/Gj+2NW/6Cl5/wB/2/xo/wCIhQ/6B3/4F/8Aah/bq/59/j/wD9k6K/Gz+2NW/wCgpef9/wBv8a+l/wBgO/vrr4x6xHdXk8qjwzcMFkkLDP2q155NduXcbRzDFU8KqLXM7X5r/oa4fOFXqRp8lr+f/APvyiiivuT2gor41/4KJXl3an4ffZbqaHd/a27y3K5x9kxnFfG39sat/wBBS8/7/t/jXxWbcZRyrGTwbo83LbXmtuk+3mePis2WGrOlyXt5+XofsnRX42f2xq3/AEFLz/v+3+NH9sat/wBBS8/7/t/jXnf8RCh/0Dv/AMC/+1MP7dX/AD7/AB/4B+ydFfjZ/bGrf9BS8/7/ALf40f2xq3/QUvP+/wC3+NH/ABEKH/QO/wDwL/7UP7dX/Pv8f+AfsnRX42f2xq3/AEFLz/v+3+NH9sat/wBBS8/7/t/jR/xEKH/QO/8AwL/7UP7dX/Pv8f8AgH7J0V+O1l4s8Vaa2/TvEmq2rZzmG8kQ5/BvYflW6nxp+McahY/ix4yVV6Aa9dYH/kSrj4g0X8VBr5r/ACQ1nsOsH95+tlFfmx4e/bY/aA0S6W4vvEVhrkKx7BbahpsIj9mLQCOQke7fXNe3eAP+Cgvhu/aCx+JHg660mRhFG9/psn2iAuTh5GibDxoOuFMrYyOT19nCcZZVinyyk4P+8rfirr72ddLNsNV0bt6n1zRXP+DPiB4L+IemDWPBPiaw1i22qzm3lBeHcMhZEPzxtj+FwD7V0FfT06kasVOm7p9VselGSkrx1QUUUVYwooooAKK/Jf4sarqkfxT8ZRx6jdKq+INRCqszAAfaZPeuU/tjVv8AoKXn/f8Ab/Gvz2tx9ClUlT9g9G18Xb/t08GWdqMnHk/H/gH7J0V+Nn9sat/0FLz/AL/t/jR/bGrf9BS8/wC/7f41n/xEKH/QO/8AwL/7UX9ur/n3+P8AwD9k6K/Kr4Bapqcvxs8Dxy6hdOja7ZhlaZiCPMHUZr9Va+oyHPFnlGVVQ5eV23v0v2R6WBxn12Lly2sFFFFe8doUUUUAFFFflR8edU1OL41eOI4tQukRdevQqrMwAHnN0Ga8LPs8WR0Y1XDm5nbe3T0ZxY7GfUoqXLe5+q9FfjZ/bGrf9BS8/wC/7f40f2xq3/QUvP8Av+3+NfLf8RCh/wBA7/8AAv8A7U83+3V/z7/H/gH7J0V+Nn9sat/0FLz/AL/t/jXZ/BfVNUk+MXgSOTUbpkbxNpasrTMQQbqPgjNaUePoVqkafsGrtL4u/wD26VDO1OSjyb+f/AP1gooor9CPdCiiigAooooAKKKKACiiigAooooAKKKKACiiigAooooAKKKKACiiigAooooAKKKKACiiigAooooAKKKKACiiigAooooAKKKKACvmb9sT4TLqukxfFDRLX/TNNVYNUWNOZbcnCSnHUoTgnGdrZJASvpmoL6xtNSsbjTb+3Se2uonhmikGVkRgQykdwQSK8vOsqpZzgp4Or12fZ9H/AF0ujizDBQzDDyoT67eT6M+JP2S/ik3g3xoPB2qXBGk+JHWKPPSG86Rt7b/uHHUlM8LX3FX5t/Fr4fXnwv8AH2o+GJPM+zxP9osJmzmW2YkxsD3I5UkfxI1fb3wE+JA+Jvw6sdWupg+qWX+g6kO5nQD5/wDgalW44yxHavhuAc0q0JVMjxmk6bfL9/vL5PVeTfRHzvDOMnTc8ur/ABRvb9V+p6NRRRX6afXhRRRQAUUUUAFFFFABRRRQAUUUUAFFFFABRRRQAUUUUAFFFFABRRRQAUUUUAeL/tkf8m3+L/8AuH/+l9vX5kflX6b/ALZH/Jt/i7/uH/8Apfb1+ZNfkfH3/Iyh/gX/AKVI+Wzv/eI/4V+bE/Kj8qWiviDxxPyo/KlooAT8qPypaKAE/Kj8qWigBPyo/KlooAT8q6fwH8TPHnwx1RtX8CeJ7vSZ5MeasTBoZ8KyjzYnBjkwHbbuU7ScjB5rmaKulVqUZqpTk1JbNOzHGUoPmi7M/QT4Gftr+FfHskHhv4kR2nhrXZN+y7D7NNuMYIUO7FoXIJAVyVO3h9zKlfTVfjDivqz9ln9ra48Hmx+G3xNvmm0AbbfTdTkOX04cBYpWPWAdATzGMD7gAT9I4e4ylUksLmT32n/8l/n9/c+gwGbNv2eI+/8Az/zPvKikBDDKnINLX6QfQBRRRQB8Yf8ABRr/AJp7/wBxb/20r4v/ACr7Q/4KM/8ANPf+4t/7aV8YV+I8X/8AI6rf9u/+kRPjs1/3ufy/JCflR+VLRXzR54n5UflS0UAJ+VH5UtFACflR+VLRQAn5UflS0UAJ+VfTn/BPv/ks2s/9ixcf+lVrXzJX03/wT7/5LNrP/YsXP/pVaV7fDf8AyNqH+I7Mv/3qHqfoHRRRX7wfanxf/wAFGv8Amnv/AHFv/bSvjD8q+z/+CjXX4e/9xb/20r4xr8Q4v/5HVb/t3/0iJ8dmv+9z+X5IT8qPypaK+bPPE/Kj8qWigBPyo/KlooAT8qPypaKAE/Kj8qWigDX8KeL/ABN4H1qDxF4R1u60rUbZgUnt5NpIDA7WHR0JAyjAqw4IIr7n/Zx/bH0/4h3lh4D+I8cGm+I51WG11BGC22pTZwEK9IZWGMD7rtkLtJSM/ANFexlGeYvJqnNRlePWL2f+T81/wDrwuMq4SV4PTsfs9RXy3+xz+0lffEC1b4aePtTjm8QafCG029mk/falbqDuR8/fmjABLZ3OmWIJR3b6kr9ty3MaOaYaOJoPR/en1T/rzPsMPXhiaaqQ2Ciiiu42PyM+Ln/JVvGfT/kYdR/9KZK5P8q634t/8lW8Z/8AYw6j/wClMlcnX86Yz/eKn+J/mfBVf4kvUT8qPypaK5zM7/8AZ+/5Lh4F6f8AIes//Ror9X6/KH9n7/kt/gb/ALD1n/6NFfq9X6r4f/7nV/xfoj6bI/4UvX9Aooor749sKKKKACvye+Pv/JbvHXT/AJGC9/8ARzV+sNfk/wDH3/kt3jr/ALGC9/8ARzV8Fx//ALnS/wAX6M8TPP4UfU4D8qPypaK/KT5kT8q7T4J/8lm8BdP+Rn0v/wBKo64yu0+Cf/JZvAX/AGM+l/8ApVHXTgv95p/4l+aNKP8AEj6o/Wqiiiv6KPvQooooAKKKKACiiigAooooAKKKKACiiigAooooAKKKKACiiigAooooAKKKKACiiigAooooAKKKKACiiigAooooAKKKKACiiigAooooA8E/a7+G/wDwlHgePxlp9uG1Dw2TJLtHMlm2PMHTnYdr89AH9a8P/ZT+IR8G/EiPQ7ybbp3iULZSZbAW4BPkN7/MSn/bTPavuW8s7XULSexvrdJ7e5jaGaKRcq6MMMpB6ggkYr83fiR4Ouvhz4+1bwuzuP7Pud1rLnloWw8TZ9dpXOOhz6V+Tcb4apkmaUM+wy6pS9V/8lG6+R8VxBSll+Mp5lR76+q/zWnyP0oorjvhH44j+Inw90fxQZENzND5V4q/wXKfLJx2yRuAP8LLXY1+pYbEU8XRhiKTvGSTXo9T7GlVjXpxqQ2auvmFFFFbmgUUUUAFFFFABRRRQAUUUUAFFFFABRRRQAUUUUAFFFFABRRRQAUUUUAeL/tkf8m3+L/+4f8A+l9vX5kflX6b/tkf8m3+Lv8AuH/+l9vX5k1+R8ff8jKH+Bf+lSPls7/3iP8AhX5sT8qPypaK+IPHE/Kt/wAMfD/xx41juJfB/hDV9aS0ZVnawspJxEWztDbAcZwcZ9DWDX25/wAE6/8AkC+OP+vqx/8AQJq9bI8uhmuOhhakmk76ryVzqwWHWJrKlJ2ufLv/AAof41f9En8W/wDgnn/+Jo/4UP8AGr/ok/i3/wAE8/8A8TX6yUV99/xD/C/8/pfcj2/7Dp/zM/JmT4F/GmNdzfCXxcR/s6LcE/kEzWL4g+H3jzwlapfeKvBOvaNbSyeUk2oaZNbozkE7Q0igE4BOPY1+wFFRPw+w7XuVpJ+aT/yE8ip9Jv7j8YPyo/Kv1P8AiJ+zV8G/iZHLJrng+2stQlMj/wBpaWotbrzHILSOyDbK3y8ear4ycdTXxB8ef2VPG3wXjk8Q29wuu+FvNWMahDGVlttwG0XEfOwFiVDgspIXJVnVa+VzfhPHZVF1vjprqunqunyuvM8zFZZWwy5t490eH/lR+VLRXzB5wn5UflS0UAfav7EP7QVxfNH8FvGWpSzypGT4dnkUsfLRSz2rP1wqqWj3cBQybgBGtfZNfjVpupX+j6la6vpd3Ja3tjOlzbzxnDRSowZHU9iCAR9K/V74L/Eq1+LXw10XxtD5S3N3B5d/DHwILtPlmQLuYqu4FlDHJRkJ61+s8FZ1LGUXgazvKC0feP8AwPyt2Pp8nxbqw9jPdben/AO3ooor7o9o+MP+CjX/ADT3/uLf+2lfF/5V9of8FGf+ae/9xb/20r4wr8R4v/5HVb/t3/0iJ8dmv+9z+X5IT8qPypaK+aPPE/KvW9D/AGUfj54k0Ww8Q6L4CFxp+p20V5azf2pZJ5kMih0ba0wYZUg4IBHcV5LX60fA/wD5Iv4C/wCxZ0z/ANJY6+o4XyTD53WqU8Q5JRSelu/mmelluDp4yUo1G9Ox+f3/AAxv+0f/ANE5H/g3sP8A4/R/wxv+0f8A9E5H/g3sP/j9fpvRX2n+oOW/zz++P/yJ6/8AYmH7y/D/ACPzI/4Y3/aP/wCicj/wb2H/AMfo/wCGN/2j/wDonI/8G9h/8fr9N6KP9Qct/nn98f8A5EP7Ew/eX4f5H5kf8Mb/ALR//ROR/wCDew/+P0f8Mb/tH/8AROR/4N7D/wCP1+m9FH+oOW/zz++P/wAiH9iYfvL8P8j8yP8Ahjf9o/8A6JyP/BvYf/H690/Y8+Afxa+FfxM1PxB488J/2Zp9xoU1nHN9utpt0zXFu4XbFIzD5Y3OSMcdeRX2HRXVgeDcBgMRDE05zcou6u42/wDSUaUcpo0KiqRbuvT/ACCiiivrT1D4v/4KNf8ANPf+4t/7aV8YflX2f/wUa6/D3/uLf+2lfGNfiHF//I6rf9u/+kRPjs1/3ufy/JCflR+VLRXzZ54n5V6d4N/Zp+NnxA8N2fi7wj4LF/pN/wCZ9nuP7RtIt+yRo2+WSVWGHRhyB09K8yr9Nv2OP+Tb/CH/AG//APpfcV9FwxlFDOsXLD4htJRb0te94rqn3O/LsLDF1XCd7Wvp8j4w/wCGN/2j/wDonI/8G9h/8fo/4Y3/AGj/APonI/8ABvYf/H6/Teivuv8AUHLf55/fH/5E9r+xMP8AzS/D/I/KvxB+zX8ePDUiw6j8LdcmZxuB0+AXy/ibcuB+Jrzu+sbzTLyfT9Ss5rS7tpGhmgnjMckTqcMrK2CpB4IPIr9mK5fx98MfAfxQ0v8Asjxz4atNUiUEQySLtnt8spJilXDxklFztI3AYORxXBi/D+nyt4Ss79FJfqrW+5mFXI42/dS18z8iPyo/KvW/2jPgHqXwJ8WRWa3hv9A1fzJtIu3K+aVQrvilUY/eJvTLAbWDKwwSyJ5LX51isLVwVaWHrxtKO6PAqUpUZunNWaE/Kj8qWiucg0/DHiTWfB/iDT/FHh2+a01HTLhLm3lXsynoR0ZSMgqeCCQeDX60/DvxrpvxF8D6L420rYLfWLNLjy1k8zyZOkkRbAyUcMhOBypr8g6+9P8Agn34yn1b4f6/4LuXuJD4f1BLmBpHyiQXSsRGg7Ykhmc9sy/WvueBcwlRxksHJ+7NXX+Ja/lf7kezktdwrOk9pfmv+AfVVFFFfrR9QfkZ8XP+SreM+n/Iw6j/AOlMlcn+Vdb8W/8Akq3jP/sYdR/9KZK5Ov50xn+8VP8AE/zPgqv8SXqJ+VH5UtFc5md/+z9/yXDwL0/5D1n/AOjRX6v1+UP7P3/Jb/A3/Yes/wD0aK/V6v1Xw/8A9zq/4v0R9Nkf8KXr+gUUUV98e2FFFFABX5PfH3/kt3jrp/yMF7/6Oav1hr8n/j7/AMlu8df9jBe/+jmr4Lj/AP3Ol/i/RniZ5/Cj6nAflR+VLRX5SfMiflXafBP/AJLN4C6f8jPpf/pVHXGV2nwT/wCSzeAv+xn0v/0qjrpwX+80/wDEvzRpR/iR9UfrVRRRX9FH3oUUUUAFFFFABRRRQAUUUUAFFFFABRRRQAUUUUAFFFFABRRRQAUUUUAFFFFABRRRQAUUUUAFFFFABRRRQAUUUUAFFFFABRRRQAUUUUAFfL37afgfzrXRviFaRktA39mXhAz8jZeJvYA+YCT/AH1r6hrmfiV4Rj8d+A9b8KPt339qyws3RZl+aJj7B1U/hXh8R5Z/a+V1sLb3mrx/xLVfjp6M8/NMJ9ewk6PVrT1WqPnH9i7xu1tqmsfD+7mAivE/tKzViB+9TCyqO5LLsOPSM19aV+bXw58UXHgHx9o3ib5k/s68X7QuOTCTslX6lCwr9I0dZEWSNgysAykdCDXzHhxmf1vLJYSb96k7f9uy1X43XyPJ4WxftsI6Mt4P8Ht+o6iiiv0M+mCiiigAooooAKKKKACiiigAooooAKKKKACiiigAooooAKKKKACiiigDxf8AbI/5Nv8AF/8A3D//AEvt6/Mmv02/bI/5Nv8AF/8A3D//AEvt6/Mn86/I+Pv+RlD/AAL/ANKkfLZ3/vEf8K/NhRR+dH518QeOFfbn/BOv/kC+OP8Ar6sf/QJq+I/zr7c/4J1/8gXxx/19WP8A6BNX0/Bv/I4pekv/AElno5T/AL3H5/kfYVFFFfth9gFFFFABUN3aWuoWs1jfWsVzbXEbRTQzIHSRGGGVlPBBBIIPUGpqKGrgfm3+1f8As8r8GfEsOueGUnfwprsj/Zgys32Cccm2Z+hBGWjLHcVVgdxjLt4LX6x/G/4bWvxY+GOueDZLeJ7ye3M2myPtHk3sYLQtuKnYCw2sQM7Hcd6/Jz86/FuLsnhlWMUqKtTqapdn1X5P52Pkc0wiw1a8Phl/TCij86Pzr5U8wK+xP+Cevju4j1TxN8M7hpGt54F1y0G1QkUiMkM+T94lw8GBkgCI9MnPx3+denfsy+I/+EW+PXgrUvs7TifU100pu2/8fStbbv8AgJmDY77a9jh/GPA5lRq9LpP0ej/O514Gr7HEQl5/mfqhRRRX72fbHxh/wUa/5p7/ANxb/wBtK+MK+z/+CjX/ADT3/uLf+2lfGH51+IcX/wDI6rf9u/8ApET47Nf97n8vyQUUfnR+dfNnnhX60fA//ki/gL/sWdM/9JY6/Jf86+s/A/7ev/CG+C9B8If8Ko+2f2Jpltp32j+3fL87yYlj37fs52525xk4z1NfYcH5rhMqr1J4ufKmklo318kz1cqxNLDTk6rtdeZ910V8X/8ADxo/9Eb/APLh/wDuaj/h40f+iN/+XD/9zV99/rhkv/P7/wAln/8AInuf2rg/5/wf+R9oUV8X/wDDxo/9Eb/8uH/7mo/4eNH/AKI3/wCXD/8Ac1H+uGS/8/v/ACWf/wAiH9q4P+f8H/kfaFFfF/8Aw8aP/RG//Lh/+5qP+HjR/wCiN/8Alw//AHNR/rhkv/P7/wAln/8AIh/auD/n/B/5H2hRXz7+z7+1gfjt4zvPCP8AwgP9h/ZNMk1L7R/av2ndslij2bfJTGfNznP8PTnj6Cr2cDj8PmVH2+FlzR2vZr80jro16eIjz03dBRRRXYanxf8A8FGv+ae/9xb/ANtK+Ma+zv8Ago1/zT3/ALi3/tpXxj+dfiHF/wDyOq3/AG7/AOkRPjs1/wB8n8vyQUUfnR+dfNnnhX6bfscf8m3+EP8At/8A/S+4r8yfzr9Nv2OP+Tb/AAh/2/8A/pfcV9vwD/yMp/8AXt/+lRPYyT/eH/h/VHtFFFFfrh9SFFFFAHi37YPg0eMPgLr7Q2JubzQzFrNriQr5Xkt++k6gNi3efg568DIFfmVX6uftCazp+hfA/wAc32pTeVDLod3Zq20nMtxGYIl49ZJEGe2a/KP86/JuPqdOOOpzj8Tjr8m7P+ux8xncYqtFrdr9Qoo/Oj86+FPFCvqT/gnvqV9F8U/EGjx3DCzuvD73M0XZ5IriFY29cgTSD/gRr5b/ADr6b/4J9/8AJZtZ6/8AIs3H/pVa17nDLcc2oW/m/Q7MudsVD1P0Dooor93PtT8jfi3/AMlW8Z/9jDqP/pTJXJ11nxb/AOSreM+v/Iw6j/6UyVyf51/OmM/3ip/if5nwNX+JL1Cij86PzrnIPQP2fv8Akt/gX/sPWf8A6NFfq9X5Q/s/f8lv8C9f+Q9Z/wDo0V+r1fqvh/8A7nV/xfoj6XI/4UvX9Aooor749wKKKKACvye+Pv8AyW7x1/2MF7/6Oav1hr8nvj7/AMlu8df9jBe/+jmr4Hj/AP3Ol/i/Rnh55/Cj6nBUUfnR+dflR80Fdp8E/wDks3gL/sZ9L/8ASqOuL/Ou0+Cf/JZvAXX/AJGfS/8A0qjrpwX+80/8S/NGlH+JH1R+tVFFFf0UfehRRRQAUUUUAFFFFABRRRQAUUUUAFFFFABRRRQAUUUUAFFFFABRRRQAUUUUAFFFFABRRRQAUUUUAFFFFABRRRQAUUUUAFFFFABRRRQAUUUUAfn9+0R4T/4RL4ua5bxxlLbUZBqVv7rN8zY9AJPMH4V9dfs9+KB4s+EegXTuGnsYf7OnGckND8i59ygRv+BV5J+2r4XUx+HfGUMeGDSaZcP65/eRD8MTfnT/ANirxGzW/iPwjNMNsbxajbx9/mBjlP0+WL8/evyHJv8AhD4yrYLaFW9u2q5192sT4vAL+z88qUPszvb5+8v1R9P0UUV+vH2gUUUUAFFFFABRRRQAUUUUAFFFFABRRRQAUUUUAFFFFABRRRQAUUUUAeL/ALZH/Jt/i7/uH/8Apfb1+ZNfpt+2R/ybf4v/AO4f/wCl9vX5k/nX5Hx9/wAjKH+Bf+lSPls7/wB4j/hX5sKKPzo/OviDxwr7c/4J1/8AIF8cf9fVj/6BNXxH+dfbn/BOv/kC+OP+vqx/9Amr6jg3/kcUvSX/AKSz0sp/3uPz/I+wqKKK/az68KKKKACiiigAr8l/jdov/CPfGLxppK2MdnFDrt40EESBEjgeVniCqBgLsZcAcAYr9aK/MD9rmSCX9onxi1vgqJrVTtP8QtIQ3/jwNfB8f008DSqdVO33p/5HiZ5H9zGXn+h5BRR+dH51+UHzIVf0DWrzw5r2m+ItPYrdaXdw3sDdMSRuHU/moqh+dH504ylCSlHdDTa1R+ztLRRX9JH6AfGH/BRn/mnv/cW/9tK+MK+z/wDgo1/zT3/uLf8AtpXxh+dfiPF//I6rf9u/+kRPjs1/3ufy/JBRR+dH5180eeFFH50fnQAUUfnR+dABRR+dH50AFFH50fnQB9N/8E+/+Szaz/2LFx/6VWtfoHX5+f8ABPv/AJLNrP8A2LFx/wClVrX6B1+y8E/8ilf4pH1uT/7qvVhRRRX1x6h8X/8ABRrr8Pf+4t/7aV8Y19nf8FGv+ae/9xb/ANtK+Mfzr8Q4v/5HVb/t3/0iJ8dmv+9z+X5IKKPzo/Ovmzzwr9Nv2OP+Tb/CH/b/AP8ApfcV+ZP519qfs7/tW/CX4a/B3w/4J8T3Wqpqenfa/PWGyMiDzLqWRcNnn5XWvr+CsXQwePnUxE1FcjV27a80T1coqwo13Ko7K36o+yqK+fP+G5/gN/z+63/4LW/+Ko/4bn+A3/P7rf8A4LW/+Kr9O/t3LP8AoIh/4Ej6L67h/wCdfefQdFfNV5+358FbeQxw6N4tugCQHisYAp/77nU8/SvGfiX+3p468TWNxo/gHQIPC8E6tG16832m8xu4aM4VIiVyD8rkZyrAgGuLFcV5VhYOXteZ9o63/T72Y1czw1NX5r+h3X7eXxks7fR7f4M6HeLJeXkkV7rflureTCuHhgcYOGdtkvVWAjTgiSviKpry8vNSvJ9Q1C6nurq6kaaeeaQvJLIxJZ2YnLMSSSTySah/OvyPOc0qZxi5YqorLZLsl0/V+bZ8vi8TLFVXUl/SCij86PzryzmCvsP/AIJ3+G4ZtY8ZeMJraUTWtta6bbTchCsrPJMvoSDDAfUZHrXx5+dfp1+yT8PZPh38EdGt7xGS/wBdLa5dqWJCtOq+WuCAVIhSEMvZg3Jr63grByxOaRq20ppv9F+d/keplFJ1MSpdI6nslFFFfsx9afkb8W/+SreM/wDsYdR/9KZK5Ous+Lf/ACVbxn1/5GHUf/SmSuT/ADr+dMZ/vFT/ABP8z4Kr/El6hRR+dH51zmZ6B+z9/wAlv8Df9h6z/wDRor9Xq/KH9n7/AJLf4F6/8h6z/wDRor9Xq/VfD/8A3Or/AIv0R9Nkf8KXr+gUUUV98e2FFFFABX5P/H3/AJLd46/7GC9/9HNX6wV+T3x9/wCS3eOuv/IwXv8A6OavguP/APc6X+L9GeJnn8KPqcFRR+dH51+UnzIV2nwT/wCSzeAv+xn0v/0qjri/zrtPgn/yWbwF1/5GfS//AEqjrpwX+80/8S/NGlH+JH1R+tVFFFf0UfehRRRQAUUUUAFFFFABRRRQAUUUUAFFFFABRRRQAUUUUAFFFFABRRRQAUUUUAFFFFABRRRQAUUUUAFFFFABRRRQAUUUUAFFFFABRRRQAUUUUAeXftLeHv8AhIPg9rYS3Es2miPUIuOU8thvYfSMyfgTXzJ+y5rjaL8YtLhMgSLVIZ7GTJxkFC6j8XjSvtzxBpUevaDqWhzAGPULSa1bPpIhU/zr85vCOqN4Z8Y6NrEwK/2ZqVvcSAjp5cik5/I1+Rcd/wDCbnmCzNabX/7ckm/wlY+M4g/2XMKGK/rR/wCTP0pooor9dPswooooAKKKKACiiigAooooAKKKKACiiigAooooAKKKKACiiigAooooA8X/AGyP+Tb/ABd/3D//AEvt6/Mmv02/bI/5Nv8AF/8A3D//AEvt6/MmvyPj7/kZQ/wL/wBKkfLZ3/vEf8K/NhRRRXxB44V9uf8ABOv/AJAvjj/r6sf/AECaviOvtz/gnX/yBfHH/X1Y/wDoE1fT8G/8jil6S/8ASWejlP8Avcfn+R9hUUUV+2H2AUUUUAFFFFABX5F/FbXrPxV8TvFviTT7w3dnqWtXtzazMpG+BpmMRwRkDZt4PSv0i/aU+KEfwo+Eesa7BcPFql+h0vSfLYqwu5lYBwwVgDGgeX5sA+XtyCwr8s6/MuP8bGUqWDi9VeT+ei/X8D53PKybjSXTX/IKKKK/OTwArW8I+H5fFfizRfC1uwSXWdRttPRicYaWRUBz9WrJr139k/wn/wAJd8fPCtvLaXM1tplw2rXDwgkQ/Z0MkTuR91fOEK5PBLgd66sBh/rWKp0P5pJfe0aUYe1qRh3aP1Booor+iT70+MP+CjP/ADT3/uLf+2lfGFfZ/wDwUa/5p7/3Fv8A20r4wr8Q4v8A+R1W/wC3f/SInx2a/wC9z+X5IKKKK+bPPCiiv07+Dvwh+E+qfCXwVqWpfC/wld3d34e06a4uJ9FtpJJZGt0LO7MhLMSSSTySa9zI8jqZ5UnTpzUeVX1OzBYOWMk4xdrH5iUV+tX/AApP4Nf9Ek8F/wDghtf/AI3R/wAKT+DX/RJPBf8A4IbX/wCN19J/xD/E/wDP6P3M9H+w6n86PyVor9av+FJ/Br/okngv/wAENr/8bo/4Un8Gv+iSeC//AAQ2v/xuj/iH+J/5/R+5h/YdT+dH5K0V+tX/AApP4Nf9Ek8F/wDghtf/AI3R/wAKT+DX/RJPBf8A4IbX/wCN0f8AEP8AE/8AP6P3MP7Dqfzo+MP+Cff/ACWbWf8AsWLj/wBKrWv0DrnvD/w7+H/hK8fUvCvgbw/o13JEYHuNP0yG3kaMkEoWjUEqSqnHTKj0roa+5yDK55Pg1hZyUndu68z2cFhnhaPs5O4UUUV7R1nxf/wUa6/D3/uLf+2lfGNfZ3/BRr/mnv8A3Fv/AG0r4xr8Q4v/AOR1W/7d/wDSInx2a/73P5fkgooor5s88KKKKACiiigAooooAKKKKACiivT/AII/s9+OfjfqeNFg+w6HbTCK+1idT5MJwCyIODLIFIOwHjcu4qGBrfDYWtjKqo0I80n0RdOnKrJQgrs6H9lP4FXPxe8eQ6prGns/hPQZVn1KRiAtxIPmjthkHfuIBcAcRhuVZkz+l1c18O/h74X+F3hOz8G+EbIwWNouWdzuluJT9+aVsDc7HqcADgABQAOlr9u4eyWOS4X2e85ayfn2Xkv831PscBg1g6XL1e4UUUV7x2n5IfGGIw/FzxvC3VPEepKfwuZBXIV2/wAc7a4tfjR47iureSFz4k1GQLIpUlHuHZGwezKwYHuCD3riK/nXGq2JqL+8/wAz4KtpUl6sKKKK5jM7v4DzLb/GvwLI3Q+IbCPp3adFH86/WOvx+8BeIYfCPjrw74sureSeHRdWtNQkijPzOsMyyFRnjJC45r9ga/UfD6aeHrQ6qSf3r/gH0mRS/dzj5oKKKK/Qj3QooooAK/Jf44SPN8Z/HjyNuI8S6mucdhcyAfoBX60V+PnjjxEvi/xt4g8WR2xt11rVLvUVhLbjGJpmk25743Yz7V+e+IM0qFCHVtv7kv8AM8LPH7kF5sxKKKK/Lj5sK7X4Ixs/xm8BiNCxHibTGwozwLqMk/gATXFV69+yTp8OpftEeDre4GVSe5uB/vRWs0i/+PIK7csp+1xtGn3lFfijbDx5q0I92vzP1Aooor+hj7sKKKKACiiigAooooAKKKKACiiigAooooAKKKKACiiigAooooAKKKKACiiigAooooAKKKKACiiigAooooAKKKKACiiigAooooAKKKKACiiigAr86Pippo0n4l+KLBYwiR6tdFFxgBGkLLj2wRX6L18J/tOWJs/jRrrhAqXS206475gRSf8AvpWr8x8UqHNltGt/LO33xf8Akj5XiynfCwn2l+af+R9oeBdTk1rwToGsSvvkvdMtbh29WaJSf1Nbledfs96lJqnwb8M3Epy0du9t9BFK8a/ogr0Wvv8AK6/1rA0a/wDNCL+9Jn0WEqe1w8KndJ/egooorvOgKKKKACiiigAooooAKKKKACiiigAooooAKKKKACiiigAooooA8X/bI/5Nv8X/APcP/wDS+3r8ycfSv02/bI/5Nv8AF/8A3D//AEvt6/MnP0r8j4+/5GUP8C/9KkfLZ3/vEf8ACvzYY+lGPpRn6UZ+lfEHjhj6V9uf8E6/+QL44/6+rH/0CaviPP0r7c/4J1/8gXxx/wBfVj/6BNX1HBv/ACOKXpL/ANJZ6OU/73H5/kfYVFFFftZ9gFFFYviLxr4N8IrE3izxZo2iickRHUL+K28wjrt8xhnHtUznGmuabshNqKuzarL8TeJtB8G6De+KPFGqQ6dpenRGa5uZidqL0AAGSzEkKqgFmYgAEkCvBviF+3P8IfCtu8PhH7X4u1EEqI7ZGtrZSrgHfNIucEFipjSQHb1AOa+Mfi58eviL8aL5ZvF2qJHYQsslvpVmGjs4HC7d4QklnOW+ZyxG9gCF+UfKZvxfgcvg44eSqVOiWqXq9vktfQ8zFZrRoK1N80vLb7zT/aM+O1/8dPGaapHaSWOhaWj2+k2cjZcRlstNJglRLJhcheAFRcttLt5Tj6UZ+lGfpX5DisVVxtaWIru8pas+VqVJVpupN3bDH0ox9KM/SjP0rnIDH0r7W/4J7/D14LTxH8UL2BQbkrountucNsUrLcErjaVLeQAwJOY5Bx3+QPCPhXW/HHibTfCPhyza51HVbhbeCNQSAT1ZsAkIoyzN0VVYngV+snw68D6X8N/A+jeB9Hw1tpFqsHmbdvnSctJKRk4LuzuRngscV9vwPlksTjHjJL3ae3+J/wCS1+49jJsP7St7V7R/M6Oiiiv1w+pPjD/go1/zT3/uLf8AtpXxhj6V9n/8FGv+ae/9xb/20r4wz9K/EeL/APkdVv8At3/0iJ8dmv8Avc/l+SDH0ox9KM/SjP0r5o88MfSv1o+B/wDyRfwF/wBizpn/AKSx1+S+fpX60fA//ki/gL/sWdM/9JY6/QPD/wD3mt/hX5nuZH/El6HbUUUV+pn0oUUUUAFFFFABRRRQAUUUUAfF/wDwUa/5p7/3Fv8A20r4xx9K+zv+CjX/ADT3/uLf+2lfGOfpX4hxf/yOq3/bv/pET47Nf97n8vyQY+lGPpRn6UZ+lfNnnhj6UY+lGfpX2F8A/wBj34Z/FT4S6F488Qa54nt9Q1T7V50dndW6Qr5dzLEu0PAzD5YwTljyT9K9HLMrxGb1nQw3xJX1dtLpfqdGGw08VLkp77nx7j6UY+lfoH/w77+DX/QzeNP/AAMtf/kaobz/AIJ8/CWSznTT/Fni6G6aNhBJNcW0saSYO1mQQKWUHBKhlJHGR1r3HwTmy+zH/wACOz+x8T2X3nwFj6UY+lbfjbwhrXgDxZqng3xFCseoaTctbzbd2x8crIm4AlHUq6kgZVlOOaxM/SvlJwlTk4TVmtGeY1yvle4Y+lGPpRn6UZ+lSI+h/wBkD4L/AAv+L2uapH451C8ubzSUE8eio3kRXUDfKZTKj+awRyAVUJgtGdzBio/QzS9J0vQ9Pg0nRdNtdPsbZdkNtawrFFEuc4VFACjJPQd6/InwL411z4d+LtL8aeG5o49Q0qcTReYCUcYKvG4BBKOpZWwQcMcEHmv1X+GHxG8P/FbwVp3jTw7OrQXsY86Hdl7W4AHmQPkA7lPGcYYYYZVgT+qcC4zCToSw8YqNVbvrJd/ltbbZ9T6XJatJwdNK0l+KOqooor789wKKKKAPzc/be8P3WjfH/U9SuJI3j12wstQgC9URYhbkN77rdz9CK8Ex9K+6v+CgfgGTUvCeg/Eaxtt0mi3LaffNHb5b7PPgxvJIPuokibQCMbrjqD1+Fc/SvwzijCPB5rVj0k+Zf9va/ndHxmZUvZYqXnr94Y+lGPpRn6UZ+lfPnCGPpX6ifsufEm3+Jfwb0O9a4MmpaPCukakruzv50KhQ7MwBYyR+XISMjLkZJU1+XefpXo/wK+N3iD4H+MBr2lq13pt2oh1TTjKVS6iByD6CRMkq2OMsOjMD9HwxnMcnxnNV/hy0l5dn8vybPQy7FrCVby+F6P8AzP1Xorjfhn8XPAXxb0ZNY8F67DdMI0e5s3YLdWhb+GWLOVOQRkZVtp2sw5rsq/bKNaniIKpSkpRezWx9fCcZx5ou6CiiuN+Jnxc8B/CTRX1nxrrkNqTG721mjBrq8ZcfLDFnLHJUZOFXcNzKOaK1anh4OpVklFbt7BKcYR5pOyOV/am+JEHw1+DWuXkd15Wp6xCdI01VZ1czTKVZ1ZOVMcfmSBjgZRRnJGfy9x9K9G+Ofxs8RfG/xg3iDVN9rptqDDpem+bujs4jjd2AZ3IBZsZOFH3VUDznP0r8T4nzmOcYzmpfw46R8+7+f5JHx+Y4tYutePwrRf5hj6UY+lGfpRn6V84cAY+lfTP7AvhddW+Luo+I7jTGmg0LR5WiueQtvdTOkadDyWi+0gA5GAx6gV8zZ+lfoP8AsGeBB4d+FN54yuIUF14rvmdHWRiTaW5aKNWU8KRIbg8dVZcnoB9LwjhHi82p9oXk/lt+Nj0Mrpe1xUfLX+vmfS9FFFftx9iFFFFABRRRQAUUUUAFFFFABRRRQAUUUUAFFFFABRRRQAUUUUAFFFFABRRRQAUUUUAFFFFABRRRQAUUUUAFFFFABRRRQAUUUUAFFFFABRRRQAV8Y/tfW3k/FO1mxj7Ro8D/AFxJKv8A7LX2dXyD+2VAV8faLc/89NHWP/vmaU/+zV8F4kR5sik+0o/nb9T5/iaN8A/Jo9d/ZTufP+D9nFuz9mvLmL6fPu/9mr2GvDf2PpjJ8L71D/yy1qdB/wB+YT/Wvcq9zhOftMkwsv7kV92h35RLmwNL/Cgooor6E9EKKKKACiiigAooooAKKKKACiiigAooooAKKKKACiiigAooooA8X/bI/wCTb/F//cP/APS+3r8ya/Tb9sj/AJNv8Xf9w/8A9L7evzJzX5Hx9/yMof4F/wClSPls7/3iP+FfmwoozRmviDxwoozRmkAUUZozQAf56Uf56UZozQAUUZozTAKKM0ZoAKKkt7ee7uIrW1hkmnmcRxxxqWZ2JwFAHJJPAAr7j/ZT/ZKPhtrP4nfFPTh/bA2z6To8y/8AHj0Kzzj/AJ7d1Q/6vgn95gR+rlGT4jOK6o0Fp1l0S/rZdTpwuFqYufLD5vsbX7HP7Oc3w90k/Ebx3owh8T6km2wt5wfN021Yc7lPCTSZ+YHLKuF+UtIlfTtFFfuGXZfRyvDxw1BaL72+rfmfZYehDDU1ThsgoooruNj4w/4KNf8ANPf+4t/7aV8YV9n/APBRn/mnv/cW/wDbSvjDNfiHF/8AyOq3/bv/AKRE+OzX/e5/L8kFFGaM182eeFdbY/F74saXZW+m6b8UPFtpaWsSw29vBrVzHHFGoAVEVXAVQAAAOABXJZozWlOtUpa05NejsVGco/C7HZ/8Ls+M3/RXPGn/AIPrv/45R/wuz4zf9Fc8af8Ag+u//jlcZmjNa/XcT/z8l97K9tU/mf3nZ/8AC7PjN/0Vzxp/4Prv/wCOUf8AC7PjN/0Vzxp/4Prv/wCOVxmaM0fXcT/z8l97D21T+Z/edn/wuz4zf9Fc8af+D67/APjlH/C7PjN/0Vzxp/4Prv8A+OVxmaM0fXcT/wA/Jfew9tU/mf3nZ/8AC7PjN/0Vzxp/4Prv/wCOV13wh+L3xZ1P4seCtN1L4oeLbu0u/EWmwXFvPrVy8csbXMasjqz4ZSCQQeCDXj2a7T4J/wDJZvAX/Yz6X/6VR10YPGYh4imnUl8S6vujSlVqOpH3nuup+tVFFFf0Efcnxf8A8FGv+ae/9xb/ANtK+Ma+zv8Ago11+Hv/AHFv/bSvjHNfiHF//I6rf9u/+kRPjs1/3ufy/JBRRmjNfNnnhX6bfscf8m3+EP8At/8A/S+4r8yc1+m37HH/ACbf4Q/7f/8A0vuK+34B/wCRlP8A69v/ANKiexkn+8P/AA/qj2iiiiv1w+pPmv8AbO+A7fETwsPiF4Zs5JfEfhy3ImiRh/pdgpZ3UKerxks64IJBdcMxQD89a/Z6vzm/bB+Aq/Cvxcvi7w3axx+F/Ek7tFBBAUTT7rAZ4OPkCt8zxgY4DqFAjyfzTjbIrf8ACnh1/jX5S/R/J9z57OMF/wAxEPn/AJnz1RRmjNfm58+Fe8fsl/Hqb4R+NF0HxBfT/wDCJ6/KsN1GZFEVlcsVVLvDcAADbJgjKcncY0WvB80V1YHG1cvxEcTRdpR/q3ozWjWlQmqkN0fs9RXyx+xN8eo/Fnh5PhN4ovYV1jQoFXSWbIa8sVGPL9C8QAGBgmPaQDsdq+p6/estzCjmmFjiqOz6dn1T9P8Agn2uHrxxNNVIdQooorvNzB8d+DtJ+IHg/V/BeuRhrPV7V7Z22KxiYj5JVDDG9GCupPRlB7V+S/jDwnrXgXxRqfg/xFbGDUdJuWtpl2sFbHR03AEoy4ZWwNyspHBr9hq+Yv2xv2c7j4iaUvxF8C6P5/ibTI9t9bQA+ZqNoo42qPvzR/wgfMykqNxWNa+M4xySWY4dYmgr1KfTq49vVbr5nkZtg3iKftIfFH8Ufn9RRRmvx8+VCijNGaAJrG+vtLvYNS028ntLu1kWaC4gdo5InU5VlZSCpBGQRyK9G8P/ALTHx68NBxp3xR1ubzG3H+0JFvsfT7QHwPYV5nmjNb0MXiMK70JuPo2vyLhVnT+Bteh6b4g/aa+PfiVUXUfihrUPlnI/s91sM/X7OqZ/GvOb6/vtUvZ9S1O9nu7u6kaae4nkaSSV2OWZmYksxJySeTUGaM0V8XiMU715uXq2/wAwnVnU+OTfqFFGaM1gQFFGafDDNcTJb28TyyysEjjRSzMxOAAByST2oWoHSfDPwHqnxO8eaN4F0hik2q3IjebaD5EIBaWbDMobZGrttyC23A5Ir9adD0XTfDei6f4e0e3+z2Gl2sVnaw72fy4Y0CIu5iWOFUDJJJ714h+yd+zy3wb8OTeIvEyxP4q16FPtChVP9n2/3hbq/UsThpCDtLKoGdgdvfa/ZuEckllWFdWurVKm/kui9er+S6H1uV4N4anzT+KX4IKKKK+tPUCiiigAooooAKKKKACiiigAooooAKKKKACiiigAooooAKKKKACiiigAooooAKKKKACiiigAooooAKKKKACiiigAooooAKKKKACiiigAooooAK+S/wBs0f8AFV+Hm7/2fIP/ACIa+tK+Rv2ypg3jbQ7fumlb/wDvqZx/7LXw3iK7ZBU9Y/8ApSPC4kf/AAny9V+Z6H+xz/yTLU/+w9N/6T29e7V4Z+x7GY/hjqDdn1ydh/34gH9K9zr1OD/+RFhf8KOrJv8AcKXoFFFFfSnphRRRQAUUUUAFFFFABRRRQAUUUUAFFFFABRRRQAUUUUAFFFFAHi/7ZH/Jt/i//uH/APpfb1+ZP51+pn7TvhTxB43+B3iXwv4V0yTUNUvfsfkW0bKrPsvIXbBYgcKrHk9q+C/+GU/2gv8Aomeof+BEH/xyvy3jfBYrE5hCdGnKS5Fqk39qXY+bzijUqV04RbVui82eT/nR+desf8Mp/tBf9Ez1D/wIg/8AjlH/AAyn+0F/0TPUP/AiD/45Xx39k5h/z4n/AOAy/wAjyfqtf+R/czyf86Pzr1j/AIZT/aC/6JnqH/gRB/8AHKP+GU/2gv8Aomeof+BEH/xyj+ycw/58T/8AAZf5B9Vr/wAj+5nk/wCdH516x/wyn+0F/wBEz1D/AMCIP/jlH/DKf7QX/RM9Q/8AAiD/AOOUf2TmH/Pif/gMv8g+q1/5H9zPJ/zo/OvWP+GU/wBoL/omeof+BEH/AMcq3D+x/wDtGTruT4cSAf7eqWSH8mmFNZRmMtsPP/wGX+QLC4h/Yf3M8c/Oj86+hfD37Cvx31qGWXUrfQtBaNgqx6hqW9pBj7y/ZllGB05IPtXp/hP/AIJ32itb3Hjr4jTSKUP2iz0mzCEP22XEpbIHvEM+3Wu7D8L5tibctFr/ABWj+eptTy7FVNoNeuh8V/nXqfwr/Zp+LPxaaC60Xw++n6PNydX1LMFttIYhkyN8wJUr+7VgGI3FRzX3x8P/ANmP4K/Dh7e80XwZbXmo2/lsuoamTdz+ZG25ZV35SJwcHdGqdB6V6nX1eXcA2anj6n/bsf8AN/ovmeph8k615fJf5njvwT/Zf+HfwX8rVbWFta8SKrBtYvEAaPcoVlgjBKwqRu5+Z8OwLkHA9ioor9AwuEoYGkqOHioxXRf1r6nuUqUKMeSmrIKKKK6TQKKKKAPjD/go1/zT3/uLf+2lfGH5199/tvfCn4g/E7/hC/8AhBPDNxq/9m/2j9q8qSNfK8z7NszvYZzsfp6V8uf8Mp/tBf8ARM9Q/wDAiD/45X45xVl+Mr5vWqUqUpRfLqotr4Y+R8pmVCrPFSlGLa06eSPJ/wA6Pzr1j/hlP9oL/omeof8AgRB/8co/4ZT/AGgv+iZ6h/4EQf8Axyvn/wCycw/58T/8Bl/kcH1Wv/I/uZ5P+dH516x/wyn+0F/0TPUP/AiD/wCOUf8ADKf7QX/RM9Q/8CIP/jlH9k5h/wA+J/8AgMv8g+q1/wCR/czyf86Pzr1j/hlP9oL/AKJnqH/gRB/8co/4ZT/aC/6JnqH/AIEQf/HKP7JzD/nxP/wGX+QfVa/8j+5nk/50fnXrH/DKf7QX/RM9Q/8AAiD/AOOUf8Mp/tBf9Ez1D/wIg/8AjlH9k5h/z4n/AOAy/wAg+q1/5H9zPJ/zo/OvWP8AhlP9oL/omeof+BEH/wAco/4ZT/aC/wCiZ6h/4EQf/HKP7JzD/nxP/wABl/kH1Wv/ACP7meT/AJ12fwT/AOSzeAuv/Iz6X/6VR10v/DKf7QX/AETPUP8AwIg/+OV1Pwr/AGafjloPxQ8H65q/w9vrax07XtPu7qZp4SI4o7hGdiA5JAUE8eldGEyvHxxFNujO3Mvsvv6GlLDV1UjeD3XRn6O0UUV+9n2x8X/8FGv+ae/9xb/20r4x/Ovvr9t74U/EL4nf8IX/AMIJ4ZuNX/s3+0ftXlSRr5XmfZtmd7DOdj9PSvl3/hlP9oL/AKJnqH/gRB/8cr8c4qy/GV83rVKVKUovl1UW18MfI+TzKhVnipSjFtadPJHk/wCdH516x/wyn+0F/wBEz1D/AMCIP/jlH/DKf7QX/RM9Q/8AAiD/AOOV8/8A2TmH/Pif/gMv8jh+q1/5H9zPJ/zr9Nv2OP8Ak2/wh/2//wDpfcV8Q/8ADKf7QX/RM9Q/8CIP/jlfen7MfhXxB4I+B/hvwv4q0yTT9Usvtn2i2kZWZN95M65KkjlWU8HvX2PBGCxWGzCc61OUVyPVpr7Ue6PWyejUp125xaVuq80epUUUV+pH0gVz3xA8C6D8SvB+p+CfE0Uj6fqkPlyGJ9skbBgySIegZXVWGQRkYIIyD0NFRUpxqwdOauno15MUoqS5ZbM/IX4ieAfEPwx8Yaj4J8TwrHfafJt3xtujmjYbklQ91ZSCM4IzggEEDm/zr9If2tf2f3+MHhWLXvDFpEfFmhKfs4CqGvrYnLW5ckYIJLpnIDbxgeYWHxt/wyn+0F/0TPUP/AiD/wCOV+KZzw3i8vxcqdCnKcHrFpN6dnbqv+D1Pj8Xl9WhVcYRbj0PJ/zo/OvWP+GU/wBoL/omeof+BEH/AMco/wCGU/2gv+iZ6h/4EQf/AByvK/snMP8AnxP/AMBl/kc31Wv/ACP7med+F/FGveC/EFh4p8M6lNYanpswmt54+qnoQR0ZWBKsp4ZSQQQSK/VT4OfFTRfjJ4CsPG2jwm2aYtBeWbSK72lynDxsV6jkMpIBKOjELnA/O/8A4ZT/AGgv+iZ6h/4EQf8AxyvYv2YfAn7RHwV8fLNqXw4vv+Ea1wx2usqZIWMSAny7hQr7t0ZZiQA2UZwAWKkfVcKV8wynFeyrUZ+ynv7r0fSW3yflr0R6eWTr4Wpyyg+V+T08z7kooor9ZPpwooooA+Vv2mP2O18fahcePvhctrZ67Pvl1HTXYRw6hJyfNjb7sczHht2EckMSrbmf4U1TSdU0PUJtJ1vTbvT762bbNbXULRSxHGcMjAFTgjqO9fspXC/E74J/Db4vWRt/GnhuGe6SPy7fUYf3V5bjDhdkq8lVMjMI33RlsEqa+Hz3g6lj5PEYNqE3uvsv/J/n+J42NymNd+0o6S/Bn5N/nR+dfV/xE/YA8ZaW1xffDXxJaa5ajfJHY35+zXYG75I1fmKRsdWYxDjpzXgfi34L/FfwL9rbxV8Ptcsrex2/aLz7I0tomcYP2iPdERyBkMeeOtfnGNyTMMvb+sUml33X3rQ8Ctg69D44v9DjPzo/OiivLOYPzo/OiigA/Oj867zwn8B/jH43aH/hG/hzrk0VzEZobme3NtbSIO6zzbYz7Ddk9q+gPhz/AME+9cvWgv8A4peLItNgZUkbT9J/fXHzISUeZx5cbKxUHasqnDYPQ162CyLMcwaVGk7d3ovveh1UcFiK/wAEX+h8q+G/DWveMNctPDfhjSrnUtTvn8uC2gTczHqT6BQASWOAACSQATX3z+zP+yVpnwzhs/G3j6GK/wDFzL5sVvlXg0vPRVI4eYd3HygnCZxvb2f4efCvwD8K9LfSfAvhu202Obb9omXLz3BXJBklYl3wWbAJwu4gADiusr9JyHg+jlsliMU+eotv5V6d35v7up9Bgsqjh37SprL8EFFFFfaHrhRRRQAUUUUAFFFFABRRRQAUUUUAFFFFABRRRQAUUUUAFFFFABRRRQAUUUUAFFFFABRRRQAUUUUAFFFFABRRRQAUUUUAFFFFABRRRQAUUUUAFFFFABXxz+2BMsvxNsIx1h0aFT+M0x/rX2NXxD+1FffbPjFqdv8A8+VtawfnEsn/ALUr888Tavs8j5f5pxX4N/ofO8Ty5cDbvJfqz3r9lC2+z/CWKTH/AB8ahcyfkVX/ANlr2SvM/wBm+yax+DPh5ZE2vMtxMfcNPIVP/fOK9Mr6fhmn7LJsLH/p3D8YpnqZZHkwVJf3V+QUUUV7h3BRRRQAUUUUAFFFFABRRRQAUUUUAFFFFABRRRQAUUUUAFFFFABRRRQAUUUUAFFFFABRRRQAUUUUAFFFFABRRRQAUUUUAFFFFABRRRQAUUUUAFFFFABRRRQAUUUUAFFFFABRRRQAUUUUAFFFFABRRRQAUV5j8VP2jPhb8IXNj4i1h7zVhjOlaaqzXSghTlwWCxfK6sN7KWHK7q+dPEP/AAUF8SXEaL4U+HOm2Lq53SaheyXQdO2FjWLaf+BN/WvEx/EeW5bJ069Vcy6K7fztt87H0GW8LZtmsFVw9F8j6u0V8r7/ACufbNFfFPh3/goNrsMax+LPhzY3jmQbptOvntgkffEciybmHP8AGAfbrX0f8Kf2gPhr8Yo2i8K6tJDqUSmSXS79BDdIm5huABKyD5ckxs20Mu7aTingOIstzKSp4equZ9HdP5X3+VxZlwvmuVQdXE0XyLqrNfO17fOx6PRRXgXx9/ap/wCFHeMbPwn/AMIH/bX2vTY9R+0f2p9m27pZY9m3yXzjys5z/F0457sdj8PltH2+Klyx2vZv8kzzsvy3FZrW+r4SPNPe10tvVpHvtFfHH/Dw7/qkH/lwf/c1H/Dw4/8ARH//AC4P/uavG/1wyX/n9/5LP/5E97/UfPv+fH/k0P8A5I+x6K+dPAv7cfwp8TT22n+JrPUvC93Mvzy3KrPZq5YAIJU+fnOdzRqoAOSO/wBCWV7Z6lZwahp13DdWt1Gs0E8MgeOWNgCrqw4ZSCCCOCDXsYLMsJmMebC1FL03Xqt0eHj8qxuVy5MZTcG++z9Hs/kyeiivK/iv+0p8L/hDctpWvalPf6wu0tpemoss8YZdwaQkqkfBU4ZgxDAhSDmtcTiqODp+1xElGPdmGEweIx9VUcNBzk+iV/69T1SiviTX/wDgoL4nuI418L/DnTLCRWPmNqF7Jdh17YVFi2n8TT/D/wDwUG8QwRlPFXw40+9kMg/eaffPaqqd/kkWUsf+BCvn/wDXLJ+fl9q7d+WVvyv+B9P/AKiZ77Pn9kr9uaN/zt+J9sUV5n8Kv2iPhh8Xz9k8Naw9rqgyTpeoqsN0R8xyihisgwhY+WzbRjdtzXplfQ4bE0cXTVXDyUovqtT5fFYSvgaro4mDjJdGrBRRXzp8bP2w9P8AhH48n8C2Pgk67NZW8Ml3MdSNr5Usi7xGFML7v3bRtuB/jx1BrHH5jhsspe2xUuWN7dXr8rs3y7K8Xm1b6vg4c0rXtdLT1bS6n0XRXyl4J/b00nxJ4s0nw/rnw9OjWWpXSWsmof2ysoti52q7K0MY2Biu4lhtXJ5xg/VtRl+a4PNYynhJ8yWj0a/NI0zPJ8dk0408bT5XJXWqf4ptBRRXzX8Yf2yD8J/iJqngL/hXH9qf2aID9r/tjyPM8yFJfueQ2Mb8feOcZ9qrH5lhcrpKti5csW7bN6/JPsRluVYvN6zoYKHNJK9rpaaLq13R774i8H+EvF0MVt4s8L6RrUMDeZFHqNlHcrG2MblEikA47isL/hSfwZ/6JH4L/wDBDa//ABuvOPgP+1loXxm8SXHhO+8ODw5qXk+dYxtqAuBeBcmRVPlph1ADbcHKhjxtNe91nha2Azan9Zo8s09L27eqv95lmOVV8srvD42nyz31s9H5q6f3nF/8KT+DP/RJPBf/AIIbX/43XQ6D4Y8N+FbM6f4X8PaZo9qWMhgsLSO3jLHqdqADPvXnX7QXx3/4UTpGk6p/wiv9uf2pcyW/l/bvs3l7VDZz5b5znpgV5T4L/bs/4S/xjoXhP/hVn2T+2tTtdO+0f255nk+dKse/b9nG7G7OMjOOorjrZvlGXYr6tNqNTTRRfXbVRt+J34LhbMcZhvruFo3p663itt9G0/wPq6isbxp4i/4RDwdrviz7H9r/ALE0y61H7P5nl+d5MTSbN2DtztxnBxnoa+Uf+Hh3/VIP/Lg/+5q6cwzvA5VKMMXU5W9VpJ/kmLLOH8xzmEqmCp8yjo9Yr82j7Horjfg/8RP+FrfDrSfH39j/ANl/2p5/+ifaPP8AL8qeSL7+1c58vP3RjOO2a66aeG2hkuLiZIoolLySOwVUUDJJJ4AA716FGtTxFKNam7xkk0/J6o8yvQqYatKhVVpRbTXmnZrTzJKK+cfiR+3B8NfCF1NpfhHT7nxbeQPsklt5Rb2QIZlYLOwYuRtBBRGRgwIevItT/b/+I819LJo/gvw3a2TH91DdefPKox0aRXjDc55CCvBxXFmU4SXJKrzP+6m/x2/E+kwfBedY2HtI0eVP+Zpfg9fwPuuivk/wf+394Z1C+js/G3gW90eBwim8srsXaq5IDM8ZRGVAMt8pduMAGvpnwt4s8N+NtFt/EXhPWbbU9OulDRzwNkcgHawPKOMjKMAynggGvRwGcYHNL/Vaik102f3OzPLzLI8wyi31yk4p9dGvvV18jXooor0jyQooooAKKKKACiiigAooooAKKKKACiiigAooooAKKKKACiiigAooooAKKKKACiiigAooooAKKKKACiiigAooooAKKKKACiiigAooooAK/Pz4zak2rfFTxTds27bqU0APtEfLH6IK+/L27hsLOe+uDiK3iaZz6KoJP6Cvzls4bzxb4ohgkkLXWs36qzesksmCfzavybxVrOVHC4OO8pN/ckl/6UfJcVzvClRW7bf6fqffnwzsTpvw78M2LLtaHSbVWGMfN5Sk/rmulpscaQxrFGoVEUKqjoAOgp1fqeGorD0YUV9lJfcrH1VOHs4KHZWCiiitiwooooAKKKKACiiigAooooAKKKKACiiigAooooAKKKKACiiigAooooAKKKKACiiigAooooAKKKKACiiigAooooAKKKKACiiigAooooAKKKKACiiigAooooAKKKKACiiigAooooAKKKKACiiigArxb9qb44XXwZ8EQL4faMeI9ekkt9OaSMutuiAGW4wRtYpvQKrHlpFOGVWWvaa/O/8Abc8SPrfxyudJMDRL4f021sAfMyJS6m4LgY+X/j4C45+4D7D5zirMqmWZbKpSdpyain2vv87J2PquDcqp5vmsadZXhFOTXe2y9LtX8jwe8vLzUbyfUdQu5rq6upGmnnmkLySyMSWdmPLMSSSTySa97+H/AOxT8WfGWn2+sa1JYeGLS4b5YtQLm78vaCH8lVwoJONrsrDByOmcH9kvwLbeO/jZpEOo2kN1YaLHLq91DK5G4RYWLAH3sTPCSp4Khs5HB/SuviOFOGaGbUpYzGXcb2Sva/dt/Pp5n6BxlxbiMlrRwWBSUrXbava+yS26X18j85fih+x78Uvhvo934mhksPEGk2WXmfTy/wBohhGMyvCyj5R32M+ACxwoJHiVjf32l31vqWm3k1pd2kizQXEMhSSKRTlWVhypBGQRX7D1+Xf7SHhPSPBPxu8V+HdBhEFhFdR3MMKqqpD58Mc5jRVACorSlVAHChRzjNRxXw5RyeMMVhG1Fu1m9nq1Z79DTgzirEZ7OeDxqTmlzXStdXSaa26r/I+6f2Z/jMvxk+Hsd9qUqf8ACQaOy2WrJ8imR9uUuAin5VkGeyjesgAwoNfMP7fX/JYtH/7Fq3/9Krqp/wBgTVLyD4pa7o63jpaXegvcSQbvlkliuIRG2O5VZZcezNUH7fX/ACWLR/8AsWrf/wBKrqu/McwqZlwvGtV1kpJN97Pf7t/M83K8sp5VxhKhR0g4uSXa62+TvbyPEPhv4B1j4oeNNO8C+H7mzt7/AFPzfJkvHZIV8uJ5W3FFZh8sZAwp5I+te3/8MC/GL/oZPBv/AIGXX/yPXHfsgf8AJxXhL/t//wDSG4r9KJJEiRpJHVEQFmZjgADqSaw4U4dwOb4KVfFJ8yk1o7aWi/1OnjLijMMkx8MPhGuVwUtVfXmkv0R+Rfi7wj4i8C+Ibvwr4q01rDVLFlWeBnV9u5QykMpKkFWBBB719NfsL/FzUrXxFP8ACLWtSeTTr6CS70eOUlvIuEy8sUeBwrpvkIJChoyQNztnz79sL4g+GPiH8XBeeE75L6z0nTIdLe7iZWhnlWSWRmiYE70Hmhd3cq2MjBMP7HFhe3n7Qnh24tbWWaKxhvri5dFyIYzayxh29BvkRcnuwHevHy1/2Zn8aWDnzR5+W/eLdne2/wCV1c9zNV/a3DU62Ohyy9nz27SSurX1WvTezsfWn7VnxwvPg74Kt7Tw9s/4SHxE0tvZSNnFrEijzbgDGGZd6BVJHL7vmCFT+c15eXeoXc+oahdTXN1cyNNNNM5eSWRiSzMx5ZiSSSeSTXuP7a2vXGsfHrUdPmhRE0Kws9PhZero0YuMn33XDD6AVT/ZA8C2fjj42aa2opHJa+H4JNbkicsPMeJkWLBUjlZpInweCEIOQcV05/iK+e519Si/dUuSK6LW0n9936aHJw3hsPw5kH1+cbylHnk+r0vFfdZeupr+A/2J/i54u0+31fWn07wzbTt/qdQZzeCMqCH8lFIXJONrsjgg5UcZm8dfsQfFjwrp9zq3h+603xNb2ylzBZl47xlAJYrEww2McKrsxJACk1+g1UtY1rR/DunS6xr+rWemWFvt866vJ1hhj3MFXc7kKMsQBk8kgd6+xfBGVQouMua/81/6X4Hwq8Qc5niFKPLZv4eX8P5vxPza+AfwD8ffFXxMLvSJrrQNP0S7X7VrJDRva3CEMEhwQxnXhsAjZ8pYjKhv0ss4ZLa1ht5ruW6kijVGnmCB5SAAXYIqqCep2qBk8ADiuPg+L3wVtYzHa/FDwTEjO8hWPW7RQXdizNgP1LEknuST3rtq9Hh3KMLlNGUMPU55P4nf7tE9PzPL4ozvGZ1WjPEU/ZxXwq3pfVpN/kvxeD468X6b4B8Hax4y1dlFtpFpJclGkWPzWA+SJWbjc7bUX1ZgK/J3XNa1DxJreoeItWmEt9ql1Le3UiqFDSyOXcgDgZZjwK+w/wBvj4kzWtlovwr026ZPtv8AxNtUVd6lolYrbxkg7WUuJHKkHDRRHjv88fs6/Dn/AIWh8XND8PXNuZdNt5P7Q1LMe9PssOGZHGRhZG2RZzx5oODjFfF8X4qea5nTy2hrytL/ALelb8lb01PvuB8HTyfKambYjTmTf/bsb/m7+uh53eWd3p93PYX9rNbXNtI0M0M0ZSSKRThlZTyrAggg8giv05/Zv+Jg+Knwm0jXbiZpNTsV/szVC5JY3UKqC5YqoJkRo5TtyB5m3JKmvkL9tb4dnwd8Wm8TWdqkWm+LYftqeXGqIt0mEuFwDkkny5WYgZac9SCaufsQ/EyPwj8Sp/BWpTpHYeLY1hjZ2VQl7FuaLlmAAdTImACWdohWHD9afD+dywNZ+7J8r/8AbX8/ykdHE1CnxNw/DMKC96K51+U4/L84n6AV+bH7YX/Jw/in/dsf/SKCv0nr82P2wv8Ak4fxT/u2P/pFBX03H3/Ish/jX/pMj5Lw2/5G1T/r2/8A0qB49Z3t5pt5BqGnXc1rd2sizQTwyFJIpFIKurDlWBAII5BFfpD+zR8ftO+MnhVNP1S8ij8XaVCBqVsVCG4QEKLqMDgq2RuAA2OcEAMhb837eyvLqK5ntbSaaOziE9w8cZZYYy6xh3I+6u+RFyeNzqOpFavgnxlrnw/8Vab4y8NzrFqGlzedFvBKOMENG4BBKspZSAQcMcEda+A4fzurkmIU96cviXl3Xmv80fpXE3D9HiDCuntUj8L8+z8n/kz7C/4KCf8AIo+Ev+wlP/6KFfKfwX/5LF4F/wCxl0z/ANKo69y/ag+Lvh34z/CDwb4q0JHtpk1Se31Cxkbc9pcCFSU3YAdSCCrgDIPIVgyr4b8F/wDksXgX/sZdM/8ASqOu/iCvTxOeRrUXeMuRp/cedw1h6uE4dlQrx5ZR9omn6s/Sr40f8kd8d/8AYtan/wCkslflHX6ufGj/AJI747/7FrU//SWSvyjr0/EH/eaP+F/meR4Zf7pX/wAS/I/Sr9kD/k3Xwl/2/wD/AKXXFfPH7aXxzvfEXiSb4TeGtSdNF0dlGrGF123l4MN5bFSdyRcAqcfvQ2QSiEfQ37IbKn7OfhR24Ci/J/8AA64r84NT1K+1rUrvWNUuXub2/nkubiZ/vSSuxZ2PuSSfxrfiHMamFyLB4am7e0hG/oox0+d0c/DGV0sZxFjsXVV/ZVJWX96UpWfys/m7lnw34b17xhrtl4Z8M6XNqGp6hL5Nvbwj5nbqSSeFUAEsxIVVBJIAJr6N0b9gX4kXmnm41rxdoOnXLRh47ePzZ8EgHbIwVQpByDt3jjgmu+/YA8J6TF4R8R+OvKD6nc6l/ZIdkU+VBFFHKQjY3De0w3DOD5UfGRX1hV8OcI4TF4OOLxl5OeqSdkl8tW+pHFPG+NwWOngsDaKho21dt9d9Eun43Py4+LXwA+JHwZeGbxZpsE+nXLeXDqdhIZbVpNoOwkqrI3JwHVd21tu4KSPpf9jH4H/ETwVcXXj7xNqF3olhqlsIo9DIG+8HVJp1YHywmW2AYkyzZKrlZPqq7s7O/hFvfWkNxEskcwSWMOodHDo2DxlXVWB6gqCORU1e3l/B2Fy/HfXITbS+Fdn1u1uuy++58/mfHWMzPLvqNSEU5aSl3XSyez7v7rBRRRX158OFFFFABRRRQAUUUUAFFFFABRRRQAUUUUAFFFFABRRRQAUUUUAFFFFABRRRQAUUUUAFFFFABRRRQAUUUUAFFFFABRRRQAUUUUAFFFFAHB/HTXD4f+E/iS9XG+azNmvOOZiIsj3Acn8K+S/2fdDXXPi54fhkQtFaTNetj+HykLqf++wn517Z+2J4gFr4X0TwzHJh7+8e7cA/wRJtwR6FpQef7vtXN/sc+HxNrmv+J5EP+iW0dlESOCZG3tj3AiX/AL696/HeIX/bHGmFwK1VPlv8r1H96sj4/MP9szqlQ6Rtf/0p/gfVFFFFfsR9gFFFFABRRRQAUUUUAFFFFABRRRQAUUUUAFFFFABRRRQAUUUUAFFFFABRRRQAUUUUAFFFFABRRRQAUUUUAFFFFABRRRQAUUUUAFFFFABRRRQAUUUUAFFFFABRRRQAUUUUAFFFFABRRRQAUUUUAFFFFABX59/tzeEW0P4xReJIoLnyPEumw3DzSD92biH9y8aHH8MaQMRycyZ6ECv0Ery/9oT4KWfxu8EHRY5rez1rT5DdaVeSx5CSYw0TsAWEUgwG29CqNhtgU/P8TZZPNculRpK81aUfVdPmro+l4SzeGTZpCvWdoNOMvJPr8mkz4S/Zr+I1r8MfjBo2vareSW2k3PmafqTKFx5Mq4Vnz0RJRFIxHOEOM9D+nisrqGRgysMgjoRX5C+JPDWveD9dvPDPibS59O1PT5DFcW8w+ZT1BBHDKQQQwJVgQQSCDXe/D/8AaU+MXw2sYNH8P+K2m0q3bdHY30KXESjaF2KzDzEQYBCIyqDk45OfgOGuJo5HGeDxkHy3vpvF7NNO2mnyd9NT9L4s4TlxDKGOwM481ra7SW6aavrr81bVWP04vLy00+0n1DULqG2tbaNppppnCRxRqCWZmPCqACSTwAK/LX48eOtO+JHxd8S+MtHXFhe3SxWr/N+9hhjSFJcMqsu9Yw+0gFd2D0qz8RP2hvi38ULGTR/FXiqRtKkkEjafawpbwNjBAbYA0gBUMA7MAQCOQK5Dwn4Q8TeOtcg8OeEdFudT1G4PywwLnaMgF3Y8IgJGWYhRnkip4l4jWfcmEwkHyp31WrlsrJX7v1uXwpws+G/aYzG1FztW0fuxjo3du3Zelutz6M/4J/6Jf3HxF8R+I40U2Vjov2KZt3zCWeeN4wB1IIt5cntgetUP2+v+SxaP/wBi1b/+lV1X1v8AAn4S2Pwa+Htn4ThkSa/kY3mqXCMzLNduqhyu7GEUKqLwuQgJG4tn5I/b6/5LFo//AGLVv/6VXVetmuXTyvhiNCp8XMm/Jt7fLb1PEyfNYZxxdLEUvg5Wl5pK1/nv6HzVRXrP7KukaTr3x68L6Vrml2mo2U/23zba6hWWJ8WU7DcjAg4IBGR1ANfZPxw/Zp8F+PvAN3p/g/wvo+h69Z5vNPmsNPggM8qq2IJGUL8j5x1G1trc7dp+YyvhrEZtgp4yhJXi2uXq7JPT7z67N+LMNkuYU8DiIu00nzdEm2tV5WPzp0bR9Q8QaxY6Bo9v9ov9TuYrO1h3KvmTSMERdzEKMsQMkgc81+hn7Lf7O7/BjRrrXPEskE/inWo1SdYgrJYwA7hAj4yzE4aQg7SVQAHZvb87byzvNOvJ9P1C0mtbq1kaGeCaMpJFIpIZGU8qwIIIPIIr9Gf2V/jonxd8FDTddvIj4q0JVhvkwQ1zD0jugDwS3R8HhwThQ6CvU4Hjg/rzVdfvUvcvt56fzW/C/Y8jxCljv7OTwz/ct+/bf+7r/LffztrZnzH+3B4TuNC+NUniArO1t4ksLe6WRoyIxJEogeNW6MQsUbEdR5q56iuT/Zh+JNr8MPjBpWr6pdfZ9K1JX0rUZCFwkUuNrsWICqsqxOzZyFVuD0P3D+0Z8EbX42eCP7Nt5ktdd0pmutJuWUbfMK4aFyRkRyYXJGMMqN8wXafzZ8R+HNc8I65eeG/Eulz6fqdhJ5VxbzLhkOAR7EEEEMMhgQQSCDUcR4PEZJm39oUl7spcyfS+7T+d/VGnC2Pw3EGS/wBm1n78Y8kl15dlJfK2vR/I/XsEMMqcg145+1//AMm6+Lf+3D/0ut6+JfAf7Svxm+Hen2+j6D4wkl0u2bMdlfQpcxqu0KEVnBkRAAMIjKoOeOTl3xE/aW+L3xO0m68O+JPEEC6PeGNprC1s4o42KMHX5tpk4ZVOC+MgV7mN42wOMwFSjySU5xlG2lrtNb32+V/I+dwHh/mGBzKlX9pBwhOMr3abSkntbf528zy2v2F1LUbHR9PutW1S6jtrOyhe4uJpDhIokUszMewABJ+lfkDY2N9ql7BpumWc93d3UiwwW8EbSSSuxwqqqgliTwAK++f23/iXL4R+GsHgvTZ3iv8AxbK0MjozKUsotrTfMrAguWjQgghkaUGvM4OxsctweMxc9oqPzfvWXzbX3nr8dYCWa47AYKnvJz+S9y7+STfyPif4neOLz4k+P9d8cX29W1W7aSKNwu6KBQEhjO0AEpEqLnGTtyckk1ufB343+JPgle6nqXhfQtAvbvU4o4Hn1K1kkkhjUklI2SRCqsSpYcgmNP7tcX4f0PUPE+vab4b0lEa91W7hsrdXbapllcIuT2GWGTX3QP2Bfg/38SeMc/8AX5a//I9eLk+X5pmleeNwb9+Lu5N21lc9/PMzyfJ8PDAY5e5JWUUr6Rtb5bW9D5f+MH7SPjL42aLZaL4s8P8Ahu3XT7r7VBc2NrKk6koysm+SV8I2QSABkoh7V5fp+oX2k6hbappt1JbXlnMlxbzxNteKRGDK6nsQQCD7V94/8MC/B3/oZPGX/gZa/wDyPXxx8Yvh/J8LfiVrvgcyNLBp9zm0kZtzPbSKJISx2qC/lsobAA3BgOBVZ7lWa4O2MzB3baV73d+n5EcO5zk2OTwOWKyim+W1la+u/rqfpn8L/HVn8Svh/ofjixCquq2iySxqGxFOpKTRjcASEkV1zjB25GQQa+Af2wv+Th/FP+7Y/wDpFBXqf7BHxKhs9Q1r4V6lcJGL8/2tpgYqu6ZVCzxgk7mYosbhQDhYpDxXln7YX/Jw/in/AHbH/wBIoK+i4gzL+1eHaOI+1zpS/wASjK/37+jPmOGMqeTcUYjCr4eRuP8Ahco2+7b1R0/7CdjZ6n8VfEGm6laQ3Vpd+FbuCeCaMPHLG1zahkZTwykEgg8EGuS/aO+AOrfBfxO11ZwyXHhTVJmOmXgy3knk/ZpSekijOCfvqNw5DqvafsC/8li1j/sWbj/0qta+2PH3gPw78SvCd/4O8UWrS2N/HtLRkCSFxyssbEHa6nkEgjsQQSCZTkdPO8gUdqkZS5X+j8n/AMEWdcRVOH+JJS3pSjFSXl3Xmvx2PyVE0qxNAsjiN2Dsm75WYZAJHQkBmx9T611/wX/5LF4F/wCxl0z/ANKo6f8AF74V698HfGt14P1x1uFQCayvEQol3bsTskAOdp4IZcnDKwyQASz4L/8AJYvAv/Yy6Z/6VR18NRo1MNjYUaytKMkmu2p+h169LFZfOvRd4yg2n30P0q+NH/JHfHf/AGLWp/8ApLJX5R1+rnxo/wCSO+O/+xa1P/0lkr8o6+z8Qf8AeaP+F/mfB+GX+6V/8S/I/Sr9kEBv2dPCasMg/b8/+B1xX5y+INDvvDOv6n4b1QILzSbyaxuAjblEsTlGwe4yp5r9Gv2QP+TdfCX/AG//APpdcV5D+2Z+zzrGrak3xd8D6XLeySRpHrlnBueXKKFS5ROdwCBUcL0Cq2DmRh157ldXH5DhMRRV3ThG68nGN/usvlc4uHc4o5dxFjcNXdo1akrN/wAylKy+d387IT9gf4jaJb6frXwtv7iC21Ge9OraeHkIa8DRKk0ajGMxiFGxncQ7EDCMa+w6/HezvbzTbyDUNOu5rW7tZVmgnhkKSRSKQVdWHKsCAQRyCK9o0X9sj49aPp50+TxLa6jiNY4pr2xjeWIAAA7lC7zxyX3Enrmubh7jGhgMJHCYyL93Zq23Z6r+vvOribgXEZljJY3AzXv7qV1rtdOz33s/l2P0H8VeMPC/gfTU1jxdr1npNlJcRWqz3UgRTLI21V/mSeiqrMcKpI145I5Y1lidXRwGVlOQQehB71+TXjz4mePPidqEWpeOvE11q01uCsKybUihyFDeXEgVELbVyVUbtozmvqn9hnxN8XtQju9EvrSS88C2kJ8i8vWZTbT5wsVsxB81Tg7o/upwdyk7ZPdyvjGGZ5h9VjSajL4Xu/PmS2X5dfL57N+BamU5b9cnWTnH4lsvJRb3fqlfptr9fUUUV9qfABRRRQAUUUUAFFFFABRRRQAUUUUAFFFFABRRRQAUUUUAFFFFABRRRQAUUUUAFFFFABRRRQAUUUUAFFFFABRRRQAUUUUAFFFFABRRWd4i1yz8NaDqHiDUGxb6dbSXMnqQqk4HucYHuRUVKkaUHUm7Jav0QpSUU5S2R8bftPeJl8QfFW7tIWDQ6NBHp6kHgsMu/wBCGcr/AMBr6E/Zm8NN4d+FNhPNGUm1iaTUXB/uthU/NEQ/jXx7YWuqeO/GEVuzmXUNe1EB3I6yTSfMx9ssSa/Q/TNPtdI0210mxiEdtZQpbwp/dRFCqPyAr8g4AhLOM6xmd1Fpql/287/hFW+Z8hkCeMxlbGy+Xz/ySLNFFFfsR9gFFFFABRRRQAUUUUAFFFFABRRRQAUUUUAFFFFABRRRQAUUUUAFFFFABRRRQAUUUUAFFFFABRRRQAUUUUAFFFFABRRRQAUUUUAFFFFABRRRQAUUUUAFFFFABRRRQAUUUUAFFFFABRRRQAUUUUAFFFFABRRRQBy3jz4YeAfibYpp/jnwxZ6rHD/qZJAyTQ5IJ8uVCJEBKrkKwzgA5FeAeIv+Cf8A4Du41/4RXxzrmmS+YWkN9FFeIU7KqoIiCD3LN/WvqiivMxuTYDMXzYmkpPvs/vVmevl+fZllceXCVpRXbdfc7r8D5b8O/sBfD2ziRvFHjLXtUnWQN/oixWkLKD90qVkbnoSHHtivfvAvw18CfDPTW0vwL4Zs9Jhlx5zRAtLNhmYeZK5MkmC7bdzHaDgYHFdNRRgsmwGXPmw1JRffd/e7sWPz3Ms0jy4utKS7bL7lZfgFeQ/F79mPwH8aPElt4o8U6vr9rd2timnomn3EKRmNZJHBIeJzuzK3fGAOK9eorqxWDoY6n7HERUo9mceDx2Iy+r7bCzcZd0eH/Df9kT4bfC/xpp3jrw/rniW4v9M83yY7y5t3hbzInibcEhVj8shIww5A+le4UUUsHgcPgKbp4aCjFu9l3/pFY7MMVmVRVcXNzkla77b2/FniPxH/AGQvhT8S/Fl14x1KfW9Lvr5V+1JplxFHFNIODKVkifDkYB2kA4yRuLEt+HX7JPgb4W+KrXxh4R8YeMYby3yjxyXlsYbmJsbopVEA3IcDjIIIVgQygj3CiuT+xMv9t9ZVJc973637nZ/rBmf1f6q60nTtaz1Vtra9ArjviD8Ifhz8UreOHxx4VtNRkhGIbn5oriMDOFWVCHC5YnbnaTyQa7GivRq0aeIg6dWKlF9Gro8yhXq4aoqtGTjJdU7P70fKviD/AIJ++B7mOIeF/HmuadIGJla/hhvFZewUIISp9yTU2g/sA/D21t1/4Sbxp4g1G4D7t1msNpEV/ulGWRvxDj8K+pKK8RcL5Qp8/sFf52+69vwPoHxhnjh7P6w7eiv99r/icb4B+D/w0+F6yf8ACD+EbLTZpgyyXPzS3DKdpKGaQtJsyinZu25GcZrjfit+y34H+MXir/hLfFniPxLHcpbR2cMNnPbRwwwoWYKoaBmOWd2JZicscYAAHslFejVy3B1qCw06a5F9m1l9yPKo5tjqGIeKhVl7R6czd397ueJfDT9kf4Z/C3xjZeONC1TxFd6hp6yrAt9dQtEpkjaNmxHEhJ2uwGTjnp0r22iitMJgsPgKfssNBRje9l3M8dmGKzKp7bFzc5JWu+3b8Qryb4wfs0/D/wCNWt2XiLxRea1Z31la/YxJp9xGgkiDs6qwkjcfKzvgrg/Mc5wMes0VWKwlDG0/Y4iKlHsycHjcRl9VV8LNxkuqPA/Bn7Gfw38B+KtL8YeH/FXjGO/0m4W4h3XtuEfH3o32wAlHUlWAIyrMM81d+JP7Ivw3+KXjK/8AHHiDW/Etvf6iIhLHZ3NukK+XEka7Q8LMOEGck85r2+iuH+wsuVH6v7Fcl726Xta/3Hof6xZo6/1n28ue3Lfra97feeQ/CH9mPwH8F/Etz4p8Lavr91d3Vi+numoXELxiNpI3JASJDuzEvfGCeK9epNy7tuRnrilrtwuEoYGn7HDxUY9kefjMdiMwq+2xU3KXdnDfFn4N+CfjNoUOh+MLWZWtZfOtL60ZUurUnG8I7Kw2uAAysCpwDjcqsvmvhn9iX4VeE/Emk+KNO8QeK5LvR76DUIEmurYxtJFIrqGAgBKkqM4IOO4r6DormxGUYHFVvrFaknPTXrpsdeGzvMcHQeGoVpRg76dNdzM8T6BZ+LPDereFtQkmjtNYsZ9PneFgJFjljZGKkggMAxxkEZ7Gvn3/AIYF+Dv/AEMnjL/wMtf/AJHr6VoqsZlWDzCSliqak1tcnA5xj8si4YSq4J72OZ+G/gHR/hf4L07wLoFzeXFhpnneTJeOrTN5krytuKKqn5pCBhRwB9a6aiiuylShRpxp01aMVZLslscFarPEVJVajvKTbb7t6tnkfxI/ZZ+DvxMu5tV1LQZdJ1S4fzJr/SJBbySkszMXQq0TszMSzshc8fNxXkWqf8E99Dmv3k0T4nX9pZHGyG601LiUeuZFkjB/74FfXNFeTiuHcrxsuetRV31V1+Vj2sHxRnGAgqdCvJJdHaVvTmTPAfCH7EvwV8M30epalDq3iKSIIyw6ncr9nEisG3eXEibgcY2OWUgkEGvd7Gxs9Ns4NN02zhtbS1jWGCCGMJHFGoAVFUcKoAAAHAAqeiu7B5fhcBHlwtNRv2X6nBjszxmZSUsXUc7d3t6LZBRRRXYcAUUUUAFFFFABRRRQAUUUUAFFFFABRRRQAUUUUAFFFFABRRRQAUUUUAFFFFABRRRQAUUUUAFFFFABRRRQAUUUUAFFFFABRRRQAV4R+1r4y/sjwZaeEbaYC41ybfMo6i3iIY57jL7MeoVhXu1fB3xy8cf8J58RtS1K3m8ywsz9hsfQxRkgsPUMxduecMPSvg/ETOP7MyeVGL9+t7q9PtP7tPmjwuIcX9Wwbgt56fLr+GnzOy/ZN8If2x46ufFFxGTb6Db/ALs/9N5QUX64QSH67a+wK83/AGf/AAU3gn4a6fBcxNHfan/xMbpWGCrSAbVI6jCBAQe+6vSK9DgrKf7HyalSkrTn78vWXT5Ky+R0ZLhPqeDjF7vV/P8A4Fgooor6w9UKKKKACiiigAooooAKKKKACiiigAooooAKKKKACiiigAooooAKKKKACiiigAooooAKKKKACiiigAooooAKKKKACiiigAooooAKKKKACiiigAooooAKKKKACiiigAooooAKKKKACiiigAooooAKKKKACiiigAooooAKKKKACiiigAooooAKKKKACiiigAooooAKKKKACiiigAooooAK474vap420P4ba/rnw9htptd0+ze6t4riFpRIE+Z1VVIJfYG2jnLADHNdjSVnVg6lOUE7XW63XmZ1YOpTlBO11ut15n5mfBn9pjxlpnx00zx18QvFN3f2Wo50zUjM37uG1lYfMiAYRUcI+FGcKR3r9MwQwDLyDX5a/tVfCM/CT4s39nYWpj0TWidT0vA+VI3Y74RgYHlvuUDrt2E9a+zP2M/jAPiX8LodB1W63674UCWFzubLzW+D5Ex9flUoeSS0ZJ+8K+I4Xx1bDYurleMd5XbTfV9fvWq+Z8Nwtjq2GxdXK8ZK8rtpvq+v3rVfM9/ooor7s+9CiiigAooooAKKKKACiiigAooooAKKKKACiiigAooooAKKKKACiiigAooooAKKKKACiiigAooooAKKKKACiiigAooooAKKKKACiiigAooooAKKKKACiiigAooooA80/aB8fDwJ8PbtrW4Mep6tmxstjYZSwO+QYORtXOCOjFPWvlb4JeBP+FgfELT9JuIfM0+1b7bf+nkoR8p/3mKrxz8xPatH9oL4if8ACwPHk62M2/SdH3Wdlg/K5B/eS9cfMw4I6qqV9A/sx/D7/hEfAw1++h26j4h23LZHMduAfKX8QS//AAMA9K/FKz/134rVOOuHofc1F6/+BS0/w69D4ub/ALbzVRWtOH6f5v8AA9h6cDoKWiiv2s+0CiiigAooooAKKKKACiiigAooooAKKKKACiiigAooooAKKKKACiiigAooooAKKKKACiiigAooooAKKKKACiiigAooooAKKKKACiiigAooooAKKKKACiiigAooooAKKKKACiiigAooooAKKKKACiiigAooooAKKKKACiiigAooooAKKKKACiiigAooooAKKKKACiiigAooooAKKKKACiiigAooooA8Y/as+DQ+MHwvuYdNtRJ4g0LdqGlFVG+Rgv7yAHGcSKMAcfOsZPAr4F/Z/wDizefBn4mad4q/etpzn7Hq0CjmW0cjfgd2UhXUcZKAZwTX6w1+dX7avwQPw98c/wDCeaDa7NA8UTNI6ovy2t8ctJH7B+ZF994AAUV8LxbgKlCcM2wukoW5v0f6PysfC8WZfUoVIZthdJQtzfo/0flY/Q3T7+y1WxttU026iurS7iSe3niYMksbAMrKRwQQQQferFfHv7Cnxz/tLT2+DHia8Ju7JXn0KSRsmSAZaS39SU5devylhwEFfYVfVZXmNPNMLHE0+u67Pqv66H1WV5hTzTCxxFPruuz6r+ugUUUV6B6AUUUUAFFFFABRRRQAUUUUAFFFFABRRRQAUUUUAFFFFABRRRQAUUUUAFFFFABRRRQAUUUUAFFFFABRRRQAUUUUAFFFFABRRRQAUUUUAFFFFABRRRQAV5J+0f8AEweBfBb6Rptxt1jXVa3h2k7oYcYll46HB2joctkfdNena1rGneH9Ju9b1a5W3s7KJpppG/hUDP4nsAOSSBXwP8RPG2q/E7xpda/cRyE3LiCytVyxihBxHGBzk85OOrMx718Fx9xH/Y2A+rUH++q6Luo9ZfovPXoeDn2Y/U8P7OD9+ei8l1f+X/ANb4H/AA5f4j+ObawuoS2lWOLvUG5wYlIxHkd3OB1BxuI6V93KqxqERQqqMAAcAV5/8EfhrH8NfBkNjcRr/at9i51Bxg4kI4jB7hBx6Z3Eda9Brq4H4e/sDLV7VWq1Pel5do/Jfi2a5Jl/1DDe8vflq/0Xy/O4UUUV9meyFFFFABRRRQAUUUUAFFFFABRRRQAUUUUAFFFFABRRRQAUUUUAFFFFABRRRQAUUUUAFFFFABRRRQAUUUUAFFFFABRRRQAUUUUAFFFFABRRRQAUUUUAFFFFABRRRQAUUUUAFFFFABRRRQAUUUUAFFFFABRRRQAUUUUAFFFFABRRRQAUUUUAFFFFABRRRQAUUUUAFFFFABRRRQAUUUUAFFFFABRRRQAVzHxJ+H+h/FDwXqngnxDGTa6jDtWRR88Eo5jlT/aVgD6HBB4JFdPRUVKca0HTqK6ejXkRUpxqwdOauno0fkVr+h+NPgn8RpdNuJX0/X/Dd6skNxDnBZSGjlTI+ZGGGGRyDgjqK/S/4D/GLSPjV4DtfE1m0cOpQgW+q2anm3uQOcAknY33lOTwcHkMBwP7Xf7P/wDwtjwqvirwzZ7vFWgxMYkRfmvrblmg9SwOWT3LLj58j4s+Avxl1n4JeOYPEVp5s+mXOLfVrFf+Xi3zyQCQBInVTxzkE4Zs/mtCpU4QzN0autCps/19Y7Putex+c0J1OEsydGprQqdf19Y7PuvkfqvRWZ4b8R6L4u0Gx8TeHdQivtN1GET288Z4ZT+oIOQQeQQQcEVp1+lxlGcVKLumfpEZKcVKLumFFFFUMKKKKACiiigAooooAKKKKACiiigAooooAKKKKACiiigAooooAKKKKACiiigAooooAKKKKACiiigAooooAKKKKACiiigAooooAKKKKACiivHf2hvjGvw/0X/hHdBuB/wkGpxnaytzZwngyn0Y8hfxP8OD5+a5nh8nwk8ZinaMfvb6JebOfFYmng6LrVdl/VjzD9qD4trr2pH4d6BdE2GnS51GRG4nuFPEfHVUPX1bt8oJl/Za+FJ1bUf+Fja5a5srBymmxyLxNOODLz1CdB/tdwUry/4UfDXUvif4rh0eDzI7KLE2o3Q/5Yw55wTxvboo9cnoDX3jpOk6foemWuj6TapbWdnEsMMSdFUDA+v1PJr8p4Uy7EcW5tLiHMl+7i/cXS62S8ofjL5nyuVYepm2KeYYn4U9F+XyX5/Mt0UUV+zH2QUUUUAFFFFABRRRQAUUUUAFFFFABRRRQAUUUUAFFFFABRRRQAUUUUAFFFFABRRRQAUUUUAFFFFABRRRQAUUUUAFFFFABRRRQAUUUUAFFFFABRRRQAUUUUAFFFFABRRRQAUUUUAFFFFABRRRQAUUUUAFFFFABRRRQAUUUUAFFFFABRRRQAUUUUAFFFFABRRRQAUUUUAFFFFABRRRQAUUUUAFFFFABRRRQAUUUUAFfD37Z37OLaTd3Pxg8E2JNjdSb9cs4k/1ErHm6UD+Bj9/0Y7uQx2/cNRXVra31rNZXtvFcW9xG0U0UqBkkRhhlZTwQQSCDXl5vlVHN8M8PV0fR9n3/wAzzc1yylmuHdCpv0fZ/wBbn53/ALKH7R0vwn1oeD/Flwz+EtVmyZGJJ06c8eav/TNuA6/RhyCG/RKGaG5hjuLeVJYpVDxyIwZWU8ggjggjvX5zftR/s3XXwh1pvE3hi3lm8IalKfK6s2nynnyHPdT/AAMecDaeRluz/ZL/AGoV8JvbfC/4jagF0SRhHpWpTNxYsTxDKT0hJ6MfuHg/Icp8ZkGcVslxDyfM9Evhb2Xz/lfR9NvT5LI81q5RXeVZjol8L7fP+V9H0/L7popOvIpa/Rz78KKKKACiiigAooooAKKKKACiiigAooooAKKKKACiiigAooooAKKKKACiiigAooooAKKKKACiiigAooooAKKKKACiiigAooooAKKK5f4ifELQfht4el17XJsn7ltbKR5lzL2Rf6noBzWGJxNLB0ZV68lGEVdt9ERUqRowdSo7JGf8WvilpPwt8Ntqd1sn1G53R6fZluZpB1JxyEXILH3A6kV8TxR+K/ih4y25l1PW9auMsx7n1PZUVR9FVfQVL4u8WeJ/ih4tbVdREt3f30i29rawqWEalsJDEvXGT06kkk5JNfW/wJ+DNt8M9G/tHVYo5fEWoRj7VIMN9nTqIUP5biOpHcAV+K1quL8Sc1VGleGEpP8Ap/4pdF9lfO/xc5VuI8Vyx0ox/r7307HS/C/4b6T8MfC8Oh6fiW5fEt9dEfNcTY5Pso6KOw9SST19FFftOEwtHA0Y4fDx5YRVkvI+zpUoUIKnTVkgoooroNAooooAKKKKACiiigAooooAKKKKACiiigAooooAKKKKACiiigAooooAKKKKACiiigAooooAKKKKACiiigAooooAKKKKACiiigAooooAKKKKACiiigAooooAKKKKACiiigAooooAKKKKACiiigAooooAKKKKACiiigAooooAKKKKACiiigAooooAKKKKACiiigAooooAKKKKACiiigAooooAKKKKACiiigAooooAKKKKAKGu6HpHibR7vQNe0+G+0+/iaG4t5VysiHqPb2I5BAI5r84f2i/2ddZ+Cuu/bbBZr7wrfyH7DelcmBjk/Z5iOA4HQ9HAyOQwH6W1neIPD+i+K9Fu/DviLTYL/Tr6MxXFvMuVdf5gg4II5BAIIIrwc+yGjndHlelRfDL9H5flueLnWS0s3o8r0mtn+j8j4w/ZY/atPhwWnw1+J+pE6SNsGl6tM3/HkOiwzMf+WXQK5+50PyYKfbyusiiSNgysMqwOQR7V+cP7RP7NOufBrUH1rRxPqXhK5kxDdkZe0ZjxFPj8g/RuOh4rpv2bf2rr74d/ZvBPxBmnvvDORHbXXMk2mjoBjq8I/uj5lH3c4218rkvENbJ639l5xpbRSfTtd9Y9n066bfOZRndbK6n9m5ppbRSfTtfuuz6em331RVbTdS0/WLC31TSb6C8s7qMSwXEEgeORDyGVhwQfarNfo6akro+8TTV0FFFFMYUUUUAFFFFABRRRQAUUUUAFFFFABRRRQAUUUUAFFFFABRRRQAUUUUAFFFFABRRRQAUUUUAFFFFABRRRQAUUVwXxW+MHhv4WaaJL5vteq3CFrTT42w8nbcx52JnueuDgHBrlxuNw+XUJYnFTUYR3b/r7luzKtXp4em6lV2SNT4ifEbw78NdBfWteuMu+VtbVD+9uZAPuqPTplugz9AfiHxx458UfFLxN/amqb5ppnENnZwAssSk/LHGvUknHPUmofE3ijxd8UPFH9o6o82oaleOIba2gQkICfliiQZwBnp1JySSSTX1N8C/gHa+AIY/E3iiOK58RSp8icMlgpHKqejSY4Zh05C8ZLfjOLxmY+I+O+qYNOnhIPVv85d5fyx6fez42rWxHEdb2NH3aS3/zfn2X/DjfgH8CYfAVqnirxRDHL4iuI/3cZwy2CMOVHYyEcMw6cqOMlvaaKK/XspyrC5LhY4PCRtFfe31b7t/8BaH1+FwtPB0lRpKyX9XYUUUV6R0BRRRQAUUUUAFFFFABRRRQAUUUUAFFFFABRRRQAUUUUAFFFFABRRRQAUUUUAFFFFABRRRQAUUUUAFFFFABRRRQAUUUUAFFFFABRRRQAUUUUAFFFFABRRRQAUUUUAFFFFABRRRQAUUUUAFFFFABRRRQAUUUUAFFFFABRRRQAUUUUAFFFFABRRRQAUUUUAFFFFABRRRQAUUUUAFFFFABRRRQAUUUUAFFFFABRRRQAUUUUAFFFFABRRRQBW1DT7DVrG40vVLOG7s7qNoZ4JkDpIjDBVlPBBFfCv7RX7I+peAzd+NPhvbz3/hxcy3FiMvPpy9SRklpIhzz95R97IBavvOivHznJMLnVH2ddWktpLdf5ruv11PLzTKcPm1LkrKzWz6r/geR+aXwK/aK8XfBe/FohfVPDlw+650uSTAUn/lpCxz5b+o+63cZww/QT4d/Ezwb8UtBTxB4O1aO7hwBNC3yz2zn+CVOqHg+xxkEjmvCPj9+x3pfixrjxd8LYYNN1lgZLjS+I7W7bqWj7RSH/vg8fdOWPyPoPiD4g/Bvxg9xpdxf+H9csG8q4gljKkg4OyWNhh1IwcEEdCOxr4LD5jmXBtVYXHRc6D2a/wDbX+cX8rbv5ChjcfwvUWHxa56PR/5P/wBtf/BP1YorwD4I/tb+EviP9n0Dxf5Hh7xG5Eaqz4tLtzx+6dj8jE9EY55ADMa9/r9IwGY4bM6KrYWalH8vJroz7nB42hj6ftcPK6/L17BRRRXadQUUUUAFFFFABRRRQAUUUUAFFFFABRRRQAUUUUAFFFFABRRRQAUUUUAFFFFABRRRQAUUUUAFFZXiTxR4f8H6XJrXiXVYLCzi4MkrfebBO1QOWYgHCqCTjpXyh8W/2mdc8YedoXgvz9H0dvlkn3bbq5HfJB/dqfQHJHU4JWvnOIOKMv4dp82Ileb2gvif+S838rvQ87MM0w+XRvUd5dEt/wDgHqvxk/aR0jwYtx4d8GyQ6lrozHJN963sz3yR99x/dHAP3um0/Lun6f4y+KHitordLrWNZ1GTzJJGOT2BZ2PCIvAzwAMAdhW58Lvgz4s+KF4G0+H7HpMThbjUZlPlr6qg6yPjsOBxkjIr7M+H/wAN/C/w20j+y/DllteTBubqTma4Yd3b88KMAZOBya/NMNl2ceIeIWKx7dLCp6Jf+2rq+83p27HzVPD4ziGoquI92ktv+B39f+GOZ+DvwN0P4X2a390Y9Q8QTJia82/LED1jhB5C+rdW74Hyj0+iiv2HL8uw2VYeOFwkFGC6fq+77tn2GHw9PC01SoqyQUUUV2mwUUUUAFFFFABRRRQAUUUUAFFFFABRRRQAUUUUAFFFFABRRRQAUUUUAFFFFABRRRQAUUUUAFFFFABRRRQAUUUUAFFFFABRRRQAUUUUAFFFFABRRRQAUUUUAFFFFABRRRQAUUUUAFFFFABRRRQAUUUUAFFFFABRRRQAUUUUAFFFFABRRRQAUUUUAFFFFABRRRQAUUUUAFFFFABRRRQAUUUUAFFFFABRRRQAUUUUAFFFFABRRRQAUUUUAFFFFABRRRQAV598Wvgf4E+MWm/Z/ElgYdQhTba6nbYW4g74z0dOuVbI5OMHkeg0VhiMNRxdN0a8VKL3TMq9Cniabp1o3i+jPzT+L37Ovj/4P3ElzqFqdT0LdiLVrVD5WCcKJV5MLHjg5XJwGauk+Dn7WPjr4aiDRdfZ/EegR7UWC4k/0i2T/plKckgD+BsjgAFetfoJcW8F1DJbXUKTQyqUkjkUMrqeCCDwQR2r5s+Ln7FvhjxM02tfDS5h8P6i/wAzWMgJsZT324BaE8/whl4ACjrX51juEsdlFb65kNR/4b6+mukl5P8AFnxeK4dxWW1PrWUzf+Hr/k15P8T2H4bfGT4f/Fay+0eEdcjkuUTfNYT4juoOmd0ZPIBIG5cr7121flj4l8GfEL4Ta/DHr+l6loOpQP5lrcoxXLDnfDMhw2PVW4r274Yftq+L/D/laZ8RbAeIbFfl+2Q7YrxB79El9Odp5yWNdOWcd0+b6tm0HTmtL2dvmt1+PyOjA8Vx5vY5hHkkutnb5rdfj8j7gori/h/8Yvh38TbdZPCfiS3nudm+SxlPlXUfTOY25IGcFlyvoTXaV97QxFLFU1VoSUovqndH1tKtTrxVSlJNPqtQooorY0CiiigAooooAKKKKACiiigAooooAKKKKACiiigAooooAKKKKACio7i4t7SF7m6njhhjXc8kjBVUDuSeAK8Z8fftTeA/C/mWXhrd4iv1yubdttqhHHMp+96/IGBx1FedmWb4HKKftcbUUF57v0W7+SObE4yhg481eSS/roezySxwxtNNIsaICzMxwFA6kk9K8N+Jn7VHhfwz5ul+B0i17Uh8puNx+xxHn+IcynpwuFOfvZGK+dPiB8ZPHnxIkaPXtWMVgWBTT7XMduvplc5c98sT1OMdK6P4b/s3+OvHXlahqUJ0HSXw32i7jPmyqf8AnnFwT2OW2gg5BNfmGP47zHPKrwPDlF3f2mtfW3wxXnJ/cz5ivn2Jx0vYZbB+vX/Jer/A4nxB4n8afEzX47jWLy81jUZ28u3gjQttz0SKNRgfRRyeTzXu3wn/AGVGbydd+J3yr9+PSYpOT6ec6nj/AHVPpk9Vr2v4e/CXwX8NbXy/D2mhrx12zX9xh7iUem7Hyjp8qgDgcZ5rsq9LIfDynSqfXs7l7aq9bbxv/eb1k/w9TpwHD0YS9vjXzz7dPn3/AC9SCzsbPTbWKx0+0htbaBQkUMMYREUdAqjgD2FT0UV+mpKK5Y7H0yVtEFFFFMYUUUUAFFFFABRRRQAUUUUAFFFFABRRRQAUUUUAFFFFABRRRQAUUUUAFFFFABRRRQAUUUUAFFFFABRRRQAUUUUAFFFFABRRRQAUUUUAFFFFABRRRQAUUUUAFFFFABRRRQAUUUUAFFFFABRRRQAUUUUAFFFFABRRRQAUUUUAFFFFABRRRQAUUUUAFFFFABRRRQAUUUUAFFFFABRRRQAUUUUAFFFFABRRRQAUUUUAFFFFABRRRQAUUUUAFFFFABRRRQAUUUUAFFFFABRRRQBn694f0PxRpkujeItJtNSsZ/8AWW91CsiH0OD0I7EcjtXzP8Sv2H9Hv2k1L4X61/Zkpy39m6gzSQH2SXl07/eD5z1FfVFFeXmeS4HN48uLppvo9mvRrX5bHBjcswuYR5cRC/n1XzPy78YfDX4h/DHUIx4q8O3+lSK4MN0OYmYcjZMhKEjrgNke1eheAP2tfix4M8u11TUI/ElgpUGLUstMFHXbOPnyR3ffjA49fvu8srPUbWWx1C0hubadSksM0YdHU9Qyngj2NeKePP2QfhX4uaa80SCfwzfSchrDBty3qYG4A9kKV8FX4LzLKZuvkmIf+Fuz/wDkZfNJHy1ThvGYCXtcsqv0ej/yfzSIfA/7Y3wt8TKlv4i+1+GrxtoIukMsBY/3ZUHQerqor2rSdc0XX7NdQ0LVrLUbVvuzWlws0Z/4EpIr4a8afsd/Fbw00txocdn4js0ywa0k8ufaPWJ8c+yFq8pVvG/w81j5W1rw3qaLj/lraTBf0bHH0rOHGWcZO/Z5xhrr+a3L+OsX8rBHiHMMvfJmFG/nt/mn8rH6k0V8DeFf2ufjH4djS3vdSstdhQBQNRtsuAP9uMoxPuxY1634d/bk8O3G2PxV4I1CzOOZLC4S4BP+6+wgfia+iwfHmTYrSc3Tf95fqrr8T18PxPl9f4pOL81+quj6eoryzQf2nPgrr7pDH4yisZn/AIL+CSAL9XZdg/76rvdI8XeFfEGP7C8TaVqJPIFreRyn/wAdJr6bDZlg8Z/u9WMvSSZ7NHGYfEfwpqXo0zWooortOgKKKKACiiigAoopk00NvG008qRxryzOwAH1JobsA+iuS1f4s/DPQo3k1Px1okZj+9Gl4kkn4IhLH8BXBa5+1t8J9LyumvqmsPzj7NaeWufcylCB9Aa8nF59leB/3jEQj5cyv925x1swwtD+JUivn+h7VRXyZ4h/bO8R3I8vwv4RsLEc5kvZmuGI7EKuwA/XNeVeJ/jV8UPF+9dY8YXwgcFTb2rfZ4ip/hKx43D/AHs18lj/ABLyfDaYdSqvyXKvvlZ/gzx8RxRg6X8O8n9y/H/I+2/FnxW+HngncviPxXY286nBtkfzZwfeNMsPqRivEPGX7ZCjfa+A/DJY9Bd6m2B+ESH8iX+orwvwn8KPiJ42ZG8P+Fb6eGQbhcyJ5UBHr5j4U/QHNe2+Dv2N7hzHc+PPEyxL1a001dzdOMyuMA56gIfY96+ffEXFnEnu5ZQ9lB/at/7fLT/wFXOD+0s3zPTC0+SPf/gv9EeIeLPiN47+IVyo8S6/eX4aQGO1X5YVboNsSALnnGcZ5rtfAf7M3xG8YGK61O1Hh/Tn+YzXynzmH+zD97P+9tGO9fWPgz4V+AfAMa/8Iz4ctoLhRg3ci+ZcNkYP7xssAfQYHtXWV3Zf4be2qfWc8rurN7pN/jJ+8/lb1N8Nwzzy9rjqjk+y/VvX8jzb4e/AH4ffD/yryHT/AO1NUjIb7dfAOysMf6tPupg8ggbufvGvSaKK/ScFl+Fy2kqGEpqEeyVvv7vzep9NQw9LDQ9nRikvIKKKK7DYKKKKACiiigAooooAKKKKACiiigAooooAKKKKACiiigAooooAKKKKACiiigAooooAKKKKACiiigAooooAKKKKACiiigAooooAKKKKACiiigAooooAKKKKACiiigAooooAKKKKACiiigAooooAKKKKACiiigAooooAKKKKACiiigAooooAKKKKACiiigAooooAKKKKACiiigAooooAKKKKACiiigAooooAKKKKACiiigAooooAKKKKACiiigAooooAKKKKACiiigAooooAKKKKACiiigAooooAKKKKACqWraLo+vWbafrmk2eoWr8tDdQLKhP+6wIq7RUyjGa5ZK6YmlJWex474m/ZP+DPiRpJoNDudFnkbc0mmXJjH4RuGjUewUV5T4g/YZ1CNZJPCvjy3mbd+7h1C1aMAe8kZbn/AIBX1xRXz2N4SybHa1KCT7x938rL7zycRkWX4nWVJJ+Wn5HwHrf7J/xq0Xc0Ph221SNBkyWN5G35K5Vz+C1w+p/DP4iaGjSat4F161jT70kmnyhB/wAC24/Wv00or5nE+GeX1NaFWcfW0v0T/E8mrwhhZfw5yX3P/I/MLTfGXjLRFEWk+KtZsVXolvfSxgfgGFdFp/xx+L+nHdb/ABE1xj/03ummH5SZr9EL7SNJ1NdupaXaXY6YnhWT/wBCBrAuvhT8Mb7c118PPDcjN1Y6XDu/PbmuH/iH2ZYf/dcc1/4FH8pMw/1YxVL+DiPzX5NnxTH+058ckx/xXTkD+9YWp/8AaVTr+1H8cP8AocEP/cPtv/jdfWV3+zr8Fb0lpvANiuf+eMksX/oDiqZ/Zg+Bh/5kYfhqV4P/AGrWcuEeK18GP/8AKlT/ACYv7EzlbYn/AMml/kfLLftP/HB+njQL/u6fa/1jqtdftGfGq9XZN48u1H/TK3giP5ogNfWcf7M/wPibcvgWMkf3r66b9DLWvY/A/wCEen/8e/w90R/+u9sJv/RmaFwdxRU0q4/T/r5Uf6IayPN5fHif/Jpf8A+GLr4q/E2+yLr4g+InDdV/tKYD8g2Ky44fE3iq8Cxx6nrF2f7qyXEh/ma/Rax8CeCNNx/Z3g7RLXHTydPiTH5LW3HHHEgjijVFXoqjAFH/ABDTFYn/AHzGt/Jv85foUuFq1T+NXv8AJv8ANn57aP8AA74t64wWx8A6smRnddRC2X85SorvtD/Y/wDiVqDRvrF/pGlRE/OHmaaVR7Kg2k/8CFfZtFerhfDLKaOtec5/NJfgr/idlHhXBw/iSlL8Py/zPnnw7+xr4RsmEnibxRqWpspz5dvGttGfZs72P4EV6p4Z+Dvwz8I7JND8G6fHMjblnmTz5QfUPIWZfwIrsqK+qwHDWU5bZ4bDxTXVq7++V3+J6+HyvB4X+FTSf3v73qFFFFe4d4UUUUAFFFFABRRRQAUUUUAFFFFABRRRQAUUUUAFFFFABRRRQAUUUUAFFFFABRRRQAUUUUAFFFFABRRRQAUUUUAFFFFABRRRQAUUUUAFFFFABRRRQAUUUUAFFFFABRRRQAUUUUAFFFFABRRRQAUUUUAFFFFABRRRQAUUUUAFFFFABRRRQAUUUUAFFFFABRRRQAUUUUAFFFFABRRRQAUUUUAFFFFABRRRQAUUUUAFFFFABRRRQAUUUUAFFFFABRRRQAUUUUAFFFFABRRRQAUUUUAFFFFABRRRQAUUUUAFFFFABRRRQAUUUUAFFFFABRRRQAUUUUAFFFFABRRRQAUUUUAFFFFABRRRQAUUUUAFFFFABRRRQAUUUUAFFFFABRRRQAUUUUAFFFFABRRRQAUUUUAFFFFABRRRQAUUUUAFFFFABRRRQAUUUUAFFFFABRRRQAUUUUAFFFFABRRRQAUUUUAFFFFABRRRQAUUUUAFFFFABRRRQAUUUUAFFFFABRRRQAUUUUAFFFFABRRRQAUUUUAFFFFABRRRQAUUUUAFFFFABRRRQAUUUUAFFFFABRRRQAUUUUAFFFFABRRRQAUUUUAFFFFABRRRQAUUUUAFFFFABRRRQAUUUUAFFFFABRRRQAUUUUAFFFFABRRRQAUUUUAFFFFABRRRQAUUUUAFFFFABRRRQAUUUUAFFFFABRRRQAUUUUAFFFFABRRRQAUUUUAFFFFABRRRQAUUUUAFFFFABRRRQAUUUUAFFFFABRRRQAUUUUAFFFFABRRRQAUUUUAFFFFABRRRQAUUUUAFFFFABRRRQAUUUUAFFFFABRRRQAUUUUAFFFFABRRRQAUUUUAFFFFABRRRQAUUUUAFFFFABRRRQAUUUUAFFFFABRRRQAUUUUAFFFFABRRRQAUUUUAFFFFABRRRQAUUUUAFFFFABRRRQAUUUUAFFFFABRRRQAUUUUAFFFFABRRRQAUUUUAFFFFABRRRQAUUUUAFFFFABRRRQAUUUUAFFFFABRRRQAUUUUAFFFFABRRRQAUUUUAFFFFABRRRQAUUUUAFFFFABRRRQAUUUUAFFFFABRRRQAUUUUAFFFFABRRRQAUUUUAFFFFABRRRQAUUUUAFFFFABRRRQAUUUUAFFFFABRRRQAUUUUAFFFFABRRRQAUUUUAFFFFABRRRQAUUUUAFFFFABRRRQAUUUUAFFFFABRRRQAUUUUAFFFFABRRRQAUUUUAFFFFABRRRQAUUUUAFFFFABRRRQAUUUUAFFFFABRRRQAUUUUAFFFFABRRRQAUUUUAFFFFABRRRQAUUUUAFFFFABRRRQAUUUUAFFFFABRRRQAUUUUAFFFFABRRRQAUUUUAFFFFABRRRQAUUUUAFFFFABRRRQAUUUUAFFFFABRRRQAUUUUAFFFFABRRRQAUUUUAFFFFABRRRQAUUUUAFFFFABRRRQAUUUUAFFFFABRRRQAUUUUAFFFFABRRRQAUUUUAFFFFABRRRQAUUUUAFFFFABRRRQAUUUUAFFFFABRRRQAUUUUAFFFFABRRRQAUUUUAFFFFABRRRQAUUUUAFFFFABRRRQAUUUUAFFFFABRRRQAUUUUAFFFFABRRRQAUUUUAFFFFABRRRQAUUUUAFFFFABRRRQAUUUUAFFFFABRRRQAUUUUAFFFFABRRRQAUUUUAFFFFABRRRQAUUUUAFFFFABRRRQAUUUUAFFFFABRRRQAUUUUAFFFFABRRRQAUUUUAFFFFABRRRQAUUUUAFFFFABRRRQAUUUUAFFFFABRRRQAUUUUAFFFFABRRRQAUUUUAFFFFABRRRQAUUUUAFFFFABRRRQAUUUUAFFFFABRRRQAUUUUAFFFFABRRRQAUUUUAFFFFABRRRQAUUUUAFFFFABRRRQAUUUUAFFFFABRRRQAUUUUAFFFFABRRRQAUUUUAFFFFABRRRQAUUUUAFFFFABRRRQAUUUUAFFFFABRRRQAUUUUAFFFFABRRRQAUUUUAFFFFABRRRQAUUUUAFFFFABRRRQAUUUUAFFFFABRRRQAUUUUAFFFFABRRRQAUUUUAFFFFABRRRQAUUUUAFFFFABRRRQAUUUUAFFFFABRRRQAUUUUAFFFFABRRRQAUUUUAFFFFABRRRQAUUUUAFFFFABRRRQAUUUUAFFFFABRRRQAUUUUAFFFFABRRRQAUUUUAFFFFABRRRQAUUUUAFFFFABRRRQAUUUUAFFFFABRRRQAUUUUAFFFFABRRRQAUUUUAFFFFABRRRQAUUUUAFFFFABRRRQAUUUUAFFFFABRRRQAUUUUAFFFFABRRRQAUUUUAFFFFABRRRQAUUUUAFFFFABRRRQAUUUUAFFFFABRRRQAUUUUAFFFFABRRRQAUUUUAFFFFABRRRQAUUUUAFFFFABRRRQAUUUUAFFFFABRRRQAUUUUAFFFFABRRRQAUUUUAFFFFABRRRQAUUUUAFFFFABRRRQAUUUUAFFFFABRRRQAUUUUAFFFFABRRRQAUUUUAFFFFABRRRQAUUUUAFFFFABRRRQAUUUUAFFFFABRRRQAUUUUAFFFFABRRRQAUUUUAFFFFABRRRQAUUUUAFFFFABRRRQAUUUUAFFFFABRRRQAUUUUAFFFFABRRRQAUUUUAFFFFABRRRQAUUUUAFFFFABRRRQAUUUUAFFFFABRRRQAUUUUAFFFFABRRRQAUUUUAFFFFABRRRQAUUUUAFFFFABRRRQAUUUUAFFFFABRRRQAUUUUAFFFFABRRRQAUUUUAFFFFABRRRQAUUUUAFFFFABRRRQAUUUUAFFFFABRRRQAUUUUAFFFFABRRRQAUUUUAFFFFABRRRQAUUUUAFFFFABRRRQAUUUUAFFFFABRRRQAUUUUAFFFFABRRRQAUUUUAFFFFABRRRQAUUUUAFFFFABRRRQAUUUUAFFFFABRRRQAUUUUAFFFFABRRRQAUUUUAFFFFABRRRQAUUUUAFFFFABRRRQAUUUUAFFFFABRRRQAUUUUAFFFFABRRRQAUUUUAFFFFABRRRQAUUUUAFFFFABRRRQAUUUUAFFFFABRRRQAUUUUAFFFFABRRRQAUUUUAFFFFABRRRQAUUUUAFFFFABRRRQAUUUUAFFFFABRRRQAUUUUAFFFFABRRRQAUUUUAFFFFABRRRQAUUUUAFFFFABRRRQAUUUUAFFFFABRRRQAUUUUAFFFFABRRRQAUUUUAFFFFABRRRQAUUUUAFFFFABRRRQAUUUUAFFFFABRRRQAUUUUAFFFFABRRRQAUUUUAFFFFABRRRQAUUUUAFFFFABRRRQAUUUUAFFFFABRRRQAUUUUAFFFFABRRRQAUUUUAFFFFABRRRQAUUUUAFFFFABRRRQAUUUUAFFFFABRRRQAUUUUAFFFFABRRRQAUUUUAFFFFABRRRQAUUUUAFFFFABRRRQAUUUUAFFFFABRRRQAUUUUAFFFFABRRRQAUUUUAFFFFABRRRQAUUUUAFFFFABRRRQAUUUUAFFFFABRRRQAUUUUAFFFFABRRRQAUUUUAFFFFABRRRQAUUUUAFFFFABRRRQAUUUUAFFFFABRRRQAUUUUAFFFFABRRRQAUUUUAFFFFABRRRQAUUUUAFFFFABRRRQAUUUUAFFFFABRRRQAUUUUAFFFFABRRRQAUUUUAFFFFABRRRQAUUUUAFFFFABRRRQAUUUUAFFFFABRRRQAUUUUAFFFFABRRRQAUUUUAFFFFABRRRQAUUUUAFFFFABRRRQAUUUUAFFFFABRRRQAUUUUAFFFFABRRRQAUUUUAFFFFABRRRQAUUUUAFFFFABRRRQAUUUUAFFFFABRRRQAUUUUAFFFFABRRRQAUUUUAFFFFABRRRQAUUUUAFFFFABRRRQAUUUUAFFFFABRRRQAUUUUAFFFFABRRRQAUUUUAFFFFABRRRQAUUUUAFFFFABRRRQAUUUUAFFFFABRRRQAUUUUAFFFFABRRRQAUUUUAFFFFABRRRQAUUUUAFFFFABRRRQAUUUUAFFFFABRRRQAUUUUAFFFFABRRRQAUUUUAFFFFABRRRQAUUUUAFFFFABRRRQAUUUUAFFFFABRRRQAUUUUAFFFFABRRRQAUUUUAFFFFABRRRQAUUUUAFFFFABRRRQAUUUUAFFFFABRRRQAUUUUAFFFFABRRRQAUUUUAFFFFABRRRQAUUUUAFFFFABRRRQAUUUUAFFFFABRRRQAUUUUAFFFFABRRRQAUUUUAFFFFABRRRQAUUUUAFFFFABRRRQAUUUUAFFFFABRRRQAUUUUAFFFFABRRRQAUUUUAFFFFABRRRQAUUUUAFFFFABRRRQAUUUUAFFFFABRRRQAUUUUAFFFFABRRRQAUUUUAFFFFABRRRQAUUUUAFFFFABRRRQAUUUUAFFFFABRRRQAUUUUAFFFFABRRRQAUUUUAFFFFABRRRQAUUUUAFFFFABRRRQAUUUUAFFFFABRRRQAUUUUAFFFFABRRRQAUUUUAFFFFABRRRQAUUUUAFFFFABRRRQAUUUUAFFFFABRRRQAUUUUAFFFFABRRRQAUUUUAFFFFABRRRQAUUUUAFFFFABRRRQAUUUUAFFFFABRRRQAUUUUAFFFFABRRRQAUUUUAFFFFABRRRQAUUUUAFFFFABRRRQAUUUUAFFFFABRRRQAUUUUAFFFFABRRRQAUUUUAFFFFABRRRQAUUUUAFFFFABRRRQAUUUUAFFFFABRRRQAUUUUAFFFFABRRRQAUUUUAFFFFABRRRQAUUUUAFFFFABRRRQAUUUUAFFFFABRRRQAUUUUAFFFFABRRRQAUUUUAFFFFABRRRQAUUUUAFFFFABRRRQAUUUUAFFFFABRRRQAUUUUAFFFFABRRRQAUUUUAFFFFABRRRQAUUUUAFFFFABRRRQAUUUUAFFFFABRRRQAUUUUAFFFFABRRRQAUUUUAFFFFABRRRQAUUUUAFFFFABRRRQAUUUUAFFFFABRRRQAUUUUAFFFFABRRRQAUUUUAFFFFABRRRQAUUUUAFFFFABRRRQAUUUUAFFFFABRRRQAUUUUAFFFFABRRRQAUUUUAFFFFABRRRQAUUUUAFFFFABRRRQAUUUUAFFFFABRRRQAUUUUAFFFFABRRRQAUUUUAFFFFABRRRQAUUUUAFFFFABRRRQAUUUUAFFFFABRRRQAUUUUAFFFFABRRRQAUUUUAFFFFABRRRQAUUUUAFFFFABRRRQAUUUUAFFFFABRRRQAUUUUAFFFFABRRRQAUUUUAFFFFABRRRQAUUUUAFFFFABRRRQAUUUUAFFFFABRRRQAUUUUAFFFFABRRRQAUUUUAFFFFABRRRQAUUUUAFFFFABRRRQAUUUUAFFFFABRRRQAUUUUAFFFFABRRRQAUUUUAFFFFABRRRQAUUUUAFFFFABRRRQAUUUUAFFFFABRRRQAUUUUAFFFFABRRRQAUUUUAFFFFABRRRQAUUUUAFFFFABRRRQAUUUUAFFFFABRRRQAUUUUAFFFFABRRRQB//2Q==\",\"crossOrigin\":null,\"filters\":[]},{\"type\":\"image\",\"version\":\"5.3.0\",\"originX\":\"left\",\"originY\":\"top\",\"left\":217.46,\"top\":85.51,\"width\":256,\"height\":256,\"fill\":\"rgb(0,0,0)\",\"stroke\":null,\"strokeWidth\":0,\"strokeDashArray\":null,\"strokeLineCap\":\"butt\",\"strokeDashOffset\":0,\"strokeLineJoin\":\"miter\",\"strokeUniform\":false,\"strokeMiterLimit\":4,\"scaleX\":0.23,\"scaleY\":0.23,\"angle\":0,\"flipX\":false,\"flipY\":false,\"opacity\":1,\"shadow\":null,\"visible\":true,\"backgroundColor\":\"\",\"fillRule\":\"nonzero\",\"paintFirst\":\"fill\",\"globalCompositeOperation\":\"source-over\",\"skewX\":0,\"skewY\":0,\"cropX\":0,\"cropY\":0,\"isQrPlaceholder\":true,\"src\":\"data:image/png;base64,iVBORw0KGgoAAAANSUhEUgAAAQAAAAEACAYAAABccqhmAAAOZ0lEQVR4Aeydi24jRwwEVf7/f06ywC1gX6whpeWO5lFBFjp7KLK7aDQMeGB/PR6Pf3Z7/kn8l2GSaNONbZWWTJ8VazL7XrHmCID/fPm/BCSwIwEDYMet61kCfwgYAH9A+CKB3Qgcfg2Ag4KPBDYlYABsunhtS+AgYAAcFHwksCkBA2DTxWt7bwKn+zAA/vuZ72Om5zTW4xV4QPup0JHhD20dQGqPFXp79oDYd5WezB5Gqsn4DgMg08QaCUhgTgIGwJx7U7UESggYACUYbSKBeQh8V2oAfKfhvyWwGQEDYLOFa1cC3wkYAN9p+G8JbEbAANhs4drdm8Df7g2Av4n4sQQ2IlASABBfxoCampF2U3Xpo5cnGGcHEGvJcMnsINOnogZiT1BTU6H36FESAEcjHwlIYD4CBsB8O1OxBN4i8NubDIDfqPg5CWxCwADYZNHalMBvBAyA36j4OQlsQsAA2GTR2tybwDP3BsAzMn5eAhsQMAA2WLIWJfCMgAHwhEzmggn0udQB8ZwnNm75NMR6oF2T4XuLeJv+IGAA/MDhBxJYj0DLkQHQouOZBBYnYAAsvmDtSaBFwABo0fFMAosTMAAWX7D29iYQuTcAIkKeS2BhAgbAwsvVmgQiAgZARMhzCSxMwAC4sNyqyyxRn4zEqEf2PDOrVw20LxNB7ryX3tHmZPQYABlK1khgUQIGwKKL1ZYEMgQMgAwlaySwKAEDYNHFamtvAln3BkCWlHUSWJCAAbDgUrUkgSwBAyBLyjoJLEjAAFhwqVram8Ar7ksCIHvJpKLuFXNXaiF3yQTadVc0nO/NcDtrW6/Q1go8MrMyNS0d2bNec7J6orqM3qqaSEv2vCQAssOsk4AExiJgAIy1D9VIoCsBA6ArbodJ4F4Cr3Y3AF4lZr0EFiJgACy0TK1I4FUCBsCrxKyXwEIEDICFlqmVvQm84z4MAIh/dgzj1LwD4d33ZH6m+27v7++DmO/3+rv/DbGeiA3EPe728Wp/iDXDODUZf2EAZJpYIwEJzEnAAJhzb6qWQAkBA6AEo00k8FkC7043AN4l5/sksAABA2CBJWpBAu8SMADeJef7JLAAAQNggSVqYW8CV9wbAFfo+V4JTE7gK7qwseL5aDuD9uWRjF5o9wAybR5A+GS+JqDdJyUmUZTRkmhT9otQMnpGqvE7gMxXhzUSWJSAAbDoYrW1B4GrLg2AqwR9vwQmJmAATLw8pUvgKgED4CpB3y+BiQkYABMvT+l7E6hwbwBUULSHBCYlYABMujhlS6CCQEkAQPvSB9SdR6YhnhX16H0eXQzJ6Il6VJ730gM1u4S4D1yvyXDJ1MB1LZDrURIAGVPWSEACdQSqOhkAVSTtI4EJCRgAEy5NyRKoImAAVJG0jwQmJGAATLg0Je9NoNK9AVBJ014SmIyAATDZwpQrgUoCBkAlTXtJYDICX5C7MADP66oumWTYwXMdQOo3u0C7B5CR0q0mwzcjBgh/2w/U1ER6IJ6T8Q1xn0jLcZ6ZddRdfeCa3nN+lV6/AziJ+iqBDQkYABsuXcsSOAkYACcJXyWwIQEDYMOla3lOAneoNgDuoGpPCUxCwACYZFHKlMAdBAyAO6jaUwKTEDAAJlmUMvcmcJf7kj8NBvHlBohrMpcbohqI52RgRnOOc4hnHXXRk9ET1UCNlkhr9hzaejJ9oN0Dche/InbZ80hzpk/U4zjP9MnUHL2ix+8AMiStkcCiBAyARRerLQlkCBgAGUrWSOCDBO4cbQDcSdfeEhicgAEw+IKUJ4E7CRgAd9K1twQGJ2AADL4g5e1N4G73BsDdhO0vgYEJLBcA0cWH4zyzD6i5hAJxH7hec/iKnozvTA3EeiMtEPeo0lLVB9qaq+Zk+mRqoK0XeCwXAA//k4AE0gQMgDQqCyXQl0CPaQZAD8rOkMCgBAyAQRejLAn0IGAA9KDsDAkMSsAAGHQxytqbQC/3BkAv0s6RwIAEwgCA+GeJ0c98s+cZPhDrgXZNRk9GS6amYlamB7Q9Axm5ZTVA868QZTxlxGT69KrpqRfafIGMHO8BpChZJIFFCYTfASzqW1sSGJZAT2EGQE/azpLAYAQMgMEWohwJ9CRgAPSk7SwJDEbAABhsIcrZm0Bv9wZAb+LOk8BABAyAgZahFAn0JvAFXL6wAe0eQMoX0NQChH0ylz7CJoUFQOgp0gxxj4xkiPtAXJOZFdVAzRyI+8A4NRGX4xxivUdd9ERfV8e53wFEFD2XQCcCnxhjAHyCujMlMAgBA2CQRShDAp8gYAB8grozJTAIAQNgkEUoY28Cn3JvAHyKvHMlMAABA2CAJShBAp8iYAB8irxzJTAAga/jMkDryWhsvf88g/hyw1l75RXiORlPmRqIZ2W8QLtPRktmTqamalbUJ6MlUxPNyZ73mgX/3zX8/FxWc0Wd3wFUULSHBCYlYABMujhlS6CCgAFQQdEeEpiUgAEw6eKUvQaBT7swAD69AedL4IMEDIAPwne0BD5NwAD49AacL4EPEjAAPgjf0XsTGMF9+BuB4OclBXjv4yqz0J6fudAB7R5AldxUn0hzpgkQ/uahTJ9Iy3EO8ayjrvVktEA8J9OnpeM8y/SJas5erdeox3Heev8rZ0ev6PE7gIiQ5xJYmIABsPBytSaBiIABEBHyXAI3EBilpQEwyibUIYEPEDAAPgDdkRIYhYABMMom1CGBDxAwAD4A3ZF7ExjJvQEw0jbUIoHOBLr9RqCML4gvfkQXIeB6j2jGeZ7x1Kvm1NR6rdLSmnGeRbMg3lPUI3sOfWZBPOfk03qFuE/GO8R9/A4gQ9IaCSxKwABYdLHaGpPAaKoMgNE2oh4JdCRgAHSE7SgJjEbAABhtI+qRQEcCBkBH2I7am8CI7g2AEbeiJgl0ImAAdALtGAmMSCD8jUAZ0RBfOGhdfDjPMrOimrNX6xVivdGc47w14zw76q4+Z6/W69UZ5/uhhs3Z78pry2/1WUZnNDPTI1MTzTnOM30yNX4HkKFkjQQuEhj17QbAqJtRlwQ6EDAAOkB2hARGJWAAjLoZdUmgAwEDoANkR+xNYGT3BsDI21GbBG4mYADcDNj2EhiZQBgAx88co6fKYDTnOI9mQc3PsaGmT6T3OId4FrRrjj4Vz8E4eqCtBeLzaMZxnvED8axMn0wNtGdV9AAybVI1B8PoCQMgNckiCUjgVwKjf9IAGH1D6pPAjQQMgBvh2loCoxMwAEbfkPokcCMBA+BGuLbem8AM7g2AGbakRgncRMAAuAmsbSUwAwEDYIYtqVECNxHoFgDAA64/EYfo4sNxHvXInsN1P8Dj0HT1yWperS7DrcpzNOv7nGf/jnoc58/ee8fnuwXAHeLtKQEJXCNgAFzj57slMDUBA2Dq9SleAtcIGADX+PluCfyPwEyfMABm2pZaJVBMwAAoBmo7CcxEwACYaVtqlUAxAQOgGKjt9iYwm/uhAuC4BBE9cP3yTTSj8rziCwKue4a6HhV8INaTYQdxH+hTU6U30ydTA7HvoQIgY8oaCUigjoABUMfSThKYjoABMN3KFDwqgRl1GQAzbk3NEigiYAAUgbSNBGYkYADMuDU1S6CIgAFQBNI2exOY1b0BMOvm1C2BAgJf0aWOzIyoR/a816zMHIgvUUBck5lVUZNlHNVltEAf31AzJ/JcdZ5hl6mBGt+ZWX4HkKFkjQQWJWAALLpYbfUjMPMkA2Dm7aldAhcJGAAXAfp2CcxMwACYeXtql8BFAgbARYC+fW8Cs7s3AGbfoPolcIGAAXABnm+VwOwEviC+dABr1WSWVnU5JNMH2nwregAZ26k/U5ZpBDT/FFymR8Z3pk+mBtp6gUybkpoq35k+fgdQsjKb7EhgBc8GwApb1IME3iRgALwJzrdJYAUCBsAKW9SDBN4kYAC8Cc637U1gFfcGwCqb1IcE3iBgALwBzbdIYBUCBsAqm9SHBN4gEAZA5jLBSDVvMFjiLZkdAM3LOUCKRWZWVJMZBJTozcyK9B7nZ5+VXsMAWMmsXiQggZ8EDICfPPxIAlsRMAC2WrdmJfCTgAHwk4cfSaBJYLVDA2C1jepHAi8QMABegGWpBFYjYACstlH9SOAFAiUBAPHPa6Gm5gVvl0qhRi/EfY6fMbeeS0ZueDPEnqBd0/L7ylnGHrS1QO4c2nUZLRlv0J4DZEaFdyiAR0kAPPxPAhKYkoABMOXaFC2BGgIGQA1Hu0hgSgIGwJRrU3RvAqvOMwBW3ay+JJAgYAAkIFkigVUJGACrblZfEkgQMAASkCzZm8DK7g2AC9vNXOrItAealzYqegBlf/UnoyeqgbZnIGqRPs/sqVcN0Nw1kPIFhH0yngyAFG6LJLAmAQNgzb3qSgIpAgZACpNFuxJY3bcBsPqG9SeBBgEDoAHHIwmsTsAAWH3D+pNAg4AB0IDj0d4EdnBvAOywZT1K4AkBA+AJmJ6fji5sQHzpI6MXavpEeo/zjJ6KmmNW9GTmQMwGrtdEWo/zjN6qGgOgiqR9JDAhAQNgwqUp+X4Cu0wwAHbZtD4l8AsBA+AXKH5KArsQMAB22bQ+JfALAQPgFyh+am8CO7k3AHbatl4l8BcBA+AvIH4ogZ0IlATAcXmh19NrORk/EF8M6aU3MyfjKdMH5vKd8dSrBsZiVxIAveA5RwJ3E9itvwGw28b1K4FvBAyAbzD8pwR2I2AA7LZx/UrgGwED4BsM/7k3gR3dGwA7bl3PEvhDwAD4A8IXCexIwADYcet6lsAfAmEAQHxxAcap+eOry0vmYk2mBtr8MmYyczJ9oK0FyLRJ/RmySDMQ/vkrqKlJmSooijxXnmfkhgGQaWKNBCQwJwEDYM69qVoCJQQMgBKMNpHAnAQMgDn3pupCAju3MgB23r7etydgAGz/JSCAnQkYADtvX+/bEzAAtv8S2BvA7u7/BQAA//94oYWKAAAABklEQVQDAIz7KhmjfJo0AAAAAElFTkSuQmCC\",\"crossOrigin\":null,\"filters\":[]}],\"background\":\"#ffffff\"}', '2025-10-07 08:08:20', '2025-10-31 13:59:23');

-- --------------------------------------------------------

--
-- Table structure for table `communications`
--

CREATE TABLE `communications` (
  `id` bigint(20) NOT NULL,
  `admin_id` bigint(20) NOT NULL,
  `channel` enum('email','whatsapp') NOT NULL,
  `subject` varchar(255) DEFAULT NULL,
  `body` text NOT NULL,
  `attachments` longtext CHARACTER SET utf8mb4 COLLATE utf8mb4_bin DEFAULT NULL,
  `sent_at` timestamp NULL DEFAULT current_timestamp()
) ENGINE=InnoDB DEFAULT CHARSET=utf8mb4 COLLATE=utf8mb4_unicode_ci;

--
-- Dumping data for table `communications`
--

INSERT INTO `communications` (`id`, `admin_id`, `channel`, `subject`, `body`, `attachments`, `sent_at`) VALUES
(7, 135, 'email', 'Test', '<p>Hello there</p>', NULL, '2025-10-31 20:14:37'),
(8, 135, 'email', 'Complete your Membership Registration', 'Bulk Membership Invitations sent to 1 users.', NULL, '2025-12-18 08:19:08'),
(9, 135, 'email', 'Complete your Membership Registration - 4 months', 'Bulk Membership Invitations sent to 3 users.', NULL, '2025-12-18 08:24:07'),
(10, 135, 'email', 'Complete your Membership Registration', 'Bulk Membership Invitations sent to 3 users.', NULL, '2025-12-19 07:55:34');

-- --------------------------------------------------------

--
-- Table structure for table `communication_logs`
--

CREATE TABLE `communication_logs` (
  `id` bigint(20) NOT NULL,
  `communication_id` bigint(20) NOT NULL,
  `recipient_user_id` bigint(20) DEFAULT NULL,
  `recipient_company_id` bigint(20) DEFAULT NULL,
  `delivered_at` timestamp NULL DEFAULT NULL,
  `status` enum('queued','sent','delivered','failed') DEFAULT 'queued'
) ENGINE=InnoDB DEFAULT CHARSET=utf8mb4 COLLATE=utf8mb4_unicode_ci;

--
-- Dumping data for table `communication_logs`
--

INSERT INTO `communication_logs` (`id`, `communication_id`, `recipient_user_id`, `recipient_company_id`, `delivered_at`, `status`) VALUES
(14, 7, NULL, NULL, NULL, 'failed'),
(15, 7, 335, NULL, NULL, 'failed'),
(16, 7, 135, NULL, NULL, 'failed'),
(17, 8, NULL, NULL, '2025-12-18 08:19:08', 'sent'),
(18, 9, 135, NULL, '2025-12-18 08:24:08', 'sent'),
(19, 9, NULL, NULL, '2025-12-18 08:24:08', 'sent'),
(20, 9, 463, NULL, '2025-12-18 08:24:08', 'sent'),
(21, 10, 135, NULL, '2025-12-19 07:55:34', 'sent'),
(22, 10, NULL, NULL, '2025-12-19 07:55:35', 'sent'),
(23, 10, 463, NULL, '2025-12-19 07:55:35', 'sent');

-- --------------------------------------------------------

--
-- Table structure for table `companies`
--

CREATE TABLE `companies` (
  `id` bigint(20) NOT NULL,
  `name` varchar(255) NOT NULL,
  `email` varchar(255) DEFAULT NULL,
  `phone` varchar(50) DEFAULT NULL,
  `password_hash` varchar(255) DEFAULT NULL,
  `address` text DEFAULT NULL,
  `allow_login` tinyint(1) DEFAULT 1,
  `is_active` tinyint(1) DEFAULT 1,
  `last_login` timestamp NULL DEFAULT NULL,
  `created_at` timestamp NULL DEFAULT current_timestamp(),
  `updated_at` timestamp NULL DEFAULT current_timestamp() ON UPDATE current_timestamp()
) ENGINE=InnoDB DEFAULT CHARSET=utf8mb4 COLLATE=utf8mb4_unicode_ci;

--
-- Dumping data for table `companies`
--

INSERT INTO `companies` (`id`, `name`, `email`, `phone`, `password_hash`, `address`, `allow_login`, `is_active`, `last_login`, `created_at`, `updated_at`) VALUES
(1, 'MIPS', 'blackalphamw@gmail.com', '0990411173', '$2y$10$Eje1xYKI4zb1TYKlFzpT4utR14DBjRJjn1jReOVgLhbFBBJ91zWL6', 'Malawi,\r\nAfrica', 1, 1, NULL, '2025-09-12 06:37:39', '2025-09-12 06:37:39'),
(100, 'TechNova Ltd', 'contact@technova.com', '200000000', '$2y$10$Eje1xYKI4zb1TYKlFzpT4utR14DBjRJjn1jReOVgLhbFBBJ91zWL6', 'Malawi,\nAfrica', 1, 1, NULL, '2025-09-18 13:29:10', '2025-10-11 17:59:05'),
(101, 'GreenFuture Malawi', 'hello@greenfuture.com', '201000000', '$2y$10$Eje1xYKI4zb1TYKlFzpT4utR14DBjRJjn1jReOVgLhbFBBJ91zWL6', '', 1, 1, NULL, '2025-09-18 13:29:10', '2025-09-20 20:13:40'),
(103, 'Hallmark Limited', 'hallmarkmalawi@gmail.com', '990411173234', '$2y$10$RAGTgbgQZGDNZEhoFihZcegIejVhl87PuczR9yG5ZfDTwmWKwL4V6', 'Hallmark Malawi,\n038', 1, 1, NULL, '2025-10-11 17:40:32', '2025-10-11 17:40:32'),
(162, 'Pyxus Agriculture Malawi', NULL, NULL, NULL, NULL, 1, 1, NULL, '2025-10-21 12:13:26', '2025-10-21 12:13:26'),
(163, 'Admarc', NULL, NULL, NULL, NULL, 1, 1, NULL, '2025-10-21 12:13:26', '2025-10-21 12:13:26'),
(164, 'African Parks', NULL, NULL, NULL, NULL, 1, 1, NULL, '2025-10-21 12:13:26', '2025-10-21 12:13:26'),
(165, 'Aircargo', NULL, NULL, NULL, NULL, 1, 1, NULL, '2025-10-21 12:13:26', '2025-10-21 12:13:26'),
(166, 'BCC', NULL, NULL, NULL, NULL, 1, 1, NULL, '2025-10-21 12:13:26', '2025-10-21 12:13:26'),
(167, 'Bible Society', NULL, NULL, NULL, NULL, 1, 1, NULL, '2025-10-21 12:13:26', '2025-10-21 12:13:26'),
(168, 'Blantyre Hotels', NULL, NULL, NULL, NULL, 1, 1, NULL, '2025-10-21 12:13:26', '2025-10-21 12:13:26'),
(169, 'Britam', NULL, NULL, NULL, NULL, 1, 1, NULL, '2025-10-21 12:13:26', '2025-10-21 12:13:26'),
(170, 'Buffalo Bicycles', NULL, NULL, NULL, NULL, 1, 1, NULL, '2025-10-21 12:13:26', '2025-10-21 12:13:26'),
(171, 'CAM', NULL, NULL, NULL, NULL, 1, 1, NULL, '2025-10-21 12:13:26', '2025-10-21 12:13:26'),
(172, 'CASTEL MW', NULL, NULL, NULL, NULL, 1, 1, NULL, '2025-10-21 12:13:26', '2025-10-21 12:13:26'),
(173, 'Continental Holdings Ltd', NULL, NULL, NULL, NULL, 1, 1, NULL, '2025-10-21 12:13:26', '2025-10-21 12:13:26'),
(174, 'Copyright Society Of Malawi', NULL, NULL, NULL, NULL, 1, 1, NULL, '2025-10-21 12:13:26', '2025-10-21 12:13:26'),
(175, 'DAPP', NULL, NULL, NULL, NULL, 1, 1, NULL, '2025-10-21 12:13:26', '2025-10-21 12:13:26'),
(176, 'EGENCO', NULL, NULL, NULL, NULL, 1, 1, NULL, '2025-10-21 12:13:26', '2025-10-21 12:13:26'),
(177, 'ESCOM', NULL, NULL, NULL, NULL, 1, 1, NULL, '2025-10-21 12:13:26', '2025-10-21 12:13:26'),
(178, 'Ethanol', NULL, NULL, NULL, NULL, 1, 1, NULL, '2025-10-21 12:13:26', '2025-10-21 12:13:26'),
(179, 'FCB', NULL, NULL, NULL, NULL, 1, 1, NULL, '2025-10-21 12:13:26', '2025-10-21 12:13:26'),
(180, 'FDH', NULL, NULL, NULL, NULL, 1, 1, NULL, '2025-10-21 12:13:26', '2025-10-21 12:13:26'),
(181, 'Finca MW', NULL, NULL, NULL, NULL, 1, 1, NULL, '2025-10-21 12:13:26', '2025-10-21 12:13:26'),
(182, 'ICAM', NULL, NULL, NULL, NULL, 1, 1, NULL, '2025-10-21 12:13:26', '2025-10-21 12:13:26'),
(183, 'ILLOVO Sugar MW', NULL, NULL, NULL, NULL, 1, 1, NULL, '2025-10-21 12:13:26', '2025-10-21 12:13:26'),
(184, 'Invegrow LTD', NULL, NULL, NULL, NULL, 1, 1, NULL, '2025-10-21 12:13:26', '2025-10-21 12:13:26'),
(185, 'Life Co', NULL, NULL, NULL, NULL, 1, 1, NULL, '2025-10-21 12:13:26', '2025-10-21 12:13:26'),
(186, 'Lilongwe Water Board', NULL, NULL, NULL, NULL, 1, 1, NULL, '2025-10-21 12:13:26', '2025-10-21 12:13:26'),
(187, 'Luanar', NULL, NULL, NULL, NULL, 1, 1, NULL, '2025-10-21 12:13:26', '2025-10-21 12:13:26'),
(188, 'Macra', NULL, NULL, NULL, NULL, 1, 1, NULL, '2025-10-21 12:13:26', '2025-10-21 12:13:26'),
(189, 'Malawi Communications Regulatory Authority', NULL, NULL, NULL, NULL, 1, 1, NULL, '2025-10-21 12:13:26', '2025-10-21 12:13:26'),
(190, 'Malawi Revenue Authority', NULL, NULL, NULL, NULL, 1, 1, NULL, '2025-10-21 12:13:26', '2025-10-21 12:13:26'),
(191, 'Malawi University of Business and Applied Sciences (MUBAS)', NULL, NULL, NULL, NULL, 1, 1, NULL, '2025-10-21 12:13:26', '2025-10-21 12:13:26'),
(192, 'MCCI', NULL, NULL, NULL, NULL, 1, 1, NULL, '2025-10-21 12:13:26', '2025-10-21 12:13:26'),
(193, 'Media Solutions Group', NULL, NULL, NULL, NULL, 1, 1, NULL, '2025-10-21 12:13:26', '2025-10-21 12:13:26'),
(194, 'MIPS', NULL, NULL, NULL, NULL, 1, 1, NULL, '2025-10-21 12:13:26', '2025-10-21 12:13:26'),
(195, 'MNCS', NULL, NULL, NULL, NULL, 1, 1, NULL, '2025-10-21 12:13:26', '2025-10-21 12:13:26'),
(196, 'MRA', NULL, NULL, NULL, NULL, 1, 1, NULL, '2025-10-21 12:13:26', '2025-10-21 12:13:26'),
(197, 'NBM', NULL, NULL, NULL, NULL, 1, 1, NULL, '2025-10-21 12:13:26', '2025-10-21 12:13:26'),
(198, 'NBM Capital Markets', NULL, NULL, NULL, NULL, 1, 1, NULL, '2025-10-21 12:13:26', '2025-10-21 12:13:26'),
(199, 'NBS Bank', NULL, NULL, NULL, NULL, 1, 1, NULL, '2025-10-21 12:13:26', '2025-10-21 12:13:26'),
(200, 'NFRA', NULL, NULL, NULL, NULL, 1, 1, NULL, '2025-10-21 12:13:26', '2025-10-21 12:13:26'),
(201, 'NICO LIFE LIMITED', NULL, NULL, NULL, NULL, 1, 1, NULL, '2025-10-21 12:13:26', '2025-10-21 12:13:26'),
(202, 'Nico Pensions', NULL, NULL, NULL, NULL, 1, 1, NULL, '2025-10-21 12:13:26', '2025-10-21 12:13:26'),
(203, 'Nico Tech', NULL, NULL, NULL, NULL, 1, 1, NULL, '2025-10-21 12:13:26', '2025-10-21 12:13:26'),
(204, 'Nico Holdings Plc', NULL, NULL, NULL, NULL, 1, 1, NULL, '2025-10-21 12:13:26', '2025-10-21 12:13:26'),
(205, 'NOCMA', NULL, NULL, NULL, NULL, 1, 1, NULL, '2025-10-21 12:13:26', '2025-10-21 12:13:26'),
(206, 'Northern Region Waterboard', NULL, NULL, NULL, NULL, 1, 1, NULL, '2025-10-21 12:13:26', '2025-10-21 12:13:26'),
(207, 'Old Mutual', NULL, NULL, NULL, NULL, 1, 1, NULL, '2025-10-21 12:13:26', '2025-10-21 12:13:26'),
(208, 'Press Properties', NULL, NULL, NULL, NULL, 1, 1, NULL, '2025-10-21 12:13:26', '2025-10-21 12:13:26'),
(209, 'Resolutech Company', NULL, NULL, NULL, NULL, 1, 1, NULL, '2025-10-21 12:13:26', '2025-10-21 12:13:26'),
(210, 'Seedco', NULL, NULL, NULL, NULL, 1, 1, NULL, '2025-10-21 12:13:26', '2025-10-21 12:13:26'),
(211, 'Simply Black', NULL, NULL, NULL, NULL, 1, 1, NULL, '2025-10-21 12:13:26', '2025-10-21 12:13:26'),
(212, 'Smile Insurance', NULL, NULL, NULL, NULL, 1, 1, NULL, '2025-10-21 12:13:26', '2025-10-21 12:13:26'),
(213, 'SFFRFM', NULL, NULL, NULL, NULL, 1, 1, NULL, '2025-10-21 12:13:26', '2025-10-21 12:13:26'),
(214, 'Standard Bank of Malawi', NULL, NULL, NULL, NULL, 1, 1, NULL, '2025-10-21 12:13:26', '2025-10-21 12:13:26'),
(215, 'State House Residence', NULL, NULL, NULL, NULL, 1, 1, NULL, '2025-10-21 12:13:26', '2025-10-21 12:13:26'),
(216, 'UGI', NULL, NULL, NULL, NULL, 1, 1, NULL, '2025-10-21 12:13:26', '2025-10-21 12:13:26'),
(217, 'Umodzi Park Resort', NULL, NULL, NULL, NULL, 1, 1, NULL, '2025-10-21 12:13:26', '2025-10-21 12:13:26'),
(218, 'Vision Fund', 'company@example.com', '0888471389', NULL, 'Yanakis roundabout, Limbe p.o. box1055', 0, 1, NULL, '2025-10-21 12:13:26', '2025-12-16 17:40:12'),
(219, 'Zuwa Energy', NULL, NULL, NULL, NULL, 1, 1, NULL, '2025-10-21 12:13:26', '2025-10-21 12:13:26'),
(221, 'Airtel Mobile Commerce', 'Airtel@airtel.com', 'cj3j', '$2y$10$m1ovozE256FPnsOiy3FdnOUH56xNTrbyqJeIudxmnby0ZzBMe45dG', 'Area 47', 1, 1, NULL, '2025-10-21 20:13:43', '2025-10-21 20:13:43'),
(222, 'BDM -Zambia Institute of Marketing', 'zambia@zambia.com', 'jsk', '$2y$10$uDsHf5K73GFsheo9MZF10uf/9ukcdALeCBuEn68IfphsokYzEqO4C', 'Area 47', 1, 1, NULL, '2025-10-21 20:37:38', '2025-10-21 20:37:38'),
(223, 'IMM', 'imm@imm.mw', 'imm@imm', '$2y$10$1ge.2tlgTyLb2pJYiDeMxO5LBJd9JidROMs13kzCQSwDVpDYsCj1e', 'Area 47', 1, 1, NULL, '2025-10-21 21:00:06', '2025-10-21 21:00:06'),
(224, 'Times Group', 'times@times.com', 'times', '$2y$10$chxLByRRSoNr.Ci3kUo74OEpd97zBcH4X4KkulSXk9taWOsDVDpr6', 'Area 47', 1, 1, NULL, '2025-10-22 00:20:38', '2025-10-22 00:20:38'),
(225, 'Vanguard Life Assurance', 'vanguard@vangurad.com', 'Vanguard Life Assurance', '$2y$10$FGGxwEGilrvGlDVCByMq8eUM4X5Xlq8wZkOZ67rTMhjjSWEKNC8uS', 'Area 47', 1, 1, NULL, '2025-10-22 00:23:31', '2025-10-22 00:23:31'),
(226, 'JTI', 'JTI@JTI.com', 'JTI', '$2y$10$EduB0LYKFJ0363naYWOwc.R17AdSx6RwRve9gzWzaMfnw53j4jVl6', 'Area 47', 1, 1, NULL, '2025-10-22 00:35:07', '2025-10-22 00:35:07'),
(227, 'Marketers Association of Zimbabwe', 'zimarkerers@hs.com', 'Marketers Association of Zimbabwe', '$2y$10$rckxpm8kiFP1euzlaoONGOaoWWUSE3Sjf4aBpwPIAIokpMmPN.FpW', 'Marketers Association of Zimbabwe\n', 1, 1, NULL, '2025-10-22 00:38:22', '2025-10-22 00:38:22'),
(228, 'MUBAS', 'MUBAS@MUBAS.com', 'MUBAS', '$2y$10$8s2NKopsAvXJEhWq0KW0euCpezb/wuzMAELNI9XQIhgWmouzlzOwK', 'MUBAS\n', 1, 1, NULL, '2025-10-22 00:45:13', '2025-10-22 00:45:13'),
(229, 'NPL', 'NPL@NPL.com', 'NPL', '$2y$10$ISahYVW5TbryC3g3TpzWLeEHwyabtMSLMvG7PUXW/Xmnwgoi6G.CG', 'NPL\n', 1, 1, NULL, '2025-10-22 00:53:55', '2025-10-22 00:53:55'),
(230, '_', 'unknown@unknown.com', 'unknown', '$2y$10$oRxCsBha70PlGt6KIoIF9.jYragEHfTfSSCNNSE/SIko8gBcHGxT6', 'unknowns', 1, 1, NULL, '2025-10-22 00:55:31', '2025-10-22 03:51:10'),
(231, 'Professional insurance - Zambia', 'Professional@insurance.Zambia', 'Professional insurance - Zambia', '$2y$10$U7deOgScbEedF6xFO6nNQuPFw073h2M6RqRm7fW7SR1UFHl0QArO2', 'Professional insurance - Zambia\n', 1, 1, NULL, '2025-10-22 01:01:16', '2025-10-22 01:01:16'),
(232, 'Rainbow paints', 'Rainbow@paints.com', 'Rainbow paints', '$2y$10$V9OMAXkVC3u1/sDZKx0N2e0/cRlkz.JsjZkuYxogiG07Jq1M34uyO', 'Rainbow paints', 1, 1, NULL, '2025-10-22 01:03:12', '2025-10-22 01:03:12'),
(233, 'TNM ', 'TNM@TNM.com', 'TNM ', '$2y$10$qFFz1i3ZBiT/ngX.TPPdgu.ONV24aJWUbVT/vJq3gePKPiW9Flkxa', 'TNM \n', 1, 1, NULL, '2025-10-22 01:09:21', '2025-10-22 01:09:21'),
(234, 'United Service Fund', 'United@Service.Fund', 'United Service Fund', '$2y$10$4dthRSwbUir6XG/jiw0jIuAFEMrIjRyI92rAHd69icJQN2Hb4W8WS', 'United Service Fund\n', 1, 1, NULL, '2025-10-22 01:12:04', '2025-10-22 01:12:04'),
(235, 'Cannabis Regulatory Authority', 'Cannabis@Regulatory.Authority', 'Cannabis Regulatory Authority', '$2y$10$li68sSEjTFhsMcdl4LvR/.bv5Ul/UmgxfUrVkhk0EdEvXVkT1uDz2', 'Cannabis Regulatory Authority\n', 1, 1, NULL, '2025-10-22 01:20:35', '2025-10-22 01:20:35'),
(236, 'Farmers Organisations Ltd', 'Farmers@Organisations.Ltd', 'Farmers Organisations Ltd', '$2y$10$B7RRdoYUk1FECatk1YfhdeJghmjaYuefAWdXbeM7ywF9BivYxAYky', 'Farmers Organisations Ltd\n', 1, 1, NULL, '2025-10-22 01:25:13', '2025-10-22 01:25:13'),
(237, 'Malawi Stock Exchange', 'Malawi@StockExchange', 'Malawi Stock Exchange', '$2y$10$2bOZ1Ecid7/Yd4v9HIC4O.rU7F8Us1AZ71Jxx5U9pwvMMPhIvkflW', 'Malawi Stock Exchange\n', 1, 1, NULL, '2025-10-22 01:34:10', '2025-10-22 01:34:10'),
(238, 'MAICC', 'MAICC@MAICC.MAICC', 'MAICC', '$2y$10$BQPlxoOQPEbV6XdqK7.kzuTvQ8IhB9Np7/JfqjYo/JWbdGoopLkM6', 'MAICC\n', 1, 1, NULL, '2025-10-22 01:36:11', '2025-10-22 01:36:11'),
(239, 'MAGLA', 'MAGLA@MAGLA.com', 'MAGLA', '$2y$10$CDxd3W12KgjqiwMlzY.cEezIQ82XCd3SIIB4DAPH6kSyf.Z8fTYAu', 'MAGLA\n', 1, 1, NULL, '2025-10-22 01:37:58', '2025-10-22 01:37:58'),
(240, 'Corporate Graphics', 'corporare@graphics.com', 'coprpo', '$2y$10$WcRZz6.pfDYb3.5jq4WAguTytDr1CecX/RMufBnnZ5kvK.yD8iTCO', 'Area 47', 1, 1, NULL, '2025-10-23 08:16:54', '2025-10-23 08:16:54'),
(241, 'MTL', 'info@mtl.mw', '01800800', '$2y$10$apVu7Lo.TqgFgncRTn.Ru.QctWOBct4yvCPUBhY7vItFJ979qSFkO', 'Blantyre', 1, 1, NULL, '2025-10-23 08:27:48', '2025-10-23 08:27:48'),
(242, 'Blantyre Water Board', 'info@bwb.mw', '903409', '$2y$10$7uKQF2/iyiwBT6dkgSaaB.yk5414611SNrkxi85Xqsj5gDD88FWFK', 'Area 47', 1, 1, NULL, '2025-10-23 08:52:24', '2025-10-23 08:52:24'),
(243, 'UCSACCO', 'info@ucsacco.com', '098', '$2y$10$rU2GFQ08rYOPavvFxRelzO5iETrgxgbjGUUvYMgni1AUuL49cnJky', '', 1, 1, NULL, '2025-10-23 09:31:16', '2025-10-23 09:31:16'),
(244, 'Central Medical Stores', 'info@cms.com', '099', '$2y$10$bwNTTfKxkMDgts.CgBSNouHqwl7ykIsKxsTy9LtmTCLl.TTh7VSdi', '', 1, 1, NULL, '2025-10-23 09:47:02', '2025-10-23 09:47:02'),
(245, 'Multichoice', 'info@multichoise', '900', '$2y$10$KxgWDCf/WoBkgPRaAykKaeEVInZn4N.qhkDStJgTl2qTjoxlTw04W', '', 1, 1, NULL, '2025-10-23 10:01:19', '2025-10-23 10:01:19'),
(247, 'CDH INVENTMENT BANK', 'info@cdh.co.mw', '099sgffw', '$2y$10$ARlefurvj4n7hVcTifY7O.Zz3CFc2g2zeAq2AJOWxSCPdXiID0W66', '', 1, 1, NULL, '2025-10-23 10:30:25', '2025-10-23 10:30:25'),
(248, 'Southern Region Water', 'info@srw.mw', '011232475', '$2y$10$iqUDK.0Q2WeORy.Mbl9LZeUyFlGtNXNPwFwYhreDsGr7x0xkMAYIW', '', 1, 1, NULL, '2025-10-23 10:53:23', '2025-10-23 10:53:23'),
(249, 'MKOKOMO WATER', 'info@mkokomo.com', '9074774', '$2y$10$0twnay.VT22Yl13ywtwVpOF6DxjXrsVMdtaaCWqjUs5DTv/Bbw9vS', '', 1, 1, NULL, '2025-10-23 11:00:46', '2025-10-23 11:00:46'),
(250, 'MALAWI COLLEGE OF ACCOUNTANCY', 'info@mca.ac.mw', '01017373', '$2y$10$R9iQGLMS5eFzeEPCKQRxn.BxmYnawamxBPOIPyq1dX72weF8bQ82O', '', 1, 1, NULL, '2025-10-23 11:13:39', '2025-10-23 11:13:39'),
(251, 'Sigelege Hotels', 'reservations@sigelege.com', '0098u8e', '$2y$10$7NFijCzvNZ9AY39KS0gWp.qxpaNVQTQImcbuRRJ1io4QZJAHintX2', '', 1, 1, NULL, '2025-10-23 11:46:58', '2025-10-23 11:46:58'),
(252, 'OpenConnnect', 'info@ocl.com', '088454548', '$2y$10$4RkdVO0q2QpRA7fpTYw.LOpK9VzRgCRiElmb/Zvx94rsThEm6TNAG', '', 1, 1, NULL, '2025-10-23 13:59:31', '2025-10-23 13:59:31'),
(253, 'ZONSE ', 'info@zonselotto.mw', '0977e', '$2y$10$ftLDT8wSa/LwqaJG2677me3a8Axnt483BDAXsqQjE/x68zxZpDE0C', '', 1, 1, NULL, '2025-10-23 14:45:25', '2025-10-23 14:45:25'),
(254, 'SWIFT CAPITAL INSURANCE BROKER LTD', 'mkz@swiftcapitalinsurance.mw', '0999558444', '$2y$10$LuE08hObwhK374lpbOvO5enydG9cL5HWwfCjSrg3hkK9hoMOoTo2O', '', 1, 1, NULL, '2025-10-23 14:46:57', '2025-10-23 14:46:57'),
(255, 'Mlevu Investment', 'mikemlevu@gmail.com', '0994973748', '$2y$10$xStBXS/cekZkWlmSNcZ3gumuLczfmMEgxkH4S5FFBz4YOrhr8zITC', 'p.o box 1929', 1, 1, NULL, '2025-10-23 16:53:28', '2025-10-23 16:53:28'),
(256, 'Malu Photography', 'malumbo@amaruphotography.com', '+265992265313', '$2y$10$nTzC0E7wVd4k1w71DTvepeXz80a8giTiMGpkETNgU4HIWhwZspxXC', 'Area 47', 1, 1, NULL, '2025-10-23 17:40:18', '2025-10-23 17:40:18'),
(257, 'Tree Business', 'tree@treebusiness.com', 'treebusiness', '$2y$10$lsc.k/sZj9es7E4DSnx1AuqRqCNAtOpiF5Qcdxi7iI2WFq4Qel4Yu', 'Area 47', 1, 1, NULL, '2025-10-23 18:13:35', '2025-10-23 18:13:35'),
(258, 'Classic Travel ', 'janetk@classictravelsmw.com', '0888515952', '$2y$10$21dIlo4zJ1IVzJK5sKt/yOcrOEr5Ko9Em1L661HPgKfIe8hoiajBG', '', 1, 1, NULL, '2025-10-23 19:00:50', '2025-10-23 19:00:50'),
(259, 'National Publications ', 'info@npl.mw', '98989686', '$2y$10$U3rNrtzn63wDVo.7V5KsReo8H6yc9phiLGG.bC9I1rjmPKcZMRSW.', '', 1, 1, NULL, '2025-10-23 19:05:20', '2025-10-23 19:05:20'),
(260, 'Malawi Energy Regulatory Authority', 'mera@mera.mw', '265111774000', '$2y$10$LqX2Gn4DMwdISq7DMubYmenEWnqIBm4B5LI6b0c8WUSDr94RZ7KSa', 'Mera Cmplex next to civic offices, city center Lilongwe', 1, 1, NULL, '2025-10-24 07:40:46', '2025-10-24 07:40:46'),
(261, 'Stevenson Paints', 'info@stevensons.com', '1564', '$2y$10$0We6.5/7WBM2/MYMfLe.pObCutj3Qr9dwivu0QDvcvlIFsCMv2LWW', '', 1, 1, NULL, '2025-10-24 12:24:21', '2025-10-24 12:24:21');

-- --------------------------------------------------------

--
-- Table structure for table `company_logs`
--

CREATE TABLE `company_logs` (
  `id` bigint(20) NOT NULL,
  `company_id` bigint(20) NOT NULL,
  `action` varchar(255) NOT NULL,
  `ip_address` varchar(100) DEFAULT NULL,
  `meta` longtext CHARACTER SET utf8mb4 COLLATE utf8mb4_bin DEFAULT NULL,
  `created_at` timestamp NULL DEFAULT current_timestamp()
) ENGINE=InnoDB DEFAULT CHARSET=utf8mb4 COLLATE=utf8mb4_unicode_ci;

-- --------------------------------------------------------

--
-- Table structure for table `election_candidates`
--

CREATE TABLE `election_candidates` (
  `id` bigint(20) NOT NULL,
  `seat_id` bigint(20) NOT NULL,
  `name` varchar(255) NOT NULL,
  `description` text DEFAULT NULL,
  `image_url` varchar(255) DEFAULT NULL
) ENGINE=InnoDB DEFAULT CHARSET=utf8mb4 COLLATE=utf8mb4_unicode_ci;

--
-- Dumping data for table `election_candidates`
--

INSERT INTO `election_candidates` (`id`, `seat_id`, `name`, `description`, `image_url`) VALUES
(120, 113, 'Pledge', NULL, 'test.png'),
(121, 114, 'Patrick', 'basitu', 'test.png'),
(122, 113, 'Alinafe Mulenga', NULL, 'test.png'),
(123, 115, 'some kid', NULL, 'test.png'),
(124, 119, 'prpoject 009', NULL, 'test.png'),
(125, 114, 'some idea.', NULL, 'test.png'),
(126, 117, 'Andrew Selemani', NULL, 'test.png'),
(127, 118, 'Hallmark Limited', NULL, 'test.png'),
(128, 119, 'Patrick', 'kkkk', 'test.png'),
(129, 121, 'Hallmark Limited', 'Best software company', 'test.png'),
(130, 121, 'Sparc System', 'Second best', 'test.png'),
(131, 122, 'membersync', 'Best member management system', 'test.png'),
(132, 122, 'StaffSync', 'Best HR system', 'test.png'),
(133, 120, 'Patrick', 'Best developer', 'test.png'),
(134, 120, 'Pledge Nkhanie', 'Best AI tech engineer', 'test.png');

-- --------------------------------------------------------

--
-- Table structure for table `election_nominations`
--

CREATE TABLE `election_nominations` (
  `id` bigint(20) NOT NULL,
  `seat_id` bigint(20) NOT NULL,
  `nominated_by_user_id` bigint(20) NOT NULL,
  `nominee_user_id` bigint(20) DEFAULT NULL,
  `nominee_company_id` bigint(20) DEFAULT NULL,
  `nomination_text` text DEFAULT NULL,
  `created_at` timestamp NULL DEFAULT current_timestamp()
) ENGINE=InnoDB DEFAULT CHARSET=utf8mb4 COLLATE=utf8mb4_unicode_ci;

--
-- Dumping data for table `election_nominations`
--

INSERT INTO `election_nominations` (`id`, `seat_id`, `nominated_by_user_id`, `nominee_user_id`, `nominee_company_id`, `nomination_text`, `created_at`) VALUES
(26, 123, 135, 269, NULL, NULL, '2025-12-15 10:33:43'),
(27, 124, 135, NULL, 211, NULL, '2025-12-15 10:34:19'),
(28, 125, 135, NULL, NULL, 'The mudzi app', '2025-12-15 10:34:40');

-- --------------------------------------------------------

--
-- Table structure for table `election_seats`
--

CREATE TABLE `election_seats` (
  `id` bigint(20) NOT NULL,
  `schedule_id` bigint(20) NOT NULL,
  `name` varchar(255) DEFAULT NULL,
  `description` text DEFAULT NULL,
  `nominee_type` enum('user','company','idea') NOT NULL DEFAULT 'user'
) ENGINE=InnoDB DEFAULT CHARSET=utf8mb4 COLLATE=utf8mb4_unicode_ci;

--
-- Dumping data for table `election_seats`
--

INSERT INTO `election_seats` (`id`, `schedule_id`, `name`, `description`, `nominee_type`) VALUES
(113, 138, 'president', 'desc', 'user'),
(114, 138, 'best idea', 'ideas', 'idea'),
(115, 138, 'project', 'some idea', 'idea'),
(116, 138, 'secr', 'description', 'user'),
(117, 138, 'test 1', 'yes', 'user'),
(118, 138, 'test 2', 'test 2', 'company'),
(119, 138, 'test 3', 'test 3 description', 'idea'),
(120, 141, 'President', 'Test for single person position', 'user'),
(121, 141, 'Best Company Film', 'This is a position for companies', 'company'),
(122, 141, 'Best Project', 'This is for a project', 'idea'),
(123, 142, 'Best Marketer', 'This is the best marketer', 'user'),
(124, 142, 'Best Film', 'This is the best film', 'company'),
(125, 142, 'Best Project', 'This is the best project', 'idea');

-- --------------------------------------------------------

--
-- Table structure for table `events`
--

CREATE TABLE `events` (
  `id` bigint(20) NOT NULL,
  `title` varchar(255) NOT NULL,
  `description` text DEFAULT NULL,
  `start_datetime` datetime NOT NULL,
  `end_datetime` datetime NOT NULL,
  `location` varchar(255) DEFAULT NULL,
  `main_image` varchar(255) DEFAULT NULL,
  `status` enum('draft','published') DEFAULT 'draft',
  `created_by` bigint(20) DEFAULT NULL,
  `created_at` timestamp NULL DEFAULT current_timestamp()
) ENGINE=InnoDB DEFAULT CHARSET=utf8mb4 COLLATE=utf8mb4_unicode_ci;

--
-- Dumping data for table `events`
--

INSERT INTO `events` (`id`, `title`, `description`, `start_datetime`, `end_datetime`, `location`, `main_image`, `status`, `created_by`, `created_at`) VALUES
(104, '2025 ANNUAL CONFERENCE', 'The annual conference is an annual event where Malawian gather to exchange knowledge and ideas and celebrate excellence. The event attracts hundreds of marketing professionals from different sectors and speakers from around the region and the globe', '2026-02-11 14:00:00', '2026-05-09 23:59:00', 'Sunbird Livingstonia, Salima', 'event_69419c02128bc3.19326579.jpg', 'published', NULL, '2025-10-20 07:37:38'),
(106, 'test to buy', 'event to test to buy', '2025-12-20 16:55:00', '2026-01-04 16:55:00', 'Blantyre', 'event_69419cf9576389.94827851.png', 'published', 135, '2025-12-15 14:56:01');

-- --------------------------------------------------------

--
-- Table structure for table `event_attendance`
--

CREATE TABLE `event_attendance` (
  `id` bigint(20) NOT NULL,
  `ticket_id` bigint(20) NOT NULL,
  `item_given` varchar(255) DEFAULT NULL,
  `checked_in` tinyint(1) DEFAULT 0,
  `checked_in_at` timestamp NULL DEFAULT NULL
) ENGINE=InnoDB DEFAULT CHARSET=utf8mb4 COLLATE=utf8mb4_unicode_ci;

-- --------------------------------------------------------

--
-- Table structure for table `event_schedules`
--

CREATE TABLE `event_schedules` (
  `id` bigint(20) NOT NULL,
  `event_id` bigint(20) NOT NULL,
  `type` enum('general','voting','training','meal','awards') NOT NULL,
  `title` varchar(255) DEFAULT NULL,
  `description` text DEFAULT NULL,
  `start_datetime` datetime DEFAULT NULL,
  `end_datetime` datetime DEFAULT NULL,
  `status` enum('active','inactive') DEFAULT 'inactive',
  `settings` longtext CHARACTER SET utf8mb4 COLLATE utf8mb4_bin DEFAULT NULL,
  `stage` varchar(20) DEFAULT NULL
) ENGINE=InnoDB DEFAULT CHARSET=utf8mb4 COLLATE=utf8mb4_unicode_ci;

--
-- Dumping data for table `event_schedules`
--

INSERT INTO `event_schedules` (`id`, `event_id`, `type`, `title`, `description`, `start_datetime`, `end_datetime`, `status`, `settings`, `stage`) VALUES
(110, 104, 'training', 'Arrivals in Salima', 'Delegates and everyone else arriving', '2025-10-23 09:00:00', '2025-10-23 09:59:00', 'active', NULL, NULL),
(120, 104, 'meal', 'Dinner, paint \'n\' Sip', '', '2025-10-23 19:00:00', '2025-10-23 23:59:00', 'active', NULL, NULL),
(127, 104, 'meal', 'Lunch', '', '2025-10-24 13:00:00', '2025-10-24 14:00:00', 'active', NULL, NULL),
(130, 104, 'meal', 'Dinner @ Sigelege Beach Hotel - Entertainment Galore (Theme: African Print)', '', '2025-10-24 19:00:00', '2025-10-24 23:59:00', 'active', NULL, NULL),
(134, 104, 'meal', 'Lunch', '', '2025-10-25 13:30:00', '2025-10-25 15:00:00', 'active', NULL, NULL),
(136, 104, 'meal', 'Lunch', 'Main Lunch', '2025-10-24 07:22:00', '2025-10-24 08:22:00', 'active', NULL, NULL),
(138, 104, 'voting', 'test 1', 'description', '2025-12-04 10:26:00', '2025-12-07 10:26:00', 'inactive', '{\"eligibility\":{\"all_tickets\":true,\"non_members\":false,\"only_members\":true,\"member_types\":[]}}', 'voting'),
(139, 104, 'awards', 'test', 'wow', '2025-12-13 10:18:00', '2025-12-28 10:18:00', 'active', '{\"nominator_eligibility\":{\"all_users\":true,\"all_members\":false,\"member_types\":[]},\"nominee_eligibility\":{\"all_users\":false,\"all_members\":false,\"member_types\":[]}}', NULL),
(141, 104, 'voting', 'elections to vote', 'description', '2025-12-15 14:19:00', '2025-12-17 14:19:00', 'active', '{\"eligibility\":{\"all_tickets\":false,\"non_members\":false,\"only_members\":true,\"member_types\":[],\"ticket_types\":[]}}', 'voting'),
(142, 104, 'voting', 'Elections to nominate', 'Elections to nominate then vote elections', '2025-12-16 11:05:00', '2025-12-17 11:05:00', 'active', '{\"allow_nominations\":true,\"max_votes_per_user\":1,\"results_visibility\":\"hidden\"}', 'nomination'),
(143, 104, 'awards', 'Maso Awards', 'Some awards to test', '2025-12-15 13:53:00', '2025-12-15 13:55:00', 'active', '{\"nominator_eligibility\":{\"all_users\":false,\"all_members\":false,\"member_types\":[5]},\"nominee_eligibility\":{\"all_users\":true,\"all_members\":false,\"member_types\":[]}}', NULL);

-- --------------------------------------------------------

--
-- Table structure for table `event_tickets`
--

CREATE TABLE `event_tickets` (
  `id` bigint(20) NOT NULL,
  `ticket_type_id` bigint(20) NOT NULL,
  `event_id` bigint(20) NOT NULL,
  `user_id` bigint(20) DEFAULT NULL,
  `company_id` bigint(20) DEFAULT NULL,
  `attending_as_id` bigint(20) DEFAULT NULL,
  `status` enum('pending','bought','denied','verified') DEFAULT 'pending',
  `price` decimal(12,2) NOT NULL,
  `balance_due` decimal(12,2) DEFAULT 0.00,
  `ticket_code` varchar(100) DEFAULT NULL,
  `qr_code` varchar(255) DEFAULT NULL,
  `purchased_at` timestamp NULL DEFAULT current_timestamp()
) ENGINE=InnoDB DEFAULT CHARSET=utf8mb4 COLLATE=utf8mb4_unicode_ci;

--
-- Dumping data for table `event_tickets`
--

INSERT INTO `event_tickets` (`id`, `ticket_type_id`, `event_id`, `user_id`, `company_id`, `attending_as_id`, `status`, `price`, `balance_due`, `ticket_code`, `qr_code`, `purchased_at`) VALUES
(342, 11, 104, 135, NULL, NULL, 'bought', 50.00, 0.00, 'EVT104-TKT40A375F6', NULL, '2025-12-03 12:21:39'),
(343, 15, 106, 135, NULL, NULL, 'pending', 50.00, 50.00, 'EVT106-TKT53E82EB2', NULL, '2025-12-16 07:34:40'),
(344, 16, 106, 135, NULL, NULL, 'pending', 51.00, 51.00, 'EVT106-TKT7570B039', NULL, '2025-12-16 10:41:49');

-- --------------------------------------------------------

--
-- Table structure for table `event_ticket_types`
--

CREATE TABLE `event_ticket_types` (
  `id` bigint(20) NOT NULL,
  `event_id` bigint(20) NOT NULL,
  `name` varchar(255) NOT NULL,
  `price` decimal(12,2) DEFAULT 0.00,
  `member_type_id` bigint(20) DEFAULT NULL
) ENGINE=InnoDB DEFAULT CHARSET=utf8mb4 COLLATE=utf8mb4_unicode_ci;

--
-- Dumping data for table `event_ticket_types`
--

INSERT INTO `event_ticket_types` (`id`, `event_id`, `name`, `price`, `member_type_id`) VALUES
(11, 104, 'General Ticket', 50.00, NULL),
(15, 106, 'General', 50.00, NULL),
(16, 106, 'For member', 51.00, 5),
(17, 106, 'Not visible', 52.00, 1);

-- --------------------------------------------------------

--
-- Table structure for table `event_youtube_streams`
--

CREATE TABLE `event_youtube_streams` (
  `id` bigint(20) NOT NULL,
  `event_id` bigint(20) NOT NULL,
  `youtube_video_id` varchar(50) NOT NULL,
  `youtube_embed_url` varchar(255) DEFAULT NULL,
  `stream_key` varchar(100) DEFAULT NULL,
  `privacy_status` enum('public','unlisted','private') DEFAULT 'unlisted',
  `is_live` tinyint(1) DEFAULT 0,
  `started_at` datetime DEFAULT NULL,
  `ended_at` datetime DEFAULT NULL,
  `created_at` timestamp NULL DEFAULT current_timestamp()
) ENGINE=InnoDB DEFAULT CHARSET=utf8mb4 COLLATE=utf8mb4_unicode_ci;

-- --------------------------------------------------------

--
-- Table structure for table `invoices`
--

CREATE TABLE `invoices` (
  `id` bigint(20) NOT NULL,
  `user_id` bigint(20) DEFAULT NULL,
  `company_id` bigint(20) DEFAULT NULL,
  `related_type` enum('membership','event_ticket','marketplace_order','custom') NOT NULL,
  `related_id` bigint(20) NOT NULL,
  `total_amount` decimal(12,2) NOT NULL,
  `paid_amount` decimal(12,2) DEFAULT 0.00,
  `balance_due` decimal(12,2) NOT NULL,
  `status` enum('unpaid','partially_paid','paid','cancelled') DEFAULT 'unpaid',
  `issued_at` timestamp NULL DEFAULT current_timestamp(),
  `due_date` date DEFAULT NULL,
  `meta` longtext CHARACTER SET utf8mb4 COLLATE utf8mb4_bin DEFAULT NULL
) ENGINE=InnoDB DEFAULT CHARSET=utf8mb4 COLLATE=utf8mb4_unicode_ci;

--
-- Dumping data for table `invoices`
--

INSERT INTO `invoices` (`id`, `user_id`, `company_id`, `related_type`, `related_id`, `total_amount`, `paid_amount`, `balance_due`, `status`, `issued_at`, `due_date`, `meta`) VALUES
(128, 135, NULL, 'membership', 105, 50.00, 0.00, 50.00, 'unpaid', '2025-12-18 09:55:55', NULL, NULL),
(129, 135, NULL, 'membership', 106, 52.00, 0.00, 52.00, 'unpaid', '2025-12-19 07:59:31', NULL, NULL),
(130, 463, NULL, 'membership', 107, 50.00, 0.00, 50.00, 'unpaid', '2025-12-19 10:51:20', NULL, NULL),
(131, 135, NULL, 'marketplace_order', 18, 50.00, 0.00, 50.00, 'unpaid', '2025-12-31 08:18:55', NULL, NULL),
(132, 135, NULL, 'membership', 108, 52.00, 0.00, 52.00, '', '2025-12-31 15:13:24', NULL, NULL);

-- --------------------------------------------------------

--
-- Table structure for table `invoice_access_tokens`
--

CREATE TABLE `invoice_access_tokens` (
  `id` bigint(20) NOT NULL,
  `token` varchar(64) NOT NULL,
  `user_id` bigint(20) DEFAULT NULL,
  `company_id` bigint(20) DEFAULT NULL,
  `target_type` enum('user','company') NOT NULL DEFAULT 'user',
  `status` enum('pending','used','expired') DEFAULT 'pending',
  `created_at` timestamp NULL DEFAULT current_timestamp(),
  `expires_at` datetime NOT NULL
) ENGINE=InnoDB DEFAULT CHARSET=utf8mb4 COLLATE=utf8mb4_unicode_ci;

--
-- Dumping data for table `invoice_access_tokens`
--

INSERT INTO `invoice_access_tokens` (`id`, `token`, `user_id`, `company_id`, `target_type`, `status`, `created_at`, `expires_at`) VALUES
(2, '1d86a53a14ed2f9bc1c9a61b87ea2a4ffcfe9c285c2afaee40d64cbba5cd11e3', 135, NULL, 'user', 'pending', '2025-12-18 08:24:07', '2025-12-25 08:24:07'),
(4, '2705f154b22d19133885d7ed1caf93e92c0530a54501348f5346cad798639bc9', 463, NULL, 'user', 'expired', '2025-12-18 08:24:08', '2025-12-25 08:24:08'),
(5, 'f028dd245cb3', 135, NULL, 'user', 'pending', '2025-12-19 07:55:34', '2026-04-18 07:55:34'),
(7, '6fc7c63c8aef', 463, NULL, 'user', 'pending', '2025-12-19 07:55:35', '2026-04-18 07:55:35');

-- --------------------------------------------------------

--
-- Table structure for table `magazines`
--

CREATE TABLE `magazines` (
  `id` bigint(20) NOT NULL,
  `title` varchar(255) NOT NULL,
  `description` text DEFAULT NULL,
  `cover_image_url` varchar(255) NOT NULL,
  `file_url` varchar(255) NOT NULL,
  `file_type` enum('pdf','epub') NOT NULL DEFAULT 'pdf',
  `view_count` int(11) NOT NULL DEFAULT 0,
  `download_count` int(11) NOT NULL DEFAULT 0,
  `created_at` timestamp NULL DEFAULT current_timestamp()
) ENGINE=InnoDB DEFAULT CHARSET=utf8mb4 COLLATE=utf8mb4_unicode_ci;

--
-- Dumping data for table `magazines`
--

INSERT INTO `magazines` (`id`, `title`, `description`, `cover_image_url`, `file_url`, `file_type`, `view_count`, `download_count`, `created_at`) VALUES
(2, 'with pdf', 'some book with pdf', '/uploads/magazines/covers/cover_1761998937_6905f859b9acf.jpg', '/uploads/magazines/files/mag_1765881947_6941385bb7c52.pdf', 'pdf', 0, 0, '2025-11-01 12:08:57'),
(3, 'epub one', 'some book with epub', '/uploads/magazines/covers/cover_1763411105_691b84a1cbd02.webp', '/uploads/magazines/files/mag_1765882396_69413a1c6ff0b.epub', 'epub', 0, 0, '2025-11-02 13:12:19'),
(4, 'second pdf a very very very very veryvery evry very very very evry evry evry evryr evry', 'te', '/uploads/magazines/covers/cover_1763411087_691b848f25288.jpg', '/uploads/magazines/files/mag_1763412408_691b89b880931.pdf', 'pdf', 0, 0, '2025-11-02 17:15:39');

-- --------------------------------------------------------

--
-- Table structure for table `marketplace_orders`
--

CREATE TABLE `marketplace_orders` (
  `id` bigint(20) NOT NULL,
  `user_id` bigint(20) DEFAULT NULL,
  `company_id` bigint(20) DEFAULT NULL,
  `status` enum('pending','processing','shipped','delivered','cancelled') DEFAULT 'pending',
  `total_amount` decimal(12,2) NOT NULL,
  `paid_amount` decimal(12,2) DEFAULT 0.00,
  `balance_due` decimal(12,2) DEFAULT 0.00,
  `shipping_address` text DEFAULT NULL,
  `created_at` timestamp NULL DEFAULT current_timestamp()
) ENGINE=InnoDB DEFAULT CHARSET=utf8mb4 COLLATE=utf8mb4_unicode_ci;

--
-- Dumping data for table `marketplace_orders`
--

INSERT INTO `marketplace_orders` (`id`, `user_id`, `company_id`, `status`, `total_amount`, `paid_amount`, `balance_due`, `shipping_address`, `created_at`) VALUES
(3, 135, NULL, 'pending', 939.00, 0.00, 0.00, NULL, '2025-11-03 08:29:39'),
(4, 135, NULL, 'pending', 939.00, 0.00, 0.00, NULL, '2025-11-03 08:33:13'),
(5, 135, NULL, 'pending', 939.00, 0.00, 0.00, NULL, '2025-11-03 09:00:44'),
(6, 135, NULL, 'pending', 939.00, 0.00, 0.00, NULL, '2025-11-03 09:09:52'),
(7, 135, NULL, 'pending', 939.00, 0.00, 0.00, NULL, '2025-11-03 09:12:12'),
(8, 135, NULL, 'pending', 939.00, 0.00, 0.00, NULL, '2025-11-03 09:28:07'),
(9, 135, NULL, 'pending', 50.00, 0.00, 0.00, NULL, '2025-11-11 07:35:38'),
(10, 135, NULL, 'pending', 50.00, 0.00, 0.00, NULL, '2025-11-11 07:38:22'),
(11, 135, NULL, 'pending', 50.00, 0.00, 0.00, NULL, '2025-11-16 23:06:19'),
(12, 135, NULL, 'pending', 50.00, 0.00, 0.00, NULL, '2025-11-18 07:58:36'),
(13, 135, NULL, 'pending', 50.00, 0.00, 0.00, NULL, '2025-11-18 13:33:19'),
(14, 135, NULL, 'pending', 27231.00, 0.00, 0.00, NULL, '2025-11-18 14:21:19'),
(15, 135, NULL, 'pending', 50.00, 0.00, 0.00, NULL, '2025-11-19 10:01:20'),
(16, 135, NULL, 'pending', 50.00, 0.00, 0.00, NULL, '2025-12-16 09:09:36'),
(17, 135, NULL, 'pending', 50.00, 0.00, 0.00, NULL, '2025-12-16 13:18:23'),
(18, 135, NULL, 'pending', 50.00, 0.00, 0.00, NULL, '2025-12-31 08:18:55');

-- --------------------------------------------------------

--
-- Table structure for table `marketplace_order_items`
--

CREATE TABLE `marketplace_order_items` (
  `id` bigint(20) NOT NULL,
  `order_id` bigint(20) NOT NULL,
  `variant_id` bigint(20) NOT NULL,
  `quantity` int(11) NOT NULL,
  `unit_price` decimal(12,2) NOT NULL,
  `total_price` decimal(12,2) NOT NULL
) ENGINE=InnoDB DEFAULT CHARSET=utf8mb4 COLLATE=utf8mb4_unicode_ci;

--
-- Dumping data for table `marketplace_order_items`
--

INSERT INTO `marketplace_order_items` (`id`, `order_id`, `variant_id`, `quantity`, `unit_price`, `total_price`) VALUES
(1, 3, 403, 1, 939.00, 939.00),
(2, 4, 403, 1, 939.00, 939.00),
(3, 5, 403, 1, 939.00, 939.00),
(4, 6, 403, 1, 939.00, 939.00),
(5, 7, 403, 1, 939.00, 939.00),
(6, 8, 403, 1, 939.00, 939.00),
(7, 9, 101, 1, 50.00, 50.00),
(8, 10, 101, 1, 50.00, 50.00),
(9, 11, 101, 1, 50.00, 50.00),
(10, 12, 101, 1, 50.00, 50.00),
(11, 13, 101, 1, 50.00, 50.00),
(12, 14, 403, 29, 939.00, 27231.00),
(13, 15, 101, 1, 50.00, 50.00),
(14, 16, 101, 1, 50.00, 50.00),
(15, 17, 101, 1, 50.00, 50.00),
(16, 18, 101, 1, 50.00, 50.00);

-- --------------------------------------------------------

--
-- Table structure for table `meal_cards`
--

CREATE TABLE `meal_cards` (
  `id` bigint(20) NOT NULL,
  `ticket_id` bigint(20) NOT NULL,
  `schedule_id` bigint(20) NOT NULL,
  `status` enum('inactive','about_to_collect','collected') DEFAULT 'inactive',
  `updated_at` timestamp NULL DEFAULT current_timestamp() ON UPDATE current_timestamp()
) ENGINE=InnoDB DEFAULT CHARSET=utf8mb4 COLLATE=utf8mb4_unicode_ci;

--
-- Dumping data for table `meal_cards`
--

INSERT INTO `meal_cards` (`id`, `ticket_id`, `schedule_id`, `status`, `updated_at`) VALUES
(1632, 342, 134, 'inactive', '2025-12-03 15:12:20'),
(1633, 342, 130, 'inactive', '2025-12-03 15:12:41'),
(1634, 342, 120, 'collected', '2025-12-14 12:15:39'),
(1636, 342, 136, 'inactive', '2025-12-14 12:15:54'),
(1637, 342, 127, 'inactive', '2025-12-31 08:34:48');

-- --------------------------------------------------------

--
-- Table structure for table `membership_subscriptions`
--

CREATE TABLE `membership_subscriptions` (
  `id` bigint(20) NOT NULL,
  `user_id` bigint(20) DEFAULT NULL,
  `company_id` bigint(20) DEFAULT NULL,
  `membership_type_id` bigint(20) NOT NULL,
  `start_date` date NOT NULL,
  `end_date` date NOT NULL,
  `status` enum('active','pending','expired','suspended') DEFAULT 'pending',
  `membership_card_number` varchar(100) DEFAULT NULL,
  `balance_due` decimal(12,2) DEFAULT 0.00,
  `invoice_id` bigint(20) DEFAULT NULL,
  `created_at` timestamp NULL DEFAULT current_timestamp()
) ENGINE=InnoDB DEFAULT CHARSET=utf8mb4 COLLATE=utf8mb4_unicode_ci;

--
-- Dumping data for table `membership_subscriptions`
--

INSERT INTO `membership_subscriptions` (`id`, `user_id`, `company_id`, `membership_type_id`, `start_date`, `end_date`, `status`, `membership_card_number`, `balance_due`, `invoice_id`, `created_at`) VALUES
(95, 135, NULL, 5, '2025-12-03', '2026-12-03', 'active', 'MID_1', 0.00, 105, '2025-12-03 08:26:27'),
(96, 135, NULL, 4, '2025-12-03', '2026-12-03', 'pending', 'MID_1', 52.00, 106, '2025-12-03 08:30:37'),
(97, 135, NULL, 4, '2025-12-12', '2026-12-12', 'pending', 'MID_1', 52.00, 116, '2025-12-12 12:32:10'),
(98, 135, NULL, 4, '2025-12-12', '2026-12-12', 'pending', 'MID_1', 52.00, 117, '2025-12-12 12:37:18'),
(99, 135, NULL, 4, '2025-12-12', '2026-12-12', 'pending', 'MID_1', 52.00, 118, '2025-12-12 12:37:18'),
(100, 135, NULL, 4, '2025-12-12', '2026-12-12', 'pending', 'MID_1', 52.00, 119, '2025-12-12 13:45:01'),
(101, 135, NULL, 4, '2025-12-13', '2026-12-13', 'pending', 'MID_1', 52.00, 120, '2025-12-13 14:05:35'),
(102, NULL, NULL, 1, '2025-12-16', '2026-12-16', 'active', 'MID_2', 0.00, 126, '2025-12-16 13:39:35'),
(103, NULL, NULL, 5, '2025-12-16', '2025-12-15', 'expired', 'MS-462-1765906527', 0.00, NULL, '2025-12-16 17:35:27'),
(104, NULL, NULL, 5, '2025-12-16', '2026-02-16', 'active', 'MS-462-1765906644', 0.00, 127, '2025-12-16 17:37:24'),
(105, 135, NULL, 5, '2025-12-18', '2026-02-18', 'pending', 'MID_1766051755_135', 50.00, 128, '2025-12-18 09:55:55'),
(106, 135, NULL, 4, '2025-12-19', '2026-09-19', 'pending', 'MID_1766131171_135', 52.00, 129, '2025-12-19 07:59:31'),
(107, 463, NULL, 5, '2025-12-19', '2026-02-19', 'pending', 'MID_1766141480_463', 50.00, 130, '2025-12-19 10:51:20'),
(108, 135, NULL, 4, '2025-12-31', '2026-12-31', 'pending', 'MID_1766131171_135', 52.00, 132, '2025-12-31 15:13:24');

-- --------------------------------------------------------

--
-- Table structure for table `membership_types`
--

CREATE TABLE `membership_types` (
  `id` bigint(20) NOT NULL,
  `name` varchar(255) NOT NULL,
  `description` text DEFAULT NULL,
  `renewal_month` int(11) DEFAULT NULL,
  `grace_period_months` int(11) DEFAULT 0,
  `fee` decimal(12,2) DEFAULT 0.00,
  `created_at` timestamp NULL DEFAULT current_timestamp(),
  `prefix` varchar(20) NOT NULL DEFAULT 'MID'
) ENGINE=InnoDB DEFAULT CHARSET=utf8mb4 COLLATE=utf8mb4_unicode_ci;

--
-- Dumping data for table `membership_types`
--

INSERT INTO `membership_types` (`id`, `name`, `description`, `renewal_month`, `grace_period_months`, `fee`, `created_at`, `prefix`) VALUES
(1, 'Full Membership', 'This is a full member', 9, 2, 10000.00, '2025-09-13 11:30:08', 'MID'),
(4, 'Corporate Membership', 'Description for corporate member', 9, 0, 52.00, '2025-10-02 13:59:05', 'MID'),
(5, 'Business Membership', 'The description of this membership', 2, 0, 50.00, '2025-10-03 07:13:19', 'MID'),
(10, 'Test', 'Test', 1, 0, 800.00, '2025-11-09 22:18:41', 'MID');

-- --------------------------------------------------------

--
-- Table structure for table `merchandise`
--

CREATE TABLE `merchandise` (
  `id` bigint(20) NOT NULL,
  `event_id` bigint(20) NOT NULL,
  `name` varchar(255) NOT NULL,
  `description` text DEFAULT NULL,
  `total_quantity` int(11) DEFAULT 0,
  `created_at` timestamp NULL DEFAULT current_timestamp()
) ENGINE=InnoDB DEFAULT CHARSET=utf8mb4 COLLATE=utf8mb4_unicode_ci;

--
-- Dumping data for table `merchandise`
--

INSERT INTO `merchandise` (`id`, `event_id`, `name`, `description`, `total_quantity`, `created_at`) VALUES
(4, 104, 'Nametag', '', NULL, '2025-10-23 08:15:46'),
(5, 104, 'First_to_reg', '', NULL, '2025-10-23 08:40:50'),
(6, 104, 'golf shirt', '', NULL, '2025-10-23 15:29:37'),
(8, 104, 'tshirts', '', NULL, '2025-10-23 15:29:52'),
(9, 104, 'Pen', '', NULL, '2025-10-23 15:30:04'),
(10, 104, 'bag', '', NULL, '2025-10-23 15:31:21'),
(11, 104, 'keyholders', '', NULL, '2025-10-23 16:15:09');

-- --------------------------------------------------------

--
-- Table structure for table `merchandise_distribution`
--

CREATE TABLE `merchandise_distribution` (
  `id` bigint(20) NOT NULL,
  `merch_id` bigint(20) NOT NULL,
  `ticket_id` bigint(20) NOT NULL,
  `distributed_at` timestamp NULL DEFAULT current_timestamp()
) ENGINE=InnoDB DEFAULT CHARSET=utf8mb4 COLLATE=utf8mb4_unicode_ci;

-- --------------------------------------------------------

--
-- Table structure for table `nametags`
--

CREATE TABLE `nametags` (
  `id` bigint(20) NOT NULL,
  `ticket_id` bigint(20) NOT NULL,
  `pdf_url` varchar(255) NOT NULL,
  `qr_code` varchar(255) NOT NULL,
  `created_at` timestamp NULL DEFAULT current_timestamp()
) ENGINE=InnoDB DEFAULT CHARSET=utf8mb4 COLLATE=utf8mb4_unicode_ci;

-- --------------------------------------------------------

--
-- Table structure for table `news`
--

CREATE TABLE `news` (
  `id` bigint(20) NOT NULL,
  `title` varchar(255) NOT NULL,
  `content` text NOT NULL,
  `media_url` varchar(255) DEFAULT NULL,
  `scheduled_date` datetime DEFAULT NULL,
  `created_at` timestamp NULL DEFAULT current_timestamp(),
  `created_by` bigint(20) DEFAULT NULL
) ENGINE=InnoDB DEFAULT CHARSET=utf8mb4 COLLATE=utf8mb4_unicode_ci;

--
-- Dumping data for table `news`
--

INSERT INTO `news` (`id`, `title`, `content`, `media_url`, `scheduled_date`, `created_at`, `created_by`) VALUES
(3, 'Some newses', '<p>jksfjks</p><p>jnsjksdj\\jdjd <strong>usjksjk</strong> <u>nksdjdsk</u> jdks</p><p><br></p><p><br></p>', '/uploads/news/69051830ad7d1-group-afro-americans-working-together_13.jpg', NULL, '2025-10-31 20:12:32', 135);

-- --------------------------------------------------------

--
-- Table structure for table `news_views`
--

CREATE TABLE `news_views` (
  `id` bigint(20) NOT NULL,
  `news_id` bigint(20) NOT NULL,
  `user_id` bigint(20) NOT NULL,
  `viewed_at` timestamp NULL DEFAULT current_timestamp()
) ENGINE=InnoDB DEFAULT CHARSET=utf8mb4 COLLATE=utf8mb4_unicode_ci;

-- --------------------------------------------------------

--
-- Table structure for table `nominations`
--

CREATE TABLE `nominations` (
  `id` bigint(20) NOT NULL,
  `award_id` bigint(20) NOT NULL,
  `nominee_user_id` bigint(20) DEFAULT NULL,
  `nominee_company_id` bigint(20) DEFAULT NULL,
  `nominated_by` bigint(20) DEFAULT NULL,
  `nomination_text` text DEFAULT NULL,
  `verified` tinyint(1) DEFAULT 0,
  `created_at` timestamp NULL DEFAULT current_timestamp()
) ENGINE=InnoDB DEFAULT CHARSET=utf8mb4 COLLATE=utf8mb4_unicode_ci;

--
-- Dumping data for table `nominations`
--

INSERT INTO `nominations` (`id`, `award_id`, `nominee_user_id`, `nominee_company_id`, `nominated_by`, `nomination_text`, `verified`, `created_at`) VALUES
(6, 2, NULL, 103, NULL, 'Ma dolowa', 0, '2025-10-14 08:18:42'),
(8, 2, NULL, 100, NULL, 'facts', 0, '2025-10-14 09:27:04'),
(10, 3, NULL, NULL, NULL, 'basitu', 0, '2025-10-14 09:54:17'),
(12, 5, 269, NULL, 135, 'goodd', 0, '2025-12-15 12:58:46'),
(13, 6, NULL, 103, 135, 'good I guess', 0, '2025-12-15 13:36:09');

-- --------------------------------------------------------

--
-- Table structure for table `otp_verifications`
--

CREATE TABLE `otp_verifications` (
  `id` bigint(20) NOT NULL,
  `target_type` enum('user','company') NOT NULL,
  `target_id` bigint(20) NOT NULL,
  `channel` enum('sms','whatsapp','email') NOT NULL,
  `code` varchar(10) NOT NULL,
  `purpose` enum('signup','login','password_reset','2fa') DEFAULT 'login',
  `used` tinyint(1) DEFAULT 0,
  `expires_at` datetime NOT NULL,
  `created_at` timestamp NULL DEFAULT current_timestamp()
) ENGINE=InnoDB DEFAULT CHARSET=utf8mb4 COLLATE=utf8mb4_unicode_ci;

--
-- Dumping data for table `otp_verifications`
--

INSERT INTO `otp_verifications` (`id`, `target_type`, `target_id`, `channel`, `code`, `purpose`, `used`, `expires_at`, `created_at`) VALUES
(6, 'user', 464, 'email', '418687', 'signup', 1, '2026-01-02 17:07:41', '2026-01-02 14:07:41');

-- --------------------------------------------------------

--
-- Table structure for table `password_resets`
--

CREATE TABLE `password_resets` (
  `id` bigint(20) NOT NULL,
  `target_type` enum('user','company') NOT NULL,
  `target_id` bigint(20) NOT NULL,
  `token` varchar(255) NOT NULL,
  `purpose` enum('password_reset','verify_account') DEFAULT 'password_reset',
  `used` tinyint(1) DEFAULT 0,
  `expires_at` datetime NOT NULL,
  `created_at` timestamp NULL DEFAULT current_timestamp()
) ENGINE=InnoDB DEFAULT CHARSET=utf8mb4 COLLATE=utf8mb4_unicode_ci;

-- --------------------------------------------------------

--
-- Table structure for table `payments`
--

CREATE TABLE `payments` (
  `id` bigint(20) NOT NULL,
  `user_id` bigint(20) DEFAULT NULL,
  `company_id` bigint(20) DEFAULT NULL,
  `gateway_id` bigint(20) DEFAULT NULL,
  `payment_type` enum('membership','event_ticket','marketplace_order','invoice') NOT NULL,
  `reference_id` bigint(20) NOT NULL,
  `amount` decimal(12,2) NOT NULL,
  `method` enum('cash','card','mobile_money','bank_transfer','credit','gateway') NOT NULL,
  `status` enum('pending','completed','failed','refunded') DEFAULT 'pending',
  `gateway_transaction_id` varchar(255) DEFAULT NULL,
  `meta` longtext CHARACTER SET utf8mb4 COLLATE utf8mb4_bin DEFAULT NULL,
  `transaction_date` timestamp NULL DEFAULT current_timestamp()
) ENGINE=InnoDB DEFAULT CHARSET=utf8mb4 COLLATE=utf8mb4_unicode_ci;

--
-- Dumping data for table `payments`
--

INSERT INTO `payments` (`id`, `user_id`, `company_id`, `gateway_id`, `payment_type`, `reference_id`, `amount`, `method`, `status`, `gateway_transaction_id`, `meta`, `transaction_date`) VALUES
(151, 135, NULL, NULL, 'membership', 95, 50.00, 'gateway', 'completed', 'IP25120310270011e5145e', '{\"source\":\"malipo\",\"merchantTrxId\":\"1764750388209-admin@hallmark.mw\",\"transactionId\":\"IP25120310270011e5145e\",\"customerRef\":\"MP251203.1027.Y86044\",\"statusRaw\":\"Completed\"}', '2025-12-03 08:26:27'),
(152, 135, NULL, NULL, 'membership', 96, 52.00, 'gateway', 'pending', '1764750634858-admin@hallmark.mw', '{\"order_id\":\"1764750634858-admin@hallmark.mw\",\"membership_type_id\":4,\"invoice_id\":106,\"card_number\":\"MID_1\"}', '2025-12-03 08:30:37'),
(153, 135, NULL, NULL, 'event_ticket', 334, 50.00, 'gateway', 'pending', '1764755580726-admin@hallmark.mw', NULL, '2025-12-03 09:53:00'),
(154, 135, NULL, NULL, 'event_ticket', 335, 50.00, 'gateway', 'pending', '1764759332156-admin@hallmark.mw', NULL, '2025-12-03 10:55:31'),
(155, 135, NULL, NULL, 'event_ticket', 336, 50.00, 'gateway', 'completed', 'IP25120313250051195f80', '{\"source\":\"malipo\",\"merchantTrxId\":\"1764761007066-admin@hallmark.mw\",\"transactionId\":\"IP25120313250051195f80\",\"customerRef\":\"JRG6FV\",\"statusRaw\":\"Completed\"}', '2025-12-03 11:23:26'),
(156, 135, NULL, NULL, 'event_ticket', 337, 50.00, 'gateway', 'completed', 'IP25120313270051875ada', '{\"source\":\"malipo\",\"merchantTrxId\":\"1764761212695-admin@hallmark.mw\",\"transactionId\":\"IP25120313270051875ada\",\"customerRef\":\"P2J6FU\",\"statusRaw\":\"Completed\"}', '2025-12-03 11:26:51'),
(157, 135, NULL, NULL, 'event_ticket', 338, 50.00, 'gateway', 'pending', '1764761881367-admin@hallmark.mw', NULL, '2025-12-03 11:38:00'),
(158, 135, NULL, NULL, 'event_ticket', 339, 50.00, 'gateway', 'pending', '1764762178799-admin@hallmark.mw', NULL, '2025-12-03 11:42:58'),
(159, 135, NULL, NULL, 'event_ticket', 340, 50.00, 'gateway', 'failed', 'IP25120314020011638341', '{\"source\":\"malipo\",\"merchantTrxId\":\"1764763335106-admin@hallmark.mw\",\"transactionId\":\"IP25120314020011638341\",\"customerRef\":\"MP251203.1403.H16384\",\"statusRaw\":\"Failed\"}', '2025-12-03 12:02:14'),
(160, 135, NULL, NULL, 'event_ticket', 341, 50.00, 'gateway', 'completed', 'IP251203141400518cd2b4', '{\"source\":\"malipo\",\"merchantTrxId\":\"1764764026557-admin@hallmark.mw\",\"transactionId\":\"IP251203141400518cd2b4\",\"customerRef\":\"KRFH7O\",\"statusRaw\":\"Completed\"}', '2025-12-03 12:13:45'),
(161, 135, NULL, NULL, 'event_ticket', 342, 50.00, 'gateway', 'completed', 'IP25120314220051e54139', '{\"source\":\"malipo\",\"merchantTrxId\":\"1764764500278-admin@hallmark.mw\",\"transactionId\":\"IP25120314220051e54139\",\"customerRef\":\"K2107O\",\"statusRaw\":\"Completed\"}', '2025-12-03 12:21:39'),
(162, 135, NULL, NULL, 'membership', 97, 52.00, 'gateway', 'pending', '1765542729956-admin@hallmark.mw', '{\"order_id\":\"1765542729956-admin@hallmark.mw\",\"membership_type_id\":4,\"invoice_id\":116,\"card_number\":\"MID_1\"}', '2025-12-12 12:32:10'),
(163, 135, NULL, NULL, 'membership', 98, 52.00, 'gateway', 'pending', '1765543038443-admin@hallmark.mw', '{\"order_id\":\"1765543038443-admin@hallmark.mw\",\"membership_type_id\":4,\"invoice_id\":117,\"card_number\":\"MID_1\"}', '2025-12-12 12:37:18'),
(164, 135, NULL, NULL, 'membership', 99, 52.00, 'gateway', 'pending', '1765543038408-admin@hallmark.mw', '{\"order_id\":\"1765543038408-admin@hallmark.mw\",\"membership_type_id\":4,\"invoice_id\":118,\"card_number\":\"MID_1\"}', '2025-12-12 12:37:18'),
(165, 135, NULL, NULL, 'membership', 100, 52.00, 'gateway', 'pending', '1765547101812-admin@hallmark.mw', '{\"order_id\":\"1765547101812-admin@hallmark.mw\",\"membership_type_id\":4,\"invoice_id\":119,\"card_number\":\"MID_1\"}', '2025-12-12 13:45:01'),
(166, 135, NULL, NULL, 'membership', 101, 52.00, 'gateway', 'pending', '1765634735546-admin@hallmark.mw', '{\"order_id\":\"1765634735546-admin@hallmark.mw\",\"membership_type_id\":4,\"invoice_id\":120,\"card_number\":\"MID_1\"}', '2025-12-13 14:05:35'),
(167, 135, NULL, NULL, 'event_ticket', 343, 50.00, 'gateway', 'pending', '1765870479901-admin@hallmark.mw', NULL, '2025-12-16 07:34:40'),
(168, 135, NULL, NULL, 'event_ticket', 344, 51.00, 'gateway', 'pending', '1765881708628-admin@hallmark.mw', NULL, '2025-12-16 10:41:49'),
(169, NULL, NULL, NULL, 'event_ticket', 345, 50.00, 'gateway', 'pending', '1765892308596-cbaluti@hallmark.mw', NULL, '2025-12-16 13:38:29'),
(170, NULL, NULL, NULL, 'membership', 102, 10000.00, 'gateway', 'pending', '1765892374406-cbaluti@hallmark.mw', '{\"order_id\":\"1765892374406-cbaluti@hallmark.mw\",\"membership_type_id\":1,\"invoice_id\":126,\"card_number\":\"MID_2\"}', '2025-12-16 13:39:35'),
(171, NULL, NULL, NULL, 'membership', 102, 10000.00, 'cash', 'completed', NULL, NULL, '2025-12-16 13:43:14'),
(172, NULL, NULL, NULL, 'membership', 103, 50.00, 'mobile_money', 'completed', NULL, NULL, '2025-12-16 17:36:20'),
(173, NULL, NULL, NULL, 'membership', 104, 30.00, 'card', 'completed', NULL, NULL, '2025-12-16 17:37:24'),
(174, NULL, NULL, NULL, 'membership', 104, 20.00, 'card', 'completed', NULL, '{\"proof_of_payment\":\"\\/uploads\\/proofs\\/proof_104_694199254cd3d_CONCEPT_NOTE.docx\"}', '2025-12-16 17:38:45'),
(175, 135, NULL, NULL, 'membership', 105, 50.00, 'gateway', 'pending', 'INV-128-1766051755', NULL, '2025-12-18 09:55:55'),
(176, 135, NULL, NULL, 'membership', 106, 52.00, 'gateway', 'pending', 'INV-129-1766131171', NULL, '2025-12-19 07:59:31'),
(177, 463, NULL, NULL, 'membership', 107, 50.00, 'gateway', 'pending', 'INV-130-1766141480', NULL, '2025-12-19 10:51:20'),
(178, 135, NULL, NULL, 'membership', 108, 52.00, 'gateway', 'pending', '1767194003690-admin@hallmark.mw', '{\"order_id\":\"1767194003690-admin@hallmark.mw\",\"membership_type_id\":4,\"invoice_id\":132,\"card_number\":\"MID_1766131171_135\"}', '2025-12-31 15:13:24');

-- --------------------------------------------------------

--
-- Table structure for table `payment_gateways`
--

CREATE TABLE `payment_gateways` (
  `id` bigint(20) NOT NULL,
  `name` varchar(100) NOT NULL,
  `config` longtext CHARACTER SET utf8mb4 COLLATE utf8mb4_bin DEFAULT NULL,
  `created_at` timestamp NULL DEFAULT current_timestamp()
) ENGINE=InnoDB DEFAULT CHARSET=utf8mb4 COLLATE=utf8mb4_unicode_ci;

--
-- Dumping data for table `payment_gateways`
--

INSERT INTO `payment_gateways` (`id`, `name`, `config`, `created_at`) VALUES
(1, 'MALIPO_MEMBERSHIPS', '{\"notes\":\"configure keys in app settings for Memberships\",\"sdk\":\"https://gateway.malipo.mw/api/v2/transactions/web-invoice/deliver\",\"merchid\":\"929957965\",\"callback\":\"https://membersync.hallmark.mw/api/mobile/api/malipo/callback_memberships.php\",\"api_key\":\"6f0f4c9d635c65b78a6d37400c73338e\",\"app_id\":\"929957965\",\"base_url\":\"https://invoicing.malipo.mw/guest/\"}', '2025-09-10 19:22:49'),
(2, 'MALIPO_EVENTS', '{\"notes\":\"configure keys in app settings for events\",\"sdk\":\"https://gateway.malipo.mw/api/v2/transactions/web-invoice/deliver\",\"merchid\":\"890407842\",\"callback\":\"https://membersync.hallmark.mw/api/mobile/api/malipo/callback_events.php\",\"api_key\":\"5b526afc91749c9e45f366aabe85a4c8\",\"app_id\":\"890407842\",\"base_url\":\"https://invoicing.malipo.mw/guest/\"}', '2025-09-10 19:22:49'),
(3, 'MALIPO_MARKETPLACE', '{\"notes\":\"configure keys in app settings for the market place\",\"sdk\":\"https://gateway.malipo.mw/api/v2/transactions/web-invoice/deliver\",\"merchid\":\"357360109\",\"callback\":\"https://membersync.hallmark.mw/api/mobile/api/malipo/callback_marketplace.php\",\"api_key\":\"8f65d175c3707080e7aa1ef7b05680c8\",\"app_id\":\"357360109\",\"base_url\":\"https://invoicing.malipo.mw/guest/\"}', '2025-09-10 19:22:49');

-- --------------------------------------------------------

--
-- Table structure for table `permissions`
--

CREATE TABLE `permissions` (
  `id` bigint(20) NOT NULL,
  `name` varchar(100) NOT NULL COMMENT 'e.g., users_create, events_read',
  `description` text DEFAULT NULL,
  `created_at` timestamp NULL DEFAULT current_timestamp()
) ENGINE=InnoDB DEFAULT CHARSET=utf8mb4 COLLATE=utf8mb4_unicode_ci;

--
-- Dumping data for table `permissions`
--

INSERT INTO `permissions` (`id`, `name`, `description`, `created_at`) VALUES
(1, 'users_create', 'Can create new users', '2025-09-20 16:24:26'),
(2, 'users_read', 'Can view user data', '2025-09-20 16:24:26'),
(3, 'users_update', 'Can edit user data', '2025-09-20 16:24:26'),
(4, 'users_delete', 'Can delete users', '2025-09-20 16:24:26'),
(5, 'ui_settings_create', 'Can create UI settings', '2025-09-20 16:24:26'),
(6, 'ui_settings_read', 'Can view UI settings', '2025-09-20 16:24:26'),
(7, 'ui_settings_update', 'Can edit UI settings', '2025-09-20 16:24:26'),
(8, 'ui_settings_delete', 'Can delete UI settings', '2025-09-20 16:24:26'),
(9, 'ads_create', 'Can create ads', '2025-09-20 16:24:26'),
(10, 'ads_read', 'Can view ads', '2025-09-20 16:24:26'),
(11, 'ads_update', 'Can edit ads', '2025-09-20 16:24:26'),
(12, 'ads_delete', 'Can delete ads', '2025-09-20 16:24:26'),
(13, 'audit_logs_read', 'Can view audit logs', '2025-09-20 16:24:26'),
(14, 'audit_logs_delete', 'Can delete audit logs', '2025-09-20 16:24:26'),
(15, 'awards_create', 'Can create awards', '2025-09-20 16:24:26'),
(16, 'awards_read', 'Can view awards', '2025-09-20 16:24:26'),
(17, 'awards_update', 'Can edit awards', '2025-09-20 16:24:26'),
(18, 'awards_delete', 'Can delete awards', '2025-09-20 16:24:26'),
(19, 'communications_create', 'Can create communications', '2025-09-20 16:24:26'),
(20, 'communications_read', 'Can view communications', '2025-09-20 16:24:26'),
(21, 'communications_update', 'Can edit communications', '2025-09-20 16:24:26'),
(22, 'communications_delete', 'Can delete communications', '2025-09-20 16:24:26'),
(23, 'companies_create', 'Can create companies', '2025-09-20 16:24:26'),
(24, 'companies_read', 'Can view companies', '2025-09-20 16:24:26'),
(25, 'companies_update', 'Can edit companies', '2025-09-20 16:24:26'),
(26, 'companies_delete', 'Can delete companies', '2025-09-20 16:24:26'),
(27, 'elections_create', 'Can create elections', '2025-09-20 16:24:26'),
(28, 'elections_read', 'Can view elections', '2025-09-20 16:24:26'),
(29, 'elections_update', 'Can edit elections', '2025-09-20 16:24:26'),
(30, 'elections_delete', 'Can delete elections', '2025-09-20 16:24:26'),
(31, 'election_nominations_create', 'Can create election nominations', '2025-09-20 16:24:26'),
(32, 'election_nominations_read', 'Can view election nominations', '2025-09-20 16:24:26'),
(33, 'election_nominations_update', 'Can edit election nominations', '2025-09-20 16:24:26'),
(34, 'election_nominations_delete', 'Can delete election nominations', '2025-09-20 16:24:26'),
(35, 'election_candidates_create', 'Can create election candidates', '2025-09-20 16:24:26'),
(36, 'election_candidates_read', 'Can view election candidates', '2025-09-20 16:24:26'),
(37, 'election_candidates_update', 'Can edit election candidates', '2025-09-20 16:24:26'),
(38, 'election_candidates_delete', 'Can delete election candidates', '2025-09-20 16:24:26'),
(39, 'election_seats_create', 'Can create election seats', '2025-09-20 16:24:26'),
(40, 'election_seats_read', 'Can view election seats', '2025-09-20 16:24:26'),
(41, 'election_seats_update', 'Can edit election seats', '2025-09-20 16:24:26'),
(42, 'election_seats_delete', 'Can delete election seats', '2025-09-20 16:24:26'),
(43, 'events_create', 'Can create events', '2025-09-20 16:24:26'),
(44, 'events_read', 'Can view events', '2025-09-20 16:24:26'),
(45, 'events_update', 'Can edit events', '2025-09-20 16:24:26'),
(46, 'events_delete', 'Can delete events', '2025-09-20 16:24:26'),
(47, 'event_schedules_create', 'Can create event schedules', '2025-09-20 16:24:26'),
(48, 'event_schedules_read', 'Can view event schedules', '2025-09-20 16:24:26'),
(49, 'event_schedules_update', 'Can edit event schedules', '2025-09-20 16:24:26'),
(50, 'event_schedules_delete', 'Can delete event schedules', '2025-09-20 16:24:26'),
(51, 'event_tickets_create', 'Can create event tickets', '2025-09-20 16:24:26'),
(52, 'event_tickets_read', 'Can view event tickets', '2025-09-20 16:24:26'),
(53, 'event_tickets_update', 'Can edit event tickets', '2025-09-20 16:24:26'),
(54, 'event_tickets_delete', 'Can delete event tickets', '2025-09-20 16:24:26'),
(55, 'invoices_create', 'Can create invoices', '2025-09-20 16:24:26'),
(56, 'invoices_read', 'Can view invoices', '2025-09-20 16:24:26'),
(57, 'invoices_update', 'Can edit invoices', '2025-09-20 16:24:26'),
(58, 'invoices_delete', 'Can delete invoices', '2025-09-20 16:24:26'),
(59, 'meal_cards_create', 'Can create meal cards', '2025-09-20 16:24:26'),
(60, 'meal_cards_read', 'Can view meal cards', '2025-09-20 16:24:26'),
(61, 'meal_cards_update', 'Can edit meal cards', '2025-09-20 16:24:26'),
(62, 'meal_cards_delete', 'Can delete meal cards', '2025-09-20 16:24:26'),
(63, 'membership_subscriptions_create', 'Can create membership subscriptions', '2025-09-20 16:24:26'),
(64, 'membership_subscriptions_read', 'Can view membership subscriptions', '2025-09-20 16:24:26'),
(65, 'membership_subscriptions_update', 'Can edit membership subscriptions', '2025-09-20 16:24:26'),
(66, 'membership_subscriptions_delete', 'Can delete membership subscriptions', '2025-09-20 16:24:26'),
(67, 'membership_types_create', 'Can create membership types', '2025-09-20 16:24:26'),
(68, 'membership_types_read', 'Can view membership types', '2025-09-20 16:24:26'),
(69, 'membership_types_update', 'Can edit membership types', '2025-09-20 16:24:26'),
(70, 'membership_types_delete', 'Can delete membership types', '2025-09-20 16:24:26'),
(71, 'merchandise_create', 'Can create event merchandise', '2025-09-20 16:24:26'),
(72, 'merchandise_read', 'Can view event merchandise', '2025-09-20 16:24:26'),
(73, 'merchandise_update', 'Can edit event merchandise', '2025-09-20 16:24:26'),
(74, 'merchandise_delete', 'Can delete event merchandise', '2025-09-20 16:24:26'),
(75, 'merchandise_distributions_create', 'Can manage merchandise distributions', '2025-09-20 16:24:26'),
(76, 'merchandise_distributions_read', 'Can view merchandise distributions', '2025-09-20 16:24:26'),
(77, 'merchandise_distributions_update', 'Can edit merchandise distributions', '2025-09-20 16:24:26'),
(78, 'merchandise_distributions_delete', 'Can delete merchandise distributions', '2025-09-20 16:24:26'),
(79, 'nametags_create', 'Can create nametags', '2025-09-20 16:24:26'),
(80, 'nametags_read', 'Can view nametags', '2025-09-20 16:24:26'),
(81, 'nametags_update', 'Can edit nametags', '2025-09-20 16:24:26'),
(82, 'nametags_delete', 'Can delete nametags', '2025-09-20 16:24:26'),
(83, 'news_create', 'Can create news', '2025-09-20 16:24:26'),
(84, 'news_read', 'Can view news', '2025-09-20 16:24:26'),
(85, 'news_update', 'Can edit news', '2025-09-20 16:24:26'),
(86, 'news_delete', 'Can delete news', '2025-09-20 16:24:26'),
(87, 'award_nominations_create', 'Can create award nominations', '2025-09-20 16:24:26'),
(88, 'award_nominations_read', 'Can view award nominations', '2025-09-20 16:24:26'),
(89, 'award_nominations_update', 'Can edit award nominations', '2025-09-20 16:24:26'),
(90, 'award_ nominations_delete', 'Can delete award nominations', '2025-09-20 16:24:26'),
(91, 'payments_create', 'Can create payments', '2025-09-20 16:24:26'),
(92, 'payments_read', 'Can view payments', '2025-09-20 16:24:26'),
(93, 'payments_update', 'Can edit payments', '2025-09-20 16:24:26'),
(94, 'payments_delete', 'Can delete payments', '2025-09-20 16:24:26'),
(95, 'products_create', 'Can create marketplace products', '2025-09-20 16:24:26'),
(96, 'products_read', 'Can view marketplace products', '2025-09-20 16:24:26'),
(97, 'products_update', 'Can edit marketplace products', '2025-09-20 16:24:26'),
(98, 'products_delete', 'Can delete marketplace products', '2025-09-20 16:24:26'),
(99, 'inventory_create', 'Can create marketplace inventory', '2025-09-20 16:24:26'),
(100, 'inventory_read', 'Can view marketplace inventory', '2025-09-20 16:24:26'),
(101, 'inventory_update', 'Can edit marketplace inventory', '2025-09-20 16:24:26'),
(102, 'inventory_delete', 'Can delete marketplace inventory', '2025-09-20 16:24:26'),
(103, 'quotations_create', 'Can create quotations', '2025-09-20 16:24:26'),
(104, 'quotations_read', 'Can view quotations', '2025-09-20 16:24:26'),
(105, 'quotations_update', 'Can edit quotations', '2025-09-20 16:24:26'),
(106, 'quotations_delete', 'Can delete quotations', '2025-09-20 16:24:26'),
(107, 'receipts_create', 'Can create receipts', '2025-09-20 16:24:26'),
(108, 'receipts_read', 'Can view receipts', '2025-09-20 16:24:26'),
(109, 'receipts_update', 'Can edit receipts', '2025-09-20 16:24:26'),
(110, 'receipts_delete', 'Can delete receipts', '2025-09-20 16:24:26'),
(111, 'training_materials_create', 'Can create event training materials', '2025-09-20 16:24:26'),
(112, 'training_materials_read', 'Can view event training materials', '2025-09-20 16:24:26'),
(113, 'training_materials_update', 'Can edit event training materials', '2025-09-20 16:24:26'),
(114, 'training_materials_delete', 'Can delete event training materials', '2025-09-20 16:24:26'),
(115, 'votes_create', 'Can create votes', '2025-09-20 16:24:26'),
(116, 'votes_read', 'Can view votes', '2025-09-20 16:24:26'),
(117, 'votes_update', 'Can edit votes', '2025-09-20 16:24:26'),
(118, 'votes_delete', 'Can delete votes', '2025-09-20 16:24:26'),
(119, 'event_schedules_manage', 'Can manage event schedules', '2025-09-20 20:32:19'),
(120, 'event_tickets_manage', 'Can manage event tickets and types', '2025-09-20 20:32:19'),
(121, 'event_attendees_manage', 'Can manage event attendance', '2025-09-20 20:32:19');

-- --------------------------------------------------------

--
-- Table structure for table `products`
--

CREATE TABLE `products` (
  `id` bigint(20) NOT NULL,
  `name` varchar(255) NOT NULL,
  `sku` varchar(100) DEFAULT NULL,
  `description` text DEFAULT NULL,
  `created_at` timestamp NULL DEFAULT current_timestamp(),
  `is_active` tinyint(1) DEFAULT 1
) ENGINE=InnoDB DEFAULT CHARSET=utf8mb4 COLLATE=utf8mb4_unicode_ci;

--
-- Dumping data for table `products`
--

INSERT INTO `products` (`id`, `name`, `sku`, `description`, `created_at`, `is_active`) VALUES
(1, 'MemberSync Branded T-Shirt', '', 'A high-quality cotton t-shirt featuring the official MemberSync logo. Perfect for events and casual wear.', '2025-09-19 12:59:38', 1),
(6, 'tested product', 'jhdhhdh', 'hdhdh', '2025-11-02 18:18:33', 1);

-- --------------------------------------------------------

--
-- Table structure for table `product_images`
--

CREATE TABLE `product_images` (
  `id` bigint(20) NOT NULL,
  `product_id` bigint(20) NOT NULL,
  `image_url` varchar(255) NOT NULL,
  `display_order` int(11) DEFAULT 0,
  `created_at` timestamp NULL DEFAULT current_timestamp()
) ENGINE=InnoDB DEFAULT CHARSET=utf8mb4 COLLATE=utf8mb4_unicode_ci;

--
-- Dumping data for table `product_images`
--

INSERT INTO `product_images` (`id`, `product_id`, `image_url`, `display_order`, `created_at`) VALUES
(14, 6, '/uploads/products/Gemini_Generated_Image_rvbxfkrvbxfkrvbx.png', 0, '2025-11-02 19:31:19'),
(15, 1, '/uploads/products/prod_1_1762112610_hero-professional.jpg', 0, '2025-11-02 19:43:30');

-- --------------------------------------------------------

--
-- Table structure for table `product_inventory`
--

CREATE TABLE `product_inventory` (
  `id` bigint(20) NOT NULL,
  `variant_id` bigint(20) NOT NULL,
  `quantity` int(11) DEFAULT 0,
  `updated_at` timestamp NULL DEFAULT current_timestamp() ON UPDATE current_timestamp()
) ENGINE=InnoDB DEFAULT CHARSET=utf8mb4 COLLATE=utf8mb4_unicode_ci;

--
-- Dumping data for table `product_inventory`
--

INSERT INTO `product_inventory` (`id`, `variant_id`, `quantity`, `updated_at`) VALUES
(1, 101, 50, '2025-09-19 12:59:38'),
(2, 102, 100, '2025-09-19 12:59:38'),
(4, 104, 40, '2025-09-19 12:59:38'),
(10, 403, 12, '2025-11-02 18:18:33'),
(12, 101, 50, '2025-11-11 07:33:48');

-- --------------------------------------------------------

--
-- Table structure for table `product_variants`
--

CREATE TABLE `product_variants` (
  `id` bigint(20) NOT NULL,
  `product_id` bigint(20) NOT NULL,
  `variant_sku` varchar(100) DEFAULT NULL,
  `name` varchar(255) DEFAULT NULL,
  `attributes` longtext CHARACTER SET utf8mb4 COLLATE utf8mb4_bin DEFAULT NULL,
  `price` decimal(12,2) NOT NULL,
  `created_at` timestamp NULL DEFAULT current_timestamp()
) ENGINE=InnoDB DEFAULT CHARSET=utf8mb4 COLLATE=utf8mb4_unicode_ci;

--
-- Dumping data for table `product_variants`
--

INSERT INTO `product_variants` (`id`, `product_id`, `variant_sku`, `name`, `attributes`, `price`, `created_at`) VALUES
(101, 1, NULL, 'T-Shirt - Small', '{\"size\": \"S\", \"color\": \"Navy Blue\"}', 50.00, '2025-09-19 12:59:38'),
(102, 1, NULL, 'T-Shirt - Medium', '{\"size\": \"M\", \"color\": \"Navy Blue\"}', 25.00, '2025-09-19 12:59:38'),
(104, 1, NULL, 'T-Shirt - X-Large', '{\"size\": \"XL\", \"color\": \"Heather Grey\"}', 27.50, '2025-09-19 12:59:38'),
(403, 6, 'jfhdh', 'Default', NULL, 939.00, '2025-11-02 18:18:33');

-- --------------------------------------------------------

--
-- Table structure for table `quotations`
--

CREATE TABLE `quotations` (
  `id` bigint(20) NOT NULL,
  `admin_id` bigint(20) NOT NULL,
  `user_id` bigint(20) DEFAULT NULL,
  `company_id` bigint(20) DEFAULT NULL,
  `quote_type` enum('membership','event_ticket','marketplace') NOT NULL,
  `reference_id` bigint(20) DEFAULT NULL,
  `total_amount` decimal(12,2) NOT NULL,
  `status` enum('draft','sent','accepted','rejected') DEFAULT 'draft',
  `created_at` timestamp NULL DEFAULT current_timestamp()
) ENGINE=InnoDB DEFAULT CHARSET=utf8mb4 COLLATE=utf8mb4_unicode_ci;

-- --------------------------------------------------------

--
-- Table structure for table `receipts`
--

CREATE TABLE `receipts` (
  `id` bigint(20) NOT NULL,
  `payment_id` bigint(20) NOT NULL,
  `receipt_number` varchar(255) NOT NULL,
  `issued_at` timestamp NULL DEFAULT current_timestamp(),
  `meta` longtext CHARACTER SET utf8mb4 COLLATE utf8mb4_bin DEFAULT NULL
) ENGINE=InnoDB DEFAULT CHARSET=utf8mb4 COLLATE=utf8mb4_unicode_ci;

--
-- Dumping data for table `receipts`
--

INSERT INTO `receipts` (`id`, `payment_id`, `receipt_number`, `issued_at`, `meta`) VALUES
(32, 39, 'RCPT-MEM-20251011-39', '2025-10-11 16:57:51', NULL),
(44, 52, 'RCPT-52-1760485987', '2025-10-14 23:53:07', NULL),
(45, 53, 'RCPT-MEM-20251015-53', '2025-10-15 00:37:45', NULL),
(46, 54, 'RCPT-MEM-20251015-54', '2025-10-15 00:41:05', NULL),
(47, 55, 'RCPT-MEM-20251020-55', '2025-10-20 18:41:53', NULL),
(48, 59, 'RCPT-MEM-20251020-59', '2025-10-20 19:49:26', NULL),
(49, 60, 'RCPT-20251020-60', '2025-10-20 21:16:14', NULL),
(50, 84, 'RCPT-MEM-20251021-84', '2025-10-21 02:16:18', NULL),
(51, 85, 'RCPT-MEM-20251021-85', '2025-10-21 02:16:51', NULL),
(61, 160, 'RCPT-20251203-160', '2025-12-03 12:16:32', '{\"payment_method\":\"gateway\",\"transaction_id\":\"IP251203141400518cd2b4\",\"customer_ref\":\"KRFH7O\"}'),
(62, 161, 'RCPT-20251203-161', '2025-12-03 12:24:31', '{\"payment_method\":\"gateway\",\"transaction_id\":\"IP25120314220051e54139\",\"customer_ref\":\"K2107O\"}'),
(63, 171, 'RCPT-MEM-20251216-171', '2025-12-16 13:43:14', NULL),
(64, 172, 'RCPT-MEM-20251216-172', '2025-12-16 17:36:20', NULL);

-- --------------------------------------------------------

--
-- Table structure for table `roles`
--

CREATE TABLE `roles` (
  `id` bigint(20) NOT NULL,
  `name` varchar(100) NOT NULL,
  `description` text DEFAULT NULL,
  `created_at` timestamp NULL DEFAULT current_timestamp()
) ENGINE=InnoDB DEFAULT CHARSET=utf8mb4 COLLATE=utf8mb4_unicode_ci;

--
-- Dumping data for table `roles`
--

INSERT INTO `roles` (`id`, `name`, `description`, `created_at`) VALUES
(1, 'Super Admin', 'Has all permissions in the system.', '2025-09-20 16:24:26'),
(2, 'Standard User', 'Basic user with limited read-only access.', '2025-09-20 16:24:26');

-- --------------------------------------------------------

--
-- Table structure for table `role_permissions`
--

CREATE TABLE `role_permissions` (
  `role_id` bigint(20) NOT NULL,
  `permission_id` bigint(20) NOT NULL
) ENGINE=InnoDB DEFAULT CHARSET=utf8mb4 COLLATE=utf8mb4_unicode_ci;

--
-- Dumping data for table `role_permissions`
--

INSERT INTO `role_permissions` (`role_id`, `permission_id`) VALUES
(1, 1),
(1, 2),
(1, 3),
(1, 4),
(1, 5),
(1, 6),
(1, 7),
(1, 8),
(1, 9),
(1, 10),
(1, 11),
(1, 12),
(1, 13),
(1, 14),
(1, 15),
(1, 16),
(1, 17),
(1, 18),
(1, 19),
(1, 20),
(1, 21),
(1, 22),
(1, 23),
(1, 24),
(1, 25),
(1, 26),
(1, 27),
(1, 28),
(1, 29),
(1, 30),
(1, 31),
(1, 32),
(1, 33),
(1, 34),
(1, 35),
(1, 36),
(1, 37),
(1, 38),
(1, 39),
(1, 40),
(1, 41),
(1, 42),
(1, 43),
(1, 44),
(1, 45),
(1, 46),
(1, 47),
(1, 48),
(1, 49),
(1, 50),
(1, 51),
(1, 52),
(1, 53),
(1, 54),
(1, 55),
(1, 56),
(1, 57),
(1, 58),
(1, 59),
(1, 60),
(1, 61),
(1, 62),
(1, 63),
(1, 64),
(1, 65),
(1, 66),
(1, 67),
(1, 68),
(1, 69),
(1, 70),
(1, 71),
(1, 72),
(1, 73),
(1, 74),
(1, 75),
(1, 76),
(1, 77),
(1, 78),
(1, 79),
(1, 80),
(1, 81),
(1, 82),
(1, 83),
(1, 84),
(1, 85),
(1, 86),
(1, 87),
(1, 88),
(1, 89),
(1, 90),
(1, 91),
(1, 92),
(1, 93),
(1, 94),
(1, 95),
(1, 96),
(1, 97),
(1, 98),
(1, 99),
(1, 100),
(1, 101),
(1, 102),
(1, 103),
(1, 104),
(1, 105),
(1, 106),
(1, 107),
(1, 108),
(1, 109),
(1, 110),
(1, 111),
(1, 112),
(1, 113),
(1, 114),
(1, 115),
(1, 116),
(1, 117),
(1, 118),
(1, 119),
(1, 120),
(1, 121);

-- --------------------------------------------------------

--
-- Table structure for table `schedule_facilitators`
--

CREATE TABLE `schedule_facilitators` (
  `id` bigint(20) NOT NULL,
  `schedule_id` bigint(20) NOT NULL,
  `user_id` bigint(20) NOT NULL
) ENGINE=InnoDB DEFAULT CHARSET=utf8mb4 COLLATE=utf8mb4_unicode_ci;

--
-- Dumping data for table `schedule_facilitators`
--

INSERT INTO `schedule_facilitators` (`id`, `schedule_id`, `user_id`) VALUES
(34, 138, 450),
(35, 142, 145),
(36, 143, 135),
(37, 143, 450);

-- --------------------------------------------------------

--
-- Table structure for table `system_settings`
--

CREATE TABLE `system_settings` (
  `id` int(11) NOT NULL,
  `setting_key` varchar(100) NOT NULL,
  `setting_value` varchar(255) NOT NULL,
  `updated_at` timestamp NULL DEFAULT current_timestamp() ON UPDATE current_timestamp()
) ENGINE=InnoDB DEFAULT CHARSET=utf8mb4 COLLATE=utf8mb4_unicode_ci;

--
-- Dumping data for table `system_settings`
--

INSERT INTO `system_settings` (`id`, `setting_key`, `setting_value`, `updated_at`) VALUES
(1, 'smtp_host', 'mail.hallmark.mw', '2026-01-05 09:04:45'),
(2, 'smtp_port', '465', '2025-10-08 07:51:06'),
(3, 'smtp_username', 'noreply@hallmark.mw', '2025-12-16 13:31:33'),
(4, 'smtp_password', 'Manners1722*', '2025-12-16 13:33:14'),
(5, 'smtp_secure', 'ssl', '2025-10-08 07:51:12'),
(6, 'smtp_from_email', 'noreply@hallmark.mw', '2025-12-16 13:31:33'),
(7, 'smtp_from_name', 'MyIMM App', '2025-10-23 07:39:21'),
(8, 'system_name', 'MyIMM', '2025-10-20 21:07:13'),
(9, 'address', 'Malawi Institute of Procurement and Supply,\r\nP.O. Box 332, Chilambula road,\r\nLilongwe', '2025-12-19 08:13:42');

-- --------------------------------------------------------

--
-- Table structure for table `training_materials`
--

CREATE TABLE `training_materials` (
  `id` bigint(20) NOT NULL,
  `schedule_id` bigint(20) NOT NULL,
  `title` varchar(255) NOT NULL,
  `description` text DEFAULT NULL,
  `type` enum('video','audio','pdf','ppt','link') NOT NULL,
  `url` varchar(255) DEFAULT NULL
) ENGINE=InnoDB DEFAULT CHARSET=utf8mb4 COLLATE=utf8mb4_unicode_ci;

--
-- Dumping data for table `training_materials`
--

INSERT INTO `training_materials` (`id`, `schedule_id`, `title`, `description`, `type`, `url`) VALUES
(21, 110, 'link', 'error', 'link', 'https://membersync.test/error'),
(22, 110, 'audio', 'audio', 'audio', '/uploads/69303333dba6b-flute-melody-315241.mp3'),
(23, 110, 'PPTX', 'PPTX', 'ppt', '/uploads/693038a2f1270-file_example_PPT_1MB 1.ppt'),
(24, 110, 'PDFs', 'PDFs', 'pdf', '/uploads/693036bc0f616-Portfolio.pdf'),
(25, 110, 'Video', 'Video', 'video', '/uploads/693034fb2cd6d-5532767-uhd_2160_4096_25fps.mp4'),
(26, 110, 'my music', 'songs', 'audio', '/uploads/693033b2eea6a-flute-melody-315241.mp3'),
(27, 110, 'movie', 'movie', 'video', '/uploads/693035a3919fe-5532767-uhd_2160_4096_25fps.mp4');

-- --------------------------------------------------------

--
-- Table structure for table `ui_themes`
--

CREATE TABLE `ui_themes` (
  `id` bigint(20) NOT NULL,
  `name` varchar(255) NOT NULL,
  `is_default` tinyint(1) DEFAULT 0,
  `config` longtext CHARACTER SET utf8mb4 COLLATE utf8mb4_bin NOT NULL,
  `created_by` bigint(20) DEFAULT NULL,
  `created_at` timestamp NULL DEFAULT current_timestamp()
) ENGINE=InnoDB DEFAULT CHARSET=utf8mb4 COLLATE=utf8mb4_unicode_ci;

--
-- Dumping data for table `ui_themes`
--

INSERT INTO `ui_themes` (`id`, `name`, `is_default`, `config`, `created_by`, `created_at`) VALUES
(1, 'Default Theme', 1, '{\"logo_url\": \"http://192.168.88.37/membersync/api/logo.php\", \"last_font\": {\"size\": \"12px\", \"type\": \"Montserrat\"}, \"default_font\": \"Arial\", \"primary_font\": {\"size\": \"16px\", \"type\": \"Roboto\"}, \"secondary_font\": {\"size\": \"14px\", \"type\": \"Open Sans\"}, \"primary_gradient\": [\"#4e54c8\", \"#8f94fb\"], \"secondary_gradient\": [\"#ff7e5f\", \"#feb47b\"]}', NULL, '2025-09-11 07:51:44');

-- --------------------------------------------------------

--
-- Table structure for table `update_release`
--

CREATE TABLE `update_release` (
  `id` int(11) NOT NULL,
  `platform` enum('android','ios','all') NOT NULL,
  `version_name` varchar(100) NOT NULL COMMENT 'e.g., 1.0.2',
  `version_code` int(11) NOT NULL COMMENT 'e.g., 10002. Used for comparison.',
  `release_notes` text DEFAULT NULL,
  `is_force_update` tinyint(1) NOT NULL DEFAULT 1 COMMENT '1 = Force, 0 = Optional',
  `created_at` timestamp NULL DEFAULT current_timestamp()
) ENGINE=InnoDB DEFAULT CHARSET=utf8mb4 COLLATE=utf8mb4_unicode_ci;

--
-- Dumping data for table `update_release`
--

INSERT INTO `update_release` (`id`, `platform`, `version_name`, `version_code`, `release_notes`, `is_force_update`, `created_at`) VALUES
(2, 'all', '2.0.2', 202, 'We have updated the graceful error handling', 1, '2025-12-19 13:34:27');

-- --------------------------------------------------------

--
-- Table structure for table `users`
--

CREATE TABLE `users` (
  `id` bigint(20) NOT NULL,
  `full_name` varchar(255) NOT NULL,
  `email` varchar(255) DEFAULT NULL,
  `phone` varchar(50) DEFAULT NULL,
  `password_hash` varchar(255) NOT NULL,
  `remember_token_hash` varchar(255) DEFAULT NULL,
  `gender` enum('male','female') DEFAULT NULL,
  `is_employed` tinyint(1) DEFAULT 0,
  `company_id` bigint(20) DEFAULT NULL,
  `position` varchar(255) DEFAULT NULL,
  `role` enum('admin','user') DEFAULT 'user',
  `is_active` tinyint(1) DEFAULT 1,
  `last_login` timestamp NULL DEFAULT NULL,
  `created_at` timestamp NULL DEFAULT current_timestamp(),
  `updated_at` timestamp NULL DEFAULT current_timestamp() ON UPDATE current_timestamp()
) ENGINE=InnoDB DEFAULT CHARSET=utf8mb4 COLLATE=utf8mb4_unicode_ci;

--
-- Dumping data for table `users`
--

INSERT INTO `users` (`id`, `full_name`, `email`, `phone`, `password_hash`, `remember_token_hash`, `gender`, `is_employed`, `company_id`, `position`, `role`, `is_active`, `last_login`, `created_at`, `updated_at`) VALUES
(135, 'Christian', 'admin@hallmark.mw', '0', '$2y$10$DG7kKLl3B/NOIsyL3ya5POxlUHfPRu3YZN3T7YTQmY77qGyh8wOd6', '83ec6c5d98c9098f0dcc852d40121c4fd1a3c2a7286aee553ee7fc1ca6ffe71d', 'male', 1, 103, 'Software Engineer', 'admin', 1, '2026-01-05 07:26:05', '2025-10-03 08:59:16', '2026-01-05 07:26:05'),
(463, 'Pledge Nkhanie', 'pledgenkhanie@gmail.com', '0882810360', '$2y$10$J3qiJuavSeIJPsQfzO4CluYJf13UHMkH5qwep9IGsw/Dgl7hZWgqO', NULL, 'male', 1, 103, 'ICT Business Manager', 'user', 1, NULL, '2025-12-18 08:23:45', '2025-12-18 08:23:45'),
(464, 'Christian Baluti', 'crisnickchristian@gmail.com', '0990411173', '$2y$10$pPbNQAI4YO5nc9GRRwK6pulJUEFyvAG3z1XvlR/RG2uKdPVEqR45q', 'fc163ffdbcfc3ffa685837362acb301ce6628bd9487b8329cda7d2ddb913dc3d', 'male', 1, 222, 'Data Engineer', 'user', 1, '2026-01-02 14:59:58', '2026-01-02 14:07:41', '2026-01-02 14:59:58');

-- --------------------------------------------------------

--
-- Table structure for table `user_logs`
--

CREATE TABLE `user_logs` (
  `id` bigint(20) NOT NULL,
  `user_id` bigint(20) NOT NULL,
  `action` varchar(255) NOT NULL,
  `ip_address` varchar(100) DEFAULT NULL,
  `meta` longtext CHARACTER SET utf8mb4 COLLATE utf8mb4_bin DEFAULT NULL,
  `created_at` timestamp NULL DEFAULT current_timestamp()
) ENGINE=InnoDB DEFAULT CHARSET=utf8mb4 COLLATE=utf8mb4_unicode_ci;

-- --------------------------------------------------------

--
-- Table structure for table `user_roles`
--

CREATE TABLE `user_roles` (
  `user_id` bigint(20) NOT NULL,
  `role_id` bigint(20) NOT NULL
) ENGINE=InnoDB DEFAULT CHARSET=utf8mb4 COLLATE=utf8mb4_unicode_ci;

--
-- Dumping data for table `user_roles`
--

INSERT INTO `user_roles` (`user_id`, `role_id`) VALUES
(135, 1),
(145, 1),
(211, 1),
(450, 1),
(450, 2);

-- --------------------------------------------------------

--
-- Table structure for table `votes`
--

CREATE TABLE `votes` (
  `id` bigint(20) NOT NULL,
  `candidate_id` bigint(20) NOT NULL,
  `user_id` bigint(20) NOT NULL,
  `seat_id` bigint(20) NOT NULL,
  `voted_at` timestamp NULL DEFAULT current_timestamp()
) ENGINE=InnoDB DEFAULT CHARSET=utf8mb4 COLLATE=utf8mb4_unicode_ci;

--
-- Dumping data for table `votes`
--

INSERT INTO `votes` (`id`, `candidate_id`, `user_id`, `seat_id`, `voted_at`) VALUES
(12, 120, 135, 113, '2025-12-04 14:05:25'),
(13, 121, 135, 114, '2025-12-05 12:21:57'),
(14, 124, 135, 119, '2025-12-05 12:21:59'),
(15, 133, 135, 120, '2025-12-15 09:00:09'),
(16, 130, 135, 121, '2025-12-15 09:00:10'),
(17, 131, 135, 122, '2025-12-15 09:00:10'),
(18, 123, 135, 115, '2025-12-31 19:47:07'),
(19, 126, 135, 117, '2025-12-31 19:47:08'),
(20, 127, 135, 118, '2025-12-31 19:47:09');

--
-- Indexes for dumped tables
--

--
-- Indexes for table `active_ui_setting`
--
ALTER TABLE `active_ui_setting`
  ADD PRIMARY KEY (`id`),
  ADD KEY `fk_active_theme` (`theme_id`);

--
-- Indexes for table `ads`
--
ALTER TABLE `ads`
  ADD PRIMARY KEY (`id`),
  ADD KEY `fk_ads_created_by` (`created_by`);

--
-- Indexes for table `ad_pages`
--
ALTER TABLE `ad_pages`
  ADD PRIMARY KEY (`id`),
  ADD UNIQUE KEY `code` (`code`);

--
-- Indexes for table `ad_placements`
--
ALTER TABLE `ad_placements`
  ADD PRIMARY KEY (`id`),
  ADD KEY `fk_adplace_ad` (`ad_id`),
  ADD KEY `fk_adplace_page` (`page_id`);

--
-- Indexes for table `attending_as_types`
--
ALTER TABLE `attending_as_types`
  ADD PRIMARY KEY (`id`),
  ADD UNIQUE KEY `name` (`name`);

--
-- Indexes for table `audit_logs`
--
ALTER TABLE `audit_logs`
  ADD PRIMARY KEY (`id`),
  ADD KEY `actor_type` (`actor_type`,`actor_id`);

--
-- Indexes for table `awards`
--
ALTER TABLE `awards`
  ADD PRIMARY KEY (`id`),
  ADD KEY `fk_award_schedule` (`schedule_id`);

--
-- Indexes for table `card_designs`
--
ALTER TABLE `card_designs`
  ADD PRIMARY KEY (`id`);

--
-- Indexes for table `communications`
--
ALTER TABLE `communications`
  ADD PRIMARY KEY (`id`),
  ADD KEY `fk_communications_admin` (`admin_id`);

--
-- Indexes for table `communication_logs`
--
ALTER TABLE `communication_logs`
  ADD PRIMARY KEY (`id`),
  ADD KEY `fk_comlogs_comm` (`communication_id`),
  ADD KEY `fk_comlogs_user` (`recipient_user_id`),
  ADD KEY `fk_comlogs_company` (`recipient_company_id`);

--
-- Indexes for table `companies`
--
ALTER TABLE `companies`
  ADD PRIMARY KEY (`id`),
  ADD UNIQUE KEY `email` (`email`),
  ADD UNIQUE KEY `phone` (`phone`);

--
-- Indexes for table `company_logs`
--
ALTER TABLE `company_logs`
  ADD PRIMARY KEY (`id`),
  ADD KEY `company_id` (`company_id`);

--
-- Indexes for table `election_candidates`
--
ALTER TABLE `election_candidates`
  ADD PRIMARY KEY (`id`),
  ADD KEY `fk_candidate_seat` (`seat_id`);

--
-- Indexes for table `election_nominations`
--
ALTER TABLE `election_nominations`
  ADD PRIMARY KEY (`id`),
  ADD UNIQUE KEY `user_seat_unique` (`nominated_by_user_id`,`seat_id`),
  ADD KEY `fk_enom_seat` (`seat_id`),
  ADD KEY `fk_enom_by_user` (`nominated_by_user_id`),
  ADD KEY `fk_enom_nom_user` (`nominee_user_id`),
  ADD KEY `fk_enom_nom_comp` (`nominee_company_id`);

--
-- Indexes for table `election_seats`
--
ALTER TABLE `election_seats`
  ADD PRIMARY KEY (`id`),
  ADD KEY `fk_seat_schedule` (`schedule_id`);

--
-- Indexes for table `events`
--
ALTER TABLE `events`
  ADD PRIMARY KEY (`id`),
  ADD KEY `fk_events_created_by` (`created_by`),
  ADD KEY `idx_events_start` (`start_datetime`);

--
-- Indexes for table `event_attendance`
--
ALTER TABLE `event_attendance`
  ADD PRIMARY KEY (`id`),
  ADD KEY `fk_attendance_ticket` (`ticket_id`);

--
-- Indexes for table `event_schedules`
--
ALTER TABLE `event_schedules`
  ADD PRIMARY KEY (`id`),
  ADD KEY `fk_schedule_event` (`event_id`);

--
-- Indexes for table `event_tickets`
--
ALTER TABLE `event_tickets`
  ADD PRIMARY KEY (`id`),
  ADD UNIQUE KEY `ticket_code` (`ticket_code`),
  ADD KEY `fk_ticket_tickettype` (`ticket_type_id`),
  ADD KEY `fk_ticket_attending_as` (`attending_as_id`),
  ADD KEY `event_id` (`event_id`),
  ADD KEY `user_id` (`user_id`),
  ADD KEY `company_id` (`company_id`),
  ADD KEY `idx_tickets_balance` (`balance_due`);

--
-- Indexes for table `event_ticket_types`
--
ALTER TABLE `event_ticket_types`
  ADD PRIMARY KEY (`id`),
  ADD KEY `fk_tickettype_event` (`event_id`),
  ADD KEY `fk_tickettype_membertype` (`member_type_id`);

--
-- Indexes for table `event_youtube_streams`
--
ALTER TABLE `event_youtube_streams`
  ADD PRIMARY KEY (`id`),
  ADD KEY `fk_stream_event` (`event_id`);

--
-- Indexes for table `invoices`
--
ALTER TABLE `invoices`
  ADD PRIMARY KEY (`id`),
  ADD KEY `fk_invoices_user` (`user_id`),
  ADD KEY `fk_invoices_company` (`company_id`),
  ADD KEY `related_type` (`related_type`,`related_id`);

--
-- Indexes for table `invoice_access_tokens`
--
ALTER TABLE `invoice_access_tokens`
  ADD PRIMARY KEY (`id`),
  ADD UNIQUE KEY `token` (`token`),
  ADD KEY `fk_inv_token_user` (`user_id`),
  ADD KEY `fk_inv_token_comp` (`company_id`);

--
-- Indexes for table `magazines`
--
ALTER TABLE `magazines`
  ADD PRIMARY KEY (`id`);

--
-- Indexes for table `marketplace_orders`
--
ALTER TABLE `marketplace_orders`
  ADD PRIMARY KEY (`id`),
  ADD KEY `fk_market_order_user` (`user_id`),
  ADD KEY `fk_market_order_company` (`company_id`),
  ADD KEY `idx_marketplace_order_status` (`status`);

--
-- Indexes for table `marketplace_order_items`
--
ALTER TABLE `marketplace_order_items`
  ADD PRIMARY KEY (`id`),
  ADD KEY `fk_moi_order` (`order_id`),
  ADD KEY `fk_moi_variant` (`variant_id`);

--
-- Indexes for table `meal_cards`
--
ALTER TABLE `meal_cards`
  ADD PRIMARY KEY (`id`),
  ADD UNIQUE KEY `uq_ticket_schedule` (`ticket_id`,`schedule_id`),
  ADD KEY `fk_meal_schedule` (`schedule_id`);

--
-- Indexes for table `membership_subscriptions`
--
ALTER TABLE `membership_subscriptions`
  ADD PRIMARY KEY (`id`),
  ADD KEY `user_id` (`user_id`),
  ADD KEY `company_id` (`company_id`),
  ADD KEY `membership_type_id` (`membership_type_id`),
  ADD KEY `idx_membership_balance` (`balance_due`);

--
-- Indexes for table `membership_types`
--
ALTER TABLE `membership_types`
  ADD PRIMARY KEY (`id`),
  ADD UNIQUE KEY `name` (`name`);

--
-- Indexes for table `merchandise`
--
ALTER TABLE `merchandise`
  ADD PRIMARY KEY (`id`),
  ADD KEY `fk_merch_event` (`event_id`);

--
-- Indexes for table `merchandise_distribution`
--
ALTER TABLE `merchandise_distribution`
  ADD PRIMARY KEY (`id`),
  ADD KEY `fk_merchdist_merch` (`merch_id`),
  ADD KEY `fk_merchdist_ticket` (`ticket_id`);

--
-- Indexes for table `nametags`
--
ALTER TABLE `nametags`
  ADD PRIMARY KEY (`id`),
  ADD KEY `fk_nametag_ticket` (`ticket_id`);

--
-- Indexes for table `news`
--
ALTER TABLE `news`
  ADD PRIMARY KEY (`id`),
  ADD KEY `fk_news_created_by` (`created_by`);

--
-- Indexes for table `news_views`
--
ALTER TABLE `news_views`
  ADD PRIMARY KEY (`id`),
  ADD UNIQUE KEY `news_id` (`news_id`,`user_id`),
  ADD KEY `fk_newsviews_user` (`user_id`);

--
-- Indexes for table `nominations`
--
ALTER TABLE `nominations`
  ADD PRIMARY KEY (`id`),
  ADD KEY `fk_nom_award` (`award_id`),
  ADD KEY `fk_nom_user` (`nominee_user_id`),
  ADD KEY `fk_nom_company` (`nominee_company_id`),
  ADD KEY `fk_nom_by_user` (`nominated_by`);

--
-- Indexes for table `otp_verifications`
--
ALTER TABLE `otp_verifications`
  ADD PRIMARY KEY (`id`),
  ADD KEY `target_type` (`target_type`,`target_id`);

--
-- Indexes for table `password_resets`
--
ALTER TABLE `password_resets`
  ADD PRIMARY KEY (`id`),
  ADD UNIQUE KEY `token` (`token`),
  ADD KEY `target_type` (`target_type`,`target_id`);

--
-- Indexes for table `payments`
--
ALTER TABLE `payments`
  ADD PRIMARY KEY (`id`),
  ADD KEY `fk_payments_user` (`user_id`),
  ADD KEY `fk_payments_company` (`company_id`),
  ADD KEY `payment_type` (`payment_type`,`reference_id`),
  ADD KEY `idx_payments_gateway` (`gateway_id`);

--
-- Indexes for table `payment_gateways`
--
ALTER TABLE `payment_gateways`
  ADD PRIMARY KEY (`id`),
  ADD UNIQUE KEY `name` (`name`);

--
-- Indexes for table `permissions`
--
ALTER TABLE `permissions`
  ADD PRIMARY KEY (`id`),
  ADD UNIQUE KEY `uq_permissions_name` (`name`);

--
-- Indexes for table `products`
--
ALTER TABLE `products`
  ADD PRIMARY KEY (`id`),
  ADD UNIQUE KEY `sku` (`sku`);

--
-- Indexes for table `product_images`
--
ALTER TABLE `product_images`
  ADD PRIMARY KEY (`id`),
  ADD KEY `fk_pimg_product` (`product_id`);

--
-- Indexes for table `product_inventory`
--
ALTER TABLE `product_inventory`
  ADD PRIMARY KEY (`id`),
  ADD KEY `fk_inventory_variant` (`variant_id`);

--
-- Indexes for table `product_variants`
--
ALTER TABLE `product_variants`
  ADD PRIMARY KEY (`id`),
  ADD UNIQUE KEY `variant_sku` (`variant_sku`),
  ADD KEY `fk_variant_product` (`product_id`);

--
-- Indexes for table `quotations`
--
ALTER TABLE `quotations`
  ADD PRIMARY KEY (`id`),
  ADD KEY `fk_quot_admin` (`admin_id`),
  ADD KEY `fk_quot_user` (`user_id`),
  ADD KEY `fk_quot_company` (`company_id`);

--
-- Indexes for table `receipts`
--
ALTER TABLE `receipts`
  ADD PRIMARY KEY (`id`),
  ADD UNIQUE KEY `receipt_number` (`receipt_number`),
  ADD KEY `fk_receipts_payment` (`payment_id`);

--
-- Indexes for table `roles`
--
ALTER TABLE `roles`
  ADD PRIMARY KEY (`id`),
  ADD UNIQUE KEY `uq_roles_name` (`name`);

--
-- Indexes for table `role_permissions`
--
ALTER TABLE `role_permissions`
  ADD PRIMARY KEY (`role_id`,`permission_id`),
  ADD KEY `fk_rp_role` (`role_id`),
  ADD KEY `fk_rp_permission` (`permission_id`);

--
-- Indexes for table `schedule_facilitators`
--
ALTER TABLE `schedule_facilitators`
  ADD PRIMARY KEY (`id`),
  ADD KEY `fk_schedfac_schedule` (`schedule_id`),
  ADD KEY `fk_schedfac_user` (`user_id`);

--
-- Indexes for table `system_settings`
--
ALTER TABLE `system_settings`
  ADD PRIMARY KEY (`id`),
  ADD UNIQUE KEY `setting_key` (`setting_key`);

--
-- Indexes for table `training_materials`
--
ALTER TABLE `training_materials`
  ADD PRIMARY KEY (`id`),
  ADD KEY `fk_training_schedule` (`schedule_id`);

--
-- Indexes for table `ui_themes`
--
ALTER TABLE `ui_themes`
  ADD PRIMARY KEY (`id`),
  ADD KEY `fk_uith_created_by` (`created_by`);

--
-- Indexes for table `update_release`
--
ALTER TABLE `update_release`
  ADD PRIMARY KEY (`id`),
  ADD KEY `idx_platform_vcode` (`platform`,`version_code`);

--
-- Indexes for table `users`
--
ALTER TABLE `users`
  ADD PRIMARY KEY (`id`),
  ADD UNIQUE KEY `phone` (`phone`),
  ADD UNIQUE KEY `email` (`email`),
  ADD KEY `company_id` (`company_id`),
  ADD KEY `idx_remember_token` (`remember_token_hash`);

--
-- Indexes for table `user_logs`
--
ALTER TABLE `user_logs`
  ADD PRIMARY KEY (`id`),
  ADD KEY `user_id` (`user_id`);

--
-- Indexes for table `user_roles`
--
ALTER TABLE `user_roles`
  ADD PRIMARY KEY (`user_id`,`role_id`),
  ADD KEY `fk_ur_user` (`user_id`),
  ADD KEY `fk_ur_role` (`role_id`);

--
-- Indexes for table `votes`
--
ALTER TABLE `votes`
  ADD PRIMARY KEY (`id`),
  ADD UNIQUE KEY `user_id_seat_id_unique` (`user_id`,`seat_id`),
  ADD KEY `fk_vote_candidate` (`candidate_id`);

--
-- AUTO_INCREMENT for dumped tables
--

--
-- AUTO_INCREMENT for table `ads`
--
ALTER TABLE `ads`
  MODIFY `id` bigint(20) NOT NULL AUTO_INCREMENT, AUTO_INCREMENT=6;

--
-- AUTO_INCREMENT for table `ad_pages`
--
ALTER TABLE `ad_pages`
  MODIFY `id` bigint(20) NOT NULL AUTO_INCREMENT, AUTO_INCREMENT=7;

--
-- AUTO_INCREMENT for table `ad_placements`
--
ALTER TABLE `ad_placements`
  MODIFY `id` bigint(20) NOT NULL AUTO_INCREMENT, AUTO_INCREMENT=14;

--
-- AUTO_INCREMENT for table `attending_as_types`
--
ALTER TABLE `attending_as_types`
  MODIFY `id` bigint(20) NOT NULL AUTO_INCREMENT, AUTO_INCREMENT=11;

--
-- AUTO_INCREMENT for table `audit_logs`
--
ALTER TABLE `audit_logs`
  MODIFY `id` bigint(20) NOT NULL AUTO_INCREMENT;

--
-- AUTO_INCREMENT for table `awards`
--
ALTER TABLE `awards`
  MODIFY `id` bigint(20) NOT NULL AUTO_INCREMENT, AUTO_INCREMENT=7;

--
-- AUTO_INCREMENT for table `card_designs`
--
ALTER TABLE `card_designs`
  MODIFY `id` bigint(20) NOT NULL AUTO_INCREMENT, AUTO_INCREMENT=2;

--
-- AUTO_INCREMENT for table `communications`
--
ALTER TABLE `communications`
  MODIFY `id` bigint(20) NOT NULL AUTO_INCREMENT, AUTO_INCREMENT=11;

--
-- AUTO_INCREMENT for table `communication_logs`
--
ALTER TABLE `communication_logs`
  MODIFY `id` bigint(20) NOT NULL AUTO_INCREMENT, AUTO_INCREMENT=24;

--
-- AUTO_INCREMENT for table `companies`
--
ALTER TABLE `companies`
  MODIFY `id` bigint(20) NOT NULL AUTO_INCREMENT, AUTO_INCREMENT=263;

--
-- AUTO_INCREMENT for table `company_logs`
--
ALTER TABLE `company_logs`
  MODIFY `id` bigint(20) NOT NULL AUTO_INCREMENT;

--
-- AUTO_INCREMENT for table `election_candidates`
--
ALTER TABLE `election_candidates`
  MODIFY `id` bigint(20) NOT NULL AUTO_INCREMENT, AUTO_INCREMENT=135;

--
-- AUTO_INCREMENT for table `election_nominations`
--
ALTER TABLE `election_nominations`
  MODIFY `id` bigint(20) NOT NULL AUTO_INCREMENT, AUTO_INCREMENT=29;

--
-- AUTO_INCREMENT for table `election_seats`
--
ALTER TABLE `election_seats`
  MODIFY `id` bigint(20) NOT NULL AUTO_INCREMENT, AUTO_INCREMENT=126;

--
-- AUTO_INCREMENT for table `events`
--
ALTER TABLE `events`
  MODIFY `id` bigint(20) NOT NULL AUTO_INCREMENT, AUTO_INCREMENT=108;

--
-- AUTO_INCREMENT for table `event_attendance`
--
ALTER TABLE `event_attendance`
  MODIFY `id` bigint(20) NOT NULL AUTO_INCREMENT, AUTO_INCREMENT=210;

--
-- AUTO_INCREMENT for table `event_schedules`
--
ALTER TABLE `event_schedules`
  MODIFY `id` bigint(20) NOT NULL AUTO_INCREMENT, AUTO_INCREMENT=144;

--
-- AUTO_INCREMENT for table `event_tickets`
--
ALTER TABLE `event_tickets`
  MODIFY `id` bigint(20) NOT NULL AUTO_INCREMENT, AUTO_INCREMENT=346;

--
-- AUTO_INCREMENT for table `event_ticket_types`
--
ALTER TABLE `event_ticket_types`
  MODIFY `id` bigint(20) NOT NULL AUTO_INCREMENT, AUTO_INCREMENT=18;

--
-- AUTO_INCREMENT for table `event_youtube_streams`
--
ALTER TABLE `event_youtube_streams`
  MODIFY `id` bigint(20) NOT NULL AUTO_INCREMENT, AUTO_INCREMENT=4;

--
-- AUTO_INCREMENT for table `invoices`
--
ALTER TABLE `invoices`
  MODIFY `id` bigint(20) NOT NULL AUTO_INCREMENT, AUTO_INCREMENT=133;

--
-- AUTO_INCREMENT for table `invoice_access_tokens`
--
ALTER TABLE `invoice_access_tokens`
  MODIFY `id` bigint(20) NOT NULL AUTO_INCREMENT, AUTO_INCREMENT=8;

--
-- AUTO_INCREMENT for table `magazines`
--
ALTER TABLE `magazines`
  MODIFY `id` bigint(20) NOT NULL AUTO_INCREMENT, AUTO_INCREMENT=5;

--
-- AUTO_INCREMENT for table `marketplace_orders`
--
ALTER TABLE `marketplace_orders`
  MODIFY `id` bigint(20) NOT NULL AUTO_INCREMENT, AUTO_INCREMENT=19;

--
-- AUTO_INCREMENT for table `marketplace_order_items`
--
ALTER TABLE `marketplace_order_items`
  MODIFY `id` bigint(20) NOT NULL AUTO_INCREMENT, AUTO_INCREMENT=17;

--
-- AUTO_INCREMENT for table `meal_cards`
--
ALTER TABLE `meal_cards`
  MODIFY `id` bigint(20) NOT NULL AUTO_INCREMENT, AUTO_INCREMENT=1638;

--
-- AUTO_INCREMENT for table `membership_subscriptions`
--
ALTER TABLE `membership_subscriptions`
  MODIFY `id` bigint(20) NOT NULL AUTO_INCREMENT, AUTO_INCREMENT=109;

--
-- AUTO_INCREMENT for table `membership_types`
--
ALTER TABLE `membership_types`
  MODIFY `id` bigint(20) NOT NULL AUTO_INCREMENT, AUTO_INCREMENT=11;

--
-- AUTO_INCREMENT for table `merchandise`
--
ALTER TABLE `merchandise`
  MODIFY `id` bigint(20) NOT NULL AUTO_INCREMENT, AUTO_INCREMENT=12;

--
-- AUTO_INCREMENT for table `merchandise_distribution`
--
ALTER TABLE `merchandise_distribution`
  MODIFY `id` bigint(20) NOT NULL AUTO_INCREMENT, AUTO_INCREMENT=860;

--
-- AUTO_INCREMENT for table `nametags`
--
ALTER TABLE `nametags`
  MODIFY `id` bigint(20) NOT NULL AUTO_INCREMENT;

--
-- AUTO_INCREMENT for table `news`
--
ALTER TABLE `news`
  MODIFY `id` bigint(20) NOT NULL AUTO_INCREMENT, AUTO_INCREMENT=4;

--
-- AUTO_INCREMENT for table `news_views`
--
ALTER TABLE `news_views`
  MODIFY `id` bigint(20) NOT NULL AUTO_INCREMENT;

--
-- AUTO_INCREMENT for table `nominations`
--
ALTER TABLE `nominations`
  MODIFY `id` bigint(20) NOT NULL AUTO_INCREMENT, AUTO_INCREMENT=14;

--
-- AUTO_INCREMENT for table `otp_verifications`
--
ALTER TABLE `otp_verifications`
  MODIFY `id` bigint(20) NOT NULL AUTO_INCREMENT, AUTO_INCREMENT=7;

--
-- AUTO_INCREMENT for table `password_resets`
--
ALTER TABLE `password_resets`
  MODIFY `id` bigint(20) NOT NULL AUTO_INCREMENT;

--
-- AUTO_INCREMENT for table `payments`
--
ALTER TABLE `payments`
  MODIFY `id` bigint(20) NOT NULL AUTO_INCREMENT, AUTO_INCREMENT=179;

--
-- AUTO_INCREMENT for table `payment_gateways`
--
ALTER TABLE `payment_gateways`
  MODIFY `id` bigint(20) NOT NULL AUTO_INCREMENT, AUTO_INCREMENT=4;

--
-- AUTO_INCREMENT for table `permissions`
--
ALTER TABLE `permissions`
  MODIFY `id` bigint(20) NOT NULL AUTO_INCREMENT, AUTO_INCREMENT=122;

--
-- AUTO_INCREMENT for table `products`
--
ALTER TABLE `products`
  MODIFY `id` bigint(20) NOT NULL AUTO_INCREMENT, AUTO_INCREMENT=8;

--
-- AUTO_INCREMENT for table `product_images`
--
ALTER TABLE `product_images`
  MODIFY `id` bigint(20) NOT NULL AUTO_INCREMENT, AUTO_INCREMENT=17;

--
-- AUTO_INCREMENT for table `product_inventory`
--
ALTER TABLE `product_inventory`
  MODIFY `id` bigint(20) NOT NULL AUTO_INCREMENT, AUTO_INCREMENT=13;

--
-- AUTO_INCREMENT for table `product_variants`
--
ALTER TABLE `product_variants`
  MODIFY `id` bigint(20) NOT NULL AUTO_INCREMENT, AUTO_INCREMENT=405;

--
-- AUTO_INCREMENT for table `quotations`
--
ALTER TABLE `quotations`
  MODIFY `id` bigint(20) NOT NULL AUTO_INCREMENT, AUTO_INCREMENT=5;

--
-- AUTO_INCREMENT for table `receipts`
--
ALTER TABLE `receipts`
  MODIFY `id` bigint(20) NOT NULL AUTO_INCREMENT, AUTO_INCREMENT=65;

--
-- AUTO_INCREMENT for table `roles`
--
ALTER TABLE `roles`
  MODIFY `id` bigint(20) NOT NULL AUTO_INCREMENT, AUTO_INCREMENT=3;

--
-- AUTO_INCREMENT for table `schedule_facilitators`
--
ALTER TABLE `schedule_facilitators`
  MODIFY `id` bigint(20) NOT NULL AUTO_INCREMENT, AUTO_INCREMENT=38;

--
-- AUTO_INCREMENT for table `system_settings`
--
ALTER TABLE `system_settings`
  MODIFY `id` int(11) NOT NULL AUTO_INCREMENT, AUTO_INCREMENT=10;

--
-- AUTO_INCREMENT for table `training_materials`
--
ALTER TABLE `training_materials`
  MODIFY `id` bigint(20) NOT NULL AUTO_INCREMENT, AUTO_INCREMENT=28;

--
-- AUTO_INCREMENT for table `ui_themes`
--
ALTER TABLE `ui_themes`
  MODIFY `id` bigint(20) NOT NULL AUTO_INCREMENT, AUTO_INCREMENT=2;

--
-- AUTO_INCREMENT for table `update_release`
--
ALTER TABLE `update_release`
  MODIFY `id` int(11) NOT NULL AUTO_INCREMENT, AUTO_INCREMENT=3;

--
-- AUTO_INCREMENT for table `users`
--
ALTER TABLE `users`
  MODIFY `id` bigint(20) NOT NULL AUTO_INCREMENT, AUTO_INCREMENT=465;

--
-- AUTO_INCREMENT for table `user_logs`
--
ALTER TABLE `user_logs`
  MODIFY `id` bigint(20) NOT NULL AUTO_INCREMENT;

--
-- AUTO_INCREMENT for table `votes`
--
ALTER TABLE `votes`
  MODIFY `id` bigint(20) NOT NULL AUTO_INCREMENT, AUTO_INCREMENT=21;

--
-- Constraints for dumped tables
--

--
-- Constraints for table `active_ui_setting`
--
ALTER TABLE `active_ui_setting`
  ADD CONSTRAINT `fk_active_theme` FOREIGN KEY (`theme_id`) REFERENCES `ui_themes` (`id`) ON DELETE SET NULL;

--
-- Constraints for table `ads`
--
ALTER TABLE `ads`
  ADD CONSTRAINT `fk_ads_created_by` FOREIGN KEY (`created_by`) REFERENCES `users` (`id`) ON DELETE CASCADE;

--
-- Constraints for table `ad_placements`
--
ALTER TABLE `ad_placements`
  ADD CONSTRAINT `fk_adplace_ad` FOREIGN KEY (`ad_id`) REFERENCES `ads` (`id`) ON DELETE CASCADE,
  ADD CONSTRAINT `fk_adplace_page` FOREIGN KEY (`page_id`) REFERENCES `ad_pages` (`id`) ON DELETE CASCADE;

--
-- Constraints for table `awards`
--
ALTER TABLE `awards`
  ADD CONSTRAINT `fk_award_schedule` FOREIGN KEY (`schedule_id`) REFERENCES `event_schedules` (`id`) ON DELETE CASCADE;

--
-- Constraints for table `communications`
--
ALTER TABLE `communications`
  ADD CONSTRAINT `fk_communications_admin` FOREIGN KEY (`admin_id`) REFERENCES `users` (`id`) ON DELETE CASCADE;

--
-- Constraints for table `communication_logs`
--
ALTER TABLE `communication_logs`
  ADD CONSTRAINT `fk_comlogs_comm` FOREIGN KEY (`communication_id`) REFERENCES `communications` (`id`) ON DELETE CASCADE,
  ADD CONSTRAINT `fk_comlogs_company` FOREIGN KEY (`recipient_company_id`) REFERENCES `companies` (`id`) ON DELETE SET NULL,
  ADD CONSTRAINT `fk_comlogs_user` FOREIGN KEY (`recipient_user_id`) REFERENCES `users` (`id`) ON DELETE SET NULL;

--
-- Constraints for table `company_logs`
--
ALTER TABLE `company_logs`
  ADD CONSTRAINT `company_logs_ibfk_1` FOREIGN KEY (`company_id`) REFERENCES `companies` (`id`) ON DELETE CASCADE;

--
-- Constraints for table `election_candidates`
--
ALTER TABLE `election_candidates`
  ADD CONSTRAINT `fk_candidate_seat` FOREIGN KEY (`seat_id`) REFERENCES `election_seats` (`id`) ON DELETE CASCADE;

--
-- Constraints for table `election_nominations`
--
ALTER TABLE `election_nominations`
  ADD CONSTRAINT `fk_enom_by_user` FOREIGN KEY (`nominated_by_user_id`) REFERENCES `users` (`id`) ON DELETE CASCADE,
  ADD CONSTRAINT `fk_enom_nom_comp` FOREIGN KEY (`nominee_company_id`) REFERENCES `companies` (`id`) ON DELETE SET NULL,
  ADD CONSTRAINT `fk_enom_nom_user` FOREIGN KEY (`nominee_user_id`) REFERENCES `users` (`id`) ON DELETE SET NULL,
  ADD CONSTRAINT `fk_enom_seat` FOREIGN KEY (`seat_id`) REFERENCES `election_seats` (`id`) ON DELETE CASCADE;

--
-- Constraints for table `election_seats`
--
ALTER TABLE `election_seats`
  ADD CONSTRAINT `fk_seat_schedule` FOREIGN KEY (`schedule_id`) REFERENCES `event_schedules` (`id`) ON DELETE CASCADE;

--
-- Constraints for table `events`
--
ALTER TABLE `events`
  ADD CONSTRAINT `fk_events_created_by` FOREIGN KEY (`created_by`) REFERENCES `users` (`id`) ON DELETE SET NULL;

--
-- Constraints for table `event_attendance`
--
ALTER TABLE `event_attendance`
  ADD CONSTRAINT `fk_attendance_ticket` FOREIGN KEY (`ticket_id`) REFERENCES `event_tickets` (`id`) ON DELETE CASCADE;

--
-- Constraints for table `event_schedules`
--
ALTER TABLE `event_schedules`
  ADD CONSTRAINT `fk_schedule_event` FOREIGN KEY (`event_id`) REFERENCES `events` (`id`) ON DELETE CASCADE;

--
-- Constraints for table `event_tickets`
--
ALTER TABLE `event_tickets`
  ADD CONSTRAINT `fk_ticket_attending_as` FOREIGN KEY (`attending_as_id`) REFERENCES `attending_as_types` (`id`) ON DELETE SET NULL,
  ADD CONSTRAINT `fk_ticket_company` FOREIGN KEY (`company_id`) REFERENCES `companies` (`id`) ON DELETE SET NULL,
  ADD CONSTRAINT `fk_ticket_event` FOREIGN KEY (`event_id`) REFERENCES `events` (`id`) ON DELETE CASCADE,
  ADD CONSTRAINT `fk_ticket_tickettype` FOREIGN KEY (`ticket_type_id`) REFERENCES `event_ticket_types` (`id`) ON DELETE CASCADE,
  ADD CONSTRAINT `fk_ticket_user` FOREIGN KEY (`user_id`) REFERENCES `users` (`id`) ON DELETE SET NULL;

--
-- Constraints for table `event_ticket_types`
--
ALTER TABLE `event_ticket_types`
  ADD CONSTRAINT `fk_tickettype_event` FOREIGN KEY (`event_id`) REFERENCES `events` (`id`) ON DELETE CASCADE,
  ADD CONSTRAINT `fk_tickettype_membertype` FOREIGN KEY (`member_type_id`) REFERENCES `membership_types` (`id`) ON DELETE SET NULL;

--
-- Constraints for table `event_youtube_streams`
--
ALTER TABLE `event_youtube_streams`
  ADD CONSTRAINT `fk_stream_event` FOREIGN KEY (`event_id`) REFERENCES `events` (`id`) ON DELETE CASCADE;

--
-- Constraints for table `invoices`
--
ALTER TABLE `invoices`
  ADD CONSTRAINT `fk_invoices_company` FOREIGN KEY (`company_id`) REFERENCES `companies` (`id`) ON DELETE SET NULL,
  ADD CONSTRAINT `fk_invoices_user` FOREIGN KEY (`user_id`) REFERENCES `users` (`id`) ON DELETE SET NULL;

--
-- Constraints for table `invoice_access_tokens`
--
ALTER TABLE `invoice_access_tokens`
  ADD CONSTRAINT `fk_inv_token_comp` FOREIGN KEY (`company_id`) REFERENCES `companies` (`id`) ON DELETE CASCADE,
  ADD CONSTRAINT `fk_inv_token_user` FOREIGN KEY (`user_id`) REFERENCES `users` (`id`) ON DELETE CASCADE;

--
-- Constraints for table `marketplace_orders`
--
ALTER TABLE `marketplace_orders`
  ADD CONSTRAINT `fk_market_order_company` FOREIGN KEY (`company_id`) REFERENCES `companies` (`id`) ON DELETE SET NULL,
  ADD CONSTRAINT `fk_market_order_user` FOREIGN KEY (`user_id`) REFERENCES `users` (`id`) ON DELETE SET NULL;

--
-- Constraints for table `marketplace_order_items`
--
ALTER TABLE `marketplace_order_items`
  ADD CONSTRAINT `fk_moi_order` FOREIGN KEY (`order_id`) REFERENCES `marketplace_orders` (`id`) ON DELETE CASCADE,
  ADD CONSTRAINT `fk_moi_variant` FOREIGN KEY (`variant_id`) REFERENCES `product_variants` (`id`);

--
-- Constraints for table `meal_cards`
--
ALTER TABLE `meal_cards`
  ADD CONSTRAINT `fk_meal_schedule` FOREIGN KEY (`schedule_id`) REFERENCES `event_schedules` (`id`) ON DELETE CASCADE,
  ADD CONSTRAINT `fk_meal_ticket` FOREIGN KEY (`ticket_id`) REFERENCES `event_tickets` (`id`) ON DELETE CASCADE;

--
-- Constraints for table `membership_subscriptions`
--
ALTER TABLE `membership_subscriptions`
  ADD CONSTRAINT `membership_subscriptions_ibfk_1` FOREIGN KEY (`user_id`) REFERENCES `users` (`id`) ON DELETE SET NULL,
  ADD CONSTRAINT `membership_subscriptions_ibfk_2` FOREIGN KEY (`company_id`) REFERENCES `companies` (`id`) ON DELETE SET NULL,
  ADD CONSTRAINT `membership_subscriptions_ibfk_3` FOREIGN KEY (`membership_type_id`) REFERENCES `membership_types` (`id`) ON DELETE CASCADE;

--
-- Constraints for table `merchandise`
--
ALTER TABLE `merchandise`
  ADD CONSTRAINT `fk_merch_event` FOREIGN KEY (`event_id`) REFERENCES `events` (`id`) ON DELETE CASCADE;

--
-- Constraints for table `merchandise_distribution`
--
ALTER TABLE `merchandise_distribution`
  ADD CONSTRAINT `fk_merchdist_merch` FOREIGN KEY (`merch_id`) REFERENCES `merchandise` (`id`) ON DELETE CASCADE,
  ADD CONSTRAINT `fk_merchdist_ticket` FOREIGN KEY (`ticket_id`) REFERENCES `event_tickets` (`id`) ON DELETE CASCADE;

--
-- Constraints for table `nametags`
--
ALTER TABLE `nametags`
  ADD CONSTRAINT `fk_nametag_ticket` FOREIGN KEY (`ticket_id`) REFERENCES `event_tickets` (`id`) ON DELETE CASCADE;

--
-- Constraints for table `news`
--
ALTER TABLE `news`
  ADD CONSTRAINT `fk_news_created_by` FOREIGN KEY (`created_by`) REFERENCES `users` (`id`) ON DELETE SET NULL;

--
-- Constraints for table `news_views`
--
ALTER TABLE `news_views`
  ADD CONSTRAINT `fk_newsviews_news` FOREIGN KEY (`news_id`) REFERENCES `news` (`id`) ON DELETE CASCADE,
  ADD CONSTRAINT `fk_newsviews_user` FOREIGN KEY (`user_id`) REFERENCES `users` (`id`) ON DELETE CASCADE;

--
-- Constraints for table `nominations`
--
ALTER TABLE `nominations`
  ADD CONSTRAINT `fk_nom_by_user` FOREIGN KEY (`nominated_by`) REFERENCES `users` (`id`) ON DELETE SET NULL,
  ADD CONSTRAINT `fk_nom_company` FOREIGN KEY (`nominee_company_id`) REFERENCES `companies` (`id`) ON DELETE SET NULL,
  ADD CONSTRAINT `fk_nom_user` FOREIGN KEY (`nominee_user_id`) REFERENCES `users` (`id`) ON DELETE SET NULL;

--
-- Constraints for table `payments`
--
ALTER TABLE `payments`
  ADD CONSTRAINT `fk_payments_company` FOREIGN KEY (`company_id`) REFERENCES `companies` (`id`) ON DELETE SET NULL,
  ADD CONSTRAINT `fk_payments_gateway` FOREIGN KEY (`gateway_id`) REFERENCES `payment_gateways` (`id`) ON DELETE SET NULL,
  ADD CONSTRAINT `fk_payments_user` FOREIGN KEY (`user_id`) REFERENCES `users` (`id`) ON DELETE SET NULL;

--
-- Constraints for table `product_images`
--
ALTER TABLE `product_images`
  ADD CONSTRAINT `fk_pimg_product` FOREIGN KEY (`product_id`) REFERENCES `products` (`id`) ON DELETE CASCADE;

--
-- Constraints for table `product_inventory`
--
ALTER TABLE `product_inventory`
  ADD CONSTRAINT `fk_inventory_variant` FOREIGN KEY (`variant_id`) REFERENCES `product_variants` (`id`) ON DELETE CASCADE;

--
-- Constraints for table `product_variants`
--
ALTER TABLE `product_variants`
  ADD CONSTRAINT `fk_variant_product` FOREIGN KEY (`product_id`) REFERENCES `products` (`id`) ON DELETE CASCADE;

--
-- Constraints for table `quotations`
--
ALTER TABLE `quotations`
  ADD CONSTRAINT `fk_quot_admin` FOREIGN KEY (`admin_id`) REFERENCES `users` (`id`) ON DELETE CASCADE,
  ADD CONSTRAINT `fk_quot_company` FOREIGN KEY (`company_id`) REFERENCES `companies` (`id`) ON DELETE SET NULL,
  ADD CONSTRAINT `fk_quot_user` FOREIGN KEY (`user_id`) REFERENCES `users` (`id`) ON DELETE SET NULL;

--
-- Constraints for table `receipts`
--
ALTER TABLE `receipts`
  ADD CONSTRAINT `fk_receipts_payment` FOREIGN KEY (`payment_id`) REFERENCES `payments` (`id`) ON DELETE CASCADE;

--
-- Constraints for table `role_permissions`
--
ALTER TABLE `role_permissions`
  ADD CONSTRAINT `fk_rp_permission` FOREIGN KEY (`permission_id`) REFERENCES `permissions` (`id`) ON DELETE CASCADE,
  ADD CONSTRAINT `fk_rp_role` FOREIGN KEY (`role_id`) REFERENCES `roles` (`id`) ON DELETE CASCADE;

--
-- Constraints for table `schedule_facilitators`
--
ALTER TABLE `schedule_facilitators`
  ADD CONSTRAINT `fk_schedfac_schedule` FOREIGN KEY (`schedule_id`) REFERENCES `event_schedules` (`id`) ON DELETE CASCADE,
  ADD CONSTRAINT `fk_schedfac_user` FOREIGN KEY (`user_id`) REFERENCES `users` (`id`) ON DELETE CASCADE;

--
-- Constraints for table `training_materials`
--
ALTER TABLE `training_materials`
  ADD CONSTRAINT `fk_training_schedule` FOREIGN KEY (`schedule_id`) REFERENCES `event_schedules` (`id`) ON DELETE CASCADE;

--
-- Constraints for table `ui_themes`
--
ALTER TABLE `ui_themes`
  ADD CONSTRAINT `fk_uith_created_by` FOREIGN KEY (`created_by`) REFERENCES `users` (`id`) ON DELETE SET NULL;

--
-- Constraints for table `users`
--
ALTER TABLE `users`
  ADD CONSTRAINT `users_ibfk_1` FOREIGN KEY (`company_id`) REFERENCES `companies` (`id`) ON DELETE SET NULL;

--
-- Constraints for table `user_logs`
--
ALTER TABLE `user_logs`
  ADD CONSTRAINT `user_logs_ibfk_1` FOREIGN KEY (`user_id`) REFERENCES `users` (`id`) ON DELETE CASCADE;

--
-- Constraints for table `user_roles`
--
ALTER TABLE `user_roles`
  ADD CONSTRAINT `fk_ur_role` FOREIGN KEY (`role_id`) REFERENCES `roles` (`id`) ON DELETE CASCADE,
  ADD CONSTRAINT `fk_ur_user` FOREIGN KEY (`user_id`) REFERENCES `users` (`id`) ON DELETE CASCADE;

--
-- Constraints for table `votes`
--
ALTER TABLE `votes`
  ADD CONSTRAINT `fk_vote_candidate` FOREIGN KEY (`candidate_id`) REFERENCES `election_candidates` (`id`) ON DELETE CASCADE,
  ADD CONSTRAINT `fk_vote_user` FOREIGN KEY (`user_id`) REFERENCES `users` (`id`) ON DELETE CASCADE;